tree
version=v4
num_class=1
num_tree_per_iteration=1
label_index=0
max_feature_idx=12
objective=binary sigmoid:1
feature_names=Column_0 Column_1 Column_2 Column_3 Column_4 Column_5 Column_6 Column_7 Column_8 Column_9 Column_10 Column_11 Column_12
feature_infos=[37.171875:1405.2265625] [0:42.552562713623047] [-1:1] [-1:1] [0:3420] [0.056479346007108688:1627.7733154296875] [0:231] [0.22587472200393677:653.322265625] [0:8] [-3.4028234663852886e+38:96.370536804199219] [-3.4028234663852886e+38:60.1875] [0:6] [0:99]
tree_sizes=1736 1799 1777 1772 1776 1820 1785 1783 1779 1799 1800 1808 1802 1796 1798 1803 1789 1783 1797 1808 1800 1811 1794 1793 1798 1799 1785 1797 1816 1800 1816 1796 1800 1787 1798 1805 1801 1802 1799 1790 1798 1807 1794 1805 1806 1812 1810 1803 1806 1814 1819 1809 1793 1805 1822 1806 1803 1803 1800 1804 1790 1806 1817 1818 1813 1820 1810 1794 1805 1812 1811 1793 1811 1803 1810 1811 1814 1790 1800 1807 1802 1798 1799 1804 1820 1813 1795 1809 1799 1791 1809 1828 1801 1809 1813 1797 1808 1811 1805 1799 1816 1806 1809 1795 1825 1819 1829 1817 1795 1811 1809 1804 1797 1815 1808 1817 1816 1809 1799 1824 1812 1826 1813 1812 1828 1811 1813 1823 1810 1812 1815 1812 1841 1810 1810 1811 1820 1813 1813 1818 1805 1808 1804 1817 1821 1805 1812 1821 1814 1819 1810 1804 1807 1837 1810 1803 1807 1816 1809 1823 1813 1809 1813 1817 1804 1810 1827 1812 1811 1806 1799 1823 1797 1806 1831 1819 1817 1798 1821 1796 1821 1792 1816 1812 1810 1810 1831 1809 1823 1788 1812 1809 1816 1814 1814 1797 1843 1791 1802 1821 1795 1806 1809 1796 1801 1801 1809 1805 1818 1805 1828 1801 1814 1801 1815 1800 1820 1823 1818 1820 1802 1810 1813 1816 1784 1785 1802 1797 1787 1797 1801 1801 1771 1792 1804 1789 1791 1822 1819 1813 1799 1808 1813 1807 1797 1827 1792 1814 1799 1828 1790 1806 1814 1797 1792 1810 1817 1805 1806 1801 1824 1805 1802 1811 1796 1816 1783 1814 1808 1803 1793 1810 1800 1803 1802 1814 1801 1806 1796 1788 1808 1797 1822 1808 1806 1781 1786 1795 1822 1794 1806 1808 1790 1801 1801 1821 1792 1803 1799 1786

Tree=0
num_leaves=15
num_cat=0
split_feature=6 12 12 12 12 11 12 12 12 11 12 1 1 12
split_gain=49875.8 20681.9 25254.1 52101.3 10208.2 9446.75 25440.5 7708.11 6373.59 4978.11 10422.6 3282.62 3088.33 4286.28
threshold=6.5000000000000009 1.5000000000000002 14.500000000000002 13.500000000000002 14.500000000000002 1.5000000000000002 5.5000000000000009 9.5000000000000018 1.0000000180025095e-35 2.5000000000000004 6.5000000000000009 16.820492744445804 23.579981803894047 2.5000000000000004
decision_type=2 2 2 2 2 2 2 2 2 2 2 2 2 2
left_child=1 -1 3 5 8 12 -7 9 -2 11 -11 -8 -3 -14
right_child=4 2 -4 -5 -6 6 7 -9 -10 10 -12 -13 13 -15
leaf_value=-2.5881881614420839 -2.6013847968415926 -2.548726776930442 -2.5642506707903632 -2.2048484113196749 -2.5917473346611919 -2.5335972422265369 -2.4869521107089261 -2.2419291910248114 -2.5474805048997919 -2.4783177326889922 -2.204577961109361 -2.4044384656154958 -2.5973681582314705 -2.4810621603259055
leaf_weight=11193.964749276638 2592.6338918209076 13055.292166113853 25885.688783884048 456.72009685635567 65115.312083780766 8187.6365521252155 1460.8312070667744 186.02715691924095 8275.469878077507 284.02301645278931 223.83970069885254 617.27492934465408 362.15574216842651 1341.7183946371078
leaf_count=169630 39288 197836 392264 6921 986738 124073 22137 2819 125404 4304 3392 9354 5488 20332
internal_value=-2.57087 -2.55119 -2.54324 -2.52246 -2.58726 -2.5281 -2.507 -2.42845 -2.56034 -2.44187 -2.35767 -2.46244 -2.54377 -2.50578
internal_weight=139239 63255.2 52061.2 26175.5 75983.4 25718.8 10959.6 2772 10868.1 2585.97 507.863 2078.11 14759.2 1703.87
internal_count=2109980 958550 788920 396656 1151430 389735 166079 42006 164692 39187 7696 31491 223656 25820
is_linear=0
shrinkage=1


Tree=1
num_leaves=15
num_cat=0
split_feature=6 8 8 8 10 8 2 1 6 7 5 2 10 10
split_gain=46751.6 6668.29 5469.22 8057.59 3992.82 3420.45 1760.13 1503.19 1108.9 940.737 705.56 682.392 661.967 621.272
threshold=8.5000000000000018 2.5000000000000004 2.5000000000000004 4.5000000000000009 -0.0083960001356899721 5.5000000000000009 -0.57415318489074696 15.125865936279299 33.500000000000007 110.85247039794923 83.241119384765639 -0.8108764886856078 -0.17676654458045957 0.39577938616275793
decision_type=2 2 2 2 2 2 2 2 2 2 2 2 2 2
left_child=2 -2 -1 4 7 8 -5 12 -3 11 -7 -6 -4 -11
right_child=1 5 3 6 9 10 -8 -9 -10 13 -12 -13 -14 -15
leaf_value=-0.015844011242705687 -0.025480085650186071 0.015398808511561564 -0.0035450237389481679 0.018850510816350804 0.039319031642780541 -0.017870046627856847 0.0018163438260720426 -0.0062985304920838018 -0.0081659477393217408 0.038406017552094669 -0.0071044487050942549 0.02425830917245704 0.023309516160931274 0.089599589021934087
leaf_weight=4153.3499917089939 39130.270289421082 6427.3559089079499 963.68622644245625 7745.312297642231 3701.8734905794263 12556.748739823699 18498.082099668682 2916.1163211539388 2494.88472083956 14910.328547395766 9720.3309607729316 10080.948049359024 5787.2276341095567 216.44748057425022
leaf_count=62725 603186 97947 14546 115433 54761 192957 277987 43747 38258 220731 148842 149634 86022 3204
internal_value=-2.03759e-05 -0.0172316 0.0175292 0.0196676 0.0283917 -0.00688626 0.0068437 0.011701 0.00880951 0.0339728 -0.0131726 0.0283034 0.0194761 0.0391385
internal_weight=139303 70329.6 68973.4 64820 38576.6 31199.3 26243.4 9667.03 8922.24 28909.6 22277.1 13782.8 6750.91 15126.8
internal_count=2109980 1081190 1028790 966065 572645 478004 393420 144315 136205 428330 341799 204395 100568 223935
is_linear=0
shrinkage=0.03


Tree=2
num_leaves=15
num_cat=0
split_feature=6 12 12 12 12 12 12 12 1 12 6 12 12 2
split_gain=43978.2 17664.7 23198.3 32115.6 8470.78 5134.69 4210.57 9803.85 3874.93 3432.2 2010.88 1820.19 1774.72 1715.65
threshold=8.5000000000000018 1.5000000000000002 14.500000000000002 13.500000000000002 14.500000000000002 1.0000000180025095e-35 5.5000000000000009 7.5000000000000009 23.159486770629886 6.5000000000000009 1.5000000000000002 1.5000000000000002 10.500000000000002 -0.76760262250900257
decision_type=2 2 2 2 2 2 2 2 2 2 2 2 2 2
left_child=1 -1 3 6 5 -2 -3 8 10 13 -8 -7 -9 -10
right_child=4 2 -4 -5 -6 11 7 12 9 -11 -12 -13 -14 -15
leaf_value=-0.016882369674115796 -0.030621478993611197 0.027155392315566438 0.0046917098117599332 0.25254680625638548 -0.021113891180536949 0.060741007711733977 0.077663141636500094 0.035527943375456984 0.24693522456032602 0.044078014873553499 0.033962588045841083 0.015983686523813191 0.0023520098541737638 0.13342656915360523
leaf_weight=11710.217742785811 2190.3412425667048 15354.428649052978 29339.470365226269 640.86671445518732 59939.362343676388 941.44405942410231 4543.8321569412947 4362.1117513105273 231.550029091537 215.53852672874928 1197.3926220536232 6225.222417473793 2174.6633686497808 248.4140797033906
leaf_count=177132 34279 221867 438973 7056 940029 14032 63626 61973 3101 2930 17302 92850 31468 3362
internal_value=-2.66162e-05 0.0167417 0.0234946 0.042538 -0.0169697 0.00957729 0.0377869 0.0503696 0.0766505 0.143527 0.0685489 0.0218632 0.0244909 0.188187
internal_weight=139315 70018.5 58308.3 28968.8 69296.4 9357.01 28327.9 12973.5 6436.73 695.503 5741.22 7166.67 6536.78 479.964
internal_count=2109980 1028790 851658 412685 1081190 141161 405629 183762 90321 9393 80928 106882 93441 6463
is_linear=0
shrinkage=0.03


Tree=3
num_leaves=15
num_cat=0
split_feature=6 12 12 12 12 11 12 12 12 12 7 1 12 5
split_gain=41360.2 16280.2 20501.1 23066 8167.87 7860.74 16611 4830.45 4537.15 3173.81 2829.24 2335.51 3087.45 2156.92
threshold=8.5000000000000018 1.5000000000000002 14.500000000000002 13.500000000000002 14.500000000000002 1.5000000000000002 5.5000000000000009 1.0000000180025095e-35 9.5000000000000018 8.5000000000000018 153.84512329101565 24.310859680175785 2.5000000000000004 506.19331359863287
decision_type=2 2 2 2 2 2 2 2 2 2 2 2 2 2
left_child=1 -1 3 5 7 11 -7 -2 9 10 -8 -3 -13 -14
right_child=4 2 -4 -5 -6 6 8 -9 -10 -11 -12 12 13 -15
leaf_value=-0.016618736761713462 -0.030512194890712364 0.018188764464784228 0.0045324450092035428 0.2008668586626669 -0.02086355192576517 0.032156132785775664 0.084800046832947021 0.02080464794756445 0.22973863620746587 -0.015581873273245259 0.14517665897614226 -0.026632902242676663 0.049839390572860298 0.13017601608289234
leaf_weight=11541.677389282733 2133.1054944656789 14987.931344024837 29457.480063661933 779.02984125167131 58855.307029999793 9049.0129789933562 1855.8338801339269 7302.2142196595669 261.46637482196093 201.2208708524704 1120.1100207939744 340.67632222920656 1007.5913375914097 428.77580337971449
leaf_count=177132 34279 212117 438973 7056 940029 126963 23382 106882 2896 2645 13746 5046 13378 5456
internal_value=-3.89937e-05 0.0159883 0.0223145 0.0397566 -0.0167094 0.0354661 0.0534851 0.00920311 0.109614 0.0997283 0.107525 0.0220443 0.054563 0.073821
internal_weight=139321 71030.8 59489.1 30031.6 68290.6 29252.6 12487.6 9435.32 3438.63 3177.16 2975.94 16765 1777.04 1436.37
internal_count=2109980 1028790 851658 412685 1081190 405629 169632 141161 42669 39773 37128 235997 23880 18834
is_linear=0
shrinkage=0.03


Tree=4
num_leaves=15
num_cat=0
split_feature=6 12 12 12 12 0 12 9 12 12 9 12 2 12
split_gain=38921.9 15031 18203.6 17641 7876.49 5297.25 4550.54 4346.08 3722.31 7065.97 2977.42 3908.54 2379.94 2318.31
threshold=8.5000000000000018 1.5000000000000002 14.500000000000002 13.500000000000002 14.500000000000002 752.83007812500011 1.0000000180025095e-35 0.53667581081390392 8.5000000000000018 5.5000000000000009 0.79453238844871532 3.5000000000000004 -0.10812770202755927 7.5000000000000009
decision_type=2 2 2 2 2 2 2 2 2 2 2 2 2 2
left_child=1 -1 3 5 6 -3 -2 -7 9 10 -9 -12 -13 -11
right_child=4 2 -4 -5 -6 7 -8 8 -10 13 11 12 -14 -15
leaf_value=-0.016356065209072929 -0.030403968048141796 0.020405280001919407 0.0043792053903948741 0.16808433270390061 -0.020612799997893654 0.022392593158509722 0.019820901819359926 0.034407699945913604 0.015572886500959424 0.11145042175501918 0.017327828683307962 0.08053784653129599 0.20796940901467997 0.046290819645904473
leaf_weight=11377.725094296038 2077.3204746320844 14623.118574097753 29571.851808123291 900.88428530097008 57800.196053944528 4955.2206222116947 7432.6475648880005 4736.3737680390477 1685.0929930880666 2652.379948861897 354.15488255023956 256.19983078539371 271.87718634307384 603.1805272847414
leaf_count=177132 34279 198351 438973 7056 940029 67006 106882 64761 23345 32100 4884 3519 3731 7932
internal_value=-5.0454e-05 0.0152835 0.0212229 0.0372707 -0.0164501 0.0333604 0.00884998 0.0455712 0.0564483 0.0642101 0.043833 0.094434 0.146145 0.0993778
internal_weight=139298 71988.1 60610.3 31038.5 67310.2 30137.6 9509.97 15514.5 10559.3 8874.17 5618.61 882.232 528.077 3255.56
internal_count=2109980 1028790 851658 412685 1081190 405629 141161 207278 140272 116927 76895 12134 7250 40032
is_linear=0
shrinkage=0.03


Tree=5
num_leaves=15
num_cat=0
split_feature=8 8 9 4 11 1 5 11 11 11 11 7 8 4
split_gain=36009.1 15379.8 5682.52 3533.11 3363.81 1170.03 1068.31 981.174 925.32 858.561 681.386 673.505 542.076 536.593
threshold=2.5000000000000004 5.5000000000000009 0.47110861539840704 1.0000000180025095e-35 1.0000000180025095e-35 15.280001640319826 471.55592346191412 1.0000000180025095e-35 1.0000000180025095e-35 1.0000000180025095e-35 1.0000000180025095e-35 103.59550857543947 4.5000000000000009 73.500000000000014
decision_type=2 2 2 2 2 2 2 2 2 2 2 2 2 2
left_child=7 2 5 8 6 10 13 -1 -3 -5 -2 -6 -8 -4
right_child=1 3 4 9 11 -7 12 -9 -10 -11 -12 -13 -14 -15
leaf_value=-0.025009429105525369 -0.0078950325319338387 -0.001451075657243792 0.0125501547372261 -0.01727402962203043 0.025533020102659721 -0.014202780405629715 0.032999936179892046 -0.0047211471058660002 0.010415945849776516 -0.00051064958553357677 0.013192364138774688 0.034614919771274004 -0.014940184272027979 -0.0038504199697921887
leaf_weight=38251.079202987254 1937.8498440980911 14290.470898035914 11313.693675227463 14498.510224826634 13458.434091906995 3538.020188678056 2878.2918232008815 2272.8237226121128 10088.228154476732 3393.2925763167441 4782.7482884861529 16189.198871269822 229.1799311041832 2134.108902297914
leaf_count=631839 29459 219543 169091 235536 182749 52199 41767 34072 142556 49685 67714 216095 3402 34273
internal_value=-5.96513e-05 0.00971378 0.0199587 -0.00397058 0.0244433 -0.000239151 0.0136108 -0.0238715 0.00345965 -0.0140947 0.00711192 0.0304922 0.0294643 0.00994745
internal_weight=139256 98732 56461.5 42270.5 46202.9 10258.6 16555.3 40523.9 24378.7 17891.8 6720.6 29647.6 3107.47 13447.8
internal_count=2109980 1444069 796749 647320 647377 149372 248533 665911 362099 285221 97173 398844 45169 203364
is_linear=0
shrinkage=0.03


Tree=6
num_leaves=15
num_cat=0
split_feature=8 8 12 12 12 11 12 0 12 11 4 9 0 0
split_gain=34315.2 14154.8 17319.4 10246.2 12323.5 5700.25 11937.5 4044.27 5924.14 3733.77 3367.74 2517.25 2315.75 2507.75
threshold=2.5000000000000004 5.5000000000000009 1.5000000000000002 14.500000000000002 13.500000000000002 1.5000000000000002 5.5000000000000009 729.54101562500011 9.5000000000000018 2.5000000000000004 1.0000000180025095e-35 0.78145918250083934 1196.7246093750002 800.01171875000011
decision_type=2 2 2 2 2 2 2 2 2 2 2 2 2 2
left_child=-1 2 -2 4 5 12 11 8 9 -8 -3 -7 13 -4
right_child=1 10 3 -5 -6 6 7 -9 -10 -11 -12 -13 -14 -15
leaf_value=-0.023649941870115883 -0.017054237964702901 0.0033455211676682996 0.015828616094996157 0.0098831648402813339 0.14902574975375993 0.025174497385292791 -0.0056940189163591625 0.12173020729491515 0.20777444944855408 0.12921987705710355 -0.013843328619432401 0.073400674961867363 -0.024454530012771553 0.042446463454741817
leaf_weight=39689.656853742898 9905.2038643024862 24449.812948353589 9082.8115250766277 19535.086492285132 874.73962982743979 7669.7548907622695 797.42849914729595 2195.1429735794663 189.93798393011093 240.23860707134008 17674.301985520869 1115.8121428191662 901.06630927324295 4906.234893321991
leaf_count=665911 152816 362099 120570 291242 6221 100363 9499 22670 1737 2483 285221 14139 11796 63213
internal_value=-6.37719e-05 0.00934099 0.0190313 0.0265549 0.0381977 0.0346201 0.0498157 0.0973436 0.0537366 0.025541 -0.00386652 0.0312995 0.0221614 0.025164
internal_weight=139227 99537.6 57413.5 47508.3 27973.2 27098.4 12208.3 3422.75 1227.61 1037.67 42124.1 8785.57 14890.1 13989
internal_count=2109980 1444069 796749 643933 352691 346470 150891 36389 13719 11982 647320 114502 195579 183783
is_linear=0
shrinkage=0.03


Tree=7
num_leaves=15
num_cat=0
split_feature=6 12 12 12 12 12 11 12 12 12 12 5 12 12
split_gain=33210.9 13267 12172.8 12701 6550.38 5096.68 8207.24 5400.59 3707.96 2556.43 2405.85 2306.82 2026.46 1899.09
threshold=10.500000000000002 1.0000000180025095e-35 14.500000000000002 13.500000000000002 14.500000000000002 3.5000000000000004 1.5000000000000002 5.5000000000000009 1.0000000180025095e-35 9.5000000000000018 7.5000000000000009 574.94784545898449 8.5000000000000018 4.5000000000000009
decision_type=2 2 2 2 2 2 2 2 2 2 2 2 2 2
left_child=1 -1 3 5 8 -3 10 11 -2 12 13 -8 -9 -7
right_child=4 2 -4 -5 -6 6 7 9 -10 -11 -12 -13 -14 -15
leaf_value=-0.025023253340274065 -0.030451251962218224 0.011162490529083484 0.0033112280181959819 0.12798353561915335 -0.020650243427119633 0.00358524215288926 0.042712339713146377 0.079301644021810461 0.018404541760849418 0.15745166434061464 0.0065942919915827607 -0.019262734106667664 -0.015840843888117708 0.038543306374978763
leaf_weight=7533.3180832080543 1777.1409228108823 14230.749784711748 32422.096926502883 1116.2378492951393 52415.364553496242 1778.1009486541152 3470.3482854291797 3717.1920923292637 6555.5316005647182 362.06498602032661 6373.0643182098866 640.25933781266212 213.02610110491514 6552.9451804310083
leaf_count=118669 30298 196706 483249 7182 895753 23519 43978 37476 91999 2945 84764 8093 2688 82661
internal_value=-7.19759e-05 0.012828 0.0168512 0.0282673 -0.0167224 0.0252862 0.0339845 0.0576357 0.00798488 0.0811719 0.0204686 0.0330592 0.0741447 0.0310822
internal_weight=139157 78409.4 70876.1 38454 60748 37337.8 23107 8402.89 8332.67 4292.28 14704.1 4110.61 3930.22 8331.05
internal_count=2109980 1091930 973261 490012 1018050 482830 286124 95180 122297 43109 190944 52071 40164 106180
is_linear=0
shrinkage=0.03


Tree=8
num_leaves=15
num_cat=0
split_feature=8 8 12 12 12 11 12 4 0 12 11 0 0 12
split_gain=31617.1 12391.9 15043.5 7913.56 8489.7 4416.42 8094.42 3067.95 2912.36 3813.5 2932.26 2101.9 2171.03 3060.91
threshold=2.5000000000000004 5.5000000000000009 1.5000000000000002 14.500000000000002 13.500000000000002 1.5000000000000002 5.5000000000000009 1.0000000180025095e-35 729.54101562500011 9.5000000000000018 2.5000000000000004 1196.7246093750002 800.01171875000011 7.5000000000000009
decision_type=2 2 2 2 2 2 2 2 2 2 2 2 2 2
left_child=-1 2 -2 4 5 11 -7 -3 9 10 -8 12 -4 -14
right_child=1 7 3 -5 -6 6 8 -9 -10 -11 -12 -13 13 -15
leaf_value=-0.023272367397933341 -0.016604302066713195 0.0030835574643126315 0.014350912858781579 0.0095998763812292845 0.11866989698463937 0.028494502601995444 -0.0071374613139219131 -0.013402971993147082 0.09888084489414703 0.15186921483202051 0.10496182392167076 -0.024386578460741791 0.054720590599863755 0.0054706236101349651
leaf_weight=38319.169690597802 9659.1196835413575 24606.198945261538 9348.7955892235041 19657.627936050296 1032.6132499054074 9165.8052057772875 835.41409561038017 17301.381276369095 2557.2226553633809 244.45359989255667 280.53090952336788 895.5448372066021 3469.0503109917045 1688.5752315297723
leaf_count=665911 152816 362099 120570 291242 6221 114502 9499 285221 22670 1737 2483 11796 41534 21679
internal_value=-7.83246e-05 0.00874395 0.017624 0.0243471 0.0341681 0.0311048 0.0439214 -0.00372284 0.0800148 0.0445511 0.0210425 0.0202176 0.0229712 0.0385965
internal_weight=139062 100742 58834.8 49175.6 29518 28485.4 13083.4 41907.6 3917.62 1360.4 1115.95 15402 14506.4 5157.63
internal_count=2109980 1444069 796749 643933 352691 346470 150891 647320 36389 13719 11982 195579 183783 63213
is_linear=0
shrinkage=0.03


Tree=9
num_leaves=15
num_cat=0
split_feature=6 12 12 12 12 12 12 12 12 12 5 5 12 1
split_gain=29842.4 11931.6 10074.8 9442.31 6264.55 4205.28 3467.18 2973.36 1638.63 1563.07 1288.6 1225.38 1143.96 2183.05
threshold=10.500000000000002 1.0000000180025095e-35 14.500000000000002 13.500000000000002 14.500000000000002 3.5000000000000004 1.0000000180025095e-35 10.500000000000002 1.5000000000000002 11.500000000000002 229.34719848632815 83.241119384765639 5.5000000000000009 20.576537132263187
decision_type=2 2 2 2 2 2 2 2 2 2 2 2 2 2
left_child=1 -1 3 5 6 -3 -2 12 -8 -10 -4 -6 -7 -14
right_child=4 2 10 -5 11 7 8 -9 9 -11 -12 -13 13 -15
leaf_value=-0.024704034792738694 -0.030301781218283783 0.010232145978217706 -0.0022617855390361834 0.10615550643774398 -0.022744422432582651 0.024970574394911106 0.055788833967358918 -0.00066752061829430975 0.0072051764468851398 0.064794278426711649 0.0097319259911405435 -0.011643398094058368 0.034199449341883313 0.066791412108332421
leaf_weight=7291.2874705530703 1708.6517654918134 14515.111472539604 17831.102918256074 1269.2516680508852 39146.494391724467 7791.8082776367664 878.10418653488159 2451.724963709712 5314.1583299487829 460.96459193527699 14715.914885789156 11601.491799693555 11780.746924720705 2194.1120488420129
leaf_count=118669 30298 196706 271632 7182 695678 96794 11995 32485 73600 6404 211617 200075 134186 22659
internal_value=-8.40856e-05 0.0118785 0.015555 0.025639 -0.0162422 0.0230006 0.00781768 0.0306532 0.0176074 0.0118019 0.00316109 -0.0202066 0.0341811 0.0393165
internal_weight=138951 79841.1 72549.8 40002.8 59109.9 38733.5 8361.88 24218.4 6653.23 5775.12 32547 50748 21766.7 13974.9
internal_count=2109980 1091930 973261 490012 1018050 482830 122297 286124 91999 80004 483249 895753 253639 156845
is_linear=0
shrinkage=0.03


Tree=10
num_leaves=15
num_cat=0
split_feature=8 8 9 0 4 9 0 2 2 0 9 7 0 0
split_gain=29091 10893.1 4555.08 3368.59 2778.75 2176.71 1590.2 1480.33 969.081 908.098 666.844 607.93 521.861 437.528
threshold=2.5000000000000004 5.5000000000000009 0.42165745794773107 749.51367187500011 1.0000000180025095e-35 0.56647032499313366 367.66406250000006 -0.17439907044172284 -0.72676748037338246 940.14257812500011 0.83271777629852306 162.93507385253909 1112.5644531250002 1112.5644531250002
decision_type=2 2 2 2 2 2 2 2 2 2 2 2 2 2
left_child=-1 2 9 6 8 12 -4 11 -3 -2 13 -8 -5 -7
right_child=1 4 3 5 -6 10 7 -9 -10 -11 -12 -13 -14 -15
leaf_value=-0.022881382233066714 0.0013922984719178589 0.012943060258540204 -0.0054701995258471274 0.017085619053308354 -0.012959472871856193 0.032400785799409575 0.019034450045694082 0.0079461056792483279 -0.00066609759343806273 -0.021300965339117978 0.052606119017255336 0.035524053359820285 -0.0033305999739896217 0.01565143649775182
leaf_weight=36974.500338394195 4956.6121105290949 6322.8070857226849 4006.0603792220354 5865.7877868525684 16938.917964585125 15846.508939005435 7834.1989935487509 12286.561834529042 18451.498469311744 2334.4704495109618 1376.8572796024382 2707.6920525990427 1394.7203190848231 1540.0399873740971
leaf_count=665911 71161 90154 60417 75230 285221 195077 104147 168631 271945 33254 16518 34250 18231 19833
internal_value=-8.82519e-05 0.00818528 0.0163551 0.0194212 -0.00359535 0.0271116 0.0119631 0.0150224 0.00280718 -0.00587367 0.0325087 0.0232698 0.0131637 0.0309172
internal_weight=138837 101863 60149.5 52858.4 41713.2 26023.9 26834.5 22828.5 24774.3 7291.08 18763.4 10541.9 7260.51 17386.5
internal_count=2109980 1444069 796749 692334 647320 324889 367445 307028 362099 104415 231428 138397 93461 214910
is_linear=0
shrinkage=0.03


Tree=11
num_leaves=15
num_cat=0
split_feature=6 11 11 10 6 5 2 1 10 2 10 11 1 1
split_gain=26836.3 5909.13 3868.55 1384.07 1229.9 1099.89 955.498 970.422 877.133 694.083 496.788 715.629 631.254 531.746
threshold=10.500000000000002 1.0000000180025095e-35 1.0000000180025095e-35 -0.17676654458045957 24.500000000000004 239.71882629394534 -0.6983547806739806 22.544713020324711 0.057179247960448272 -0.70749208331108082 -0.02889966685324907 1.5000000000000002 16.064110755920414 12.114546775817873
decision_type=2 2 2 2 2 2 2 2 2 2 2 2 2 2
left_child=2 4 5 -4 -2 8 7 -7 -1 -5 13 -12 -13 -11
right_child=1 -3 3 9 -6 6 -8 -9 -10 10 11 12 -14 -15
leaf_value=-0.013437456059659918 -0.012356850416973469 0.0074285481204117336 -0.009811998486583583 0.022250219542201379 -0.022797963807029618 0.01383060173165985 0.0057734420429970445 0.054970041974528434 0.0018752477894265298 0.014684320953020321 0.011962076562511708 0.027380568470821164 0.011908557701523536 -0.0045018938170570113
leaf_weight=4429.0197309590876 14342.17270328477 8437.4857954233885 1750.1138116642833 16771.402710374445 34767.231074802577 1682.3696343079209 11757.884211264551 744.36854031682014 14036.407090678811 2967.4766100458801 14058.149435311556 7163.5070131719112 3549.1562768220901 2313.7392247952521
leaf_count=69332 255501 122922 26864 205889 639627 23481 166593 10126 212684 37965 176188 88475 43099 31234
internal_value=-9.05521e-05 -0.015764 0.0110141 0.0163819 -0.0197487 0.00302838 0.00931076 0.0264496 -0.00179758 0.0173609 0.0146323 0.0164133 0.0222546 0.0062787
internal_weight=138770 57546.9 81223.6 48573.5 49109.4 32650 14184.6 2426.74 18465.4 46823.4 30052 24770.8 10712.7 5281.22
internal_count=2109980 1018050 1091930 609714 895128 482216 200200 33607 282016 582850 376961 307762 131574 69199
is_linear=0
shrinkage=0.03


Tree=12
num_leaves=15
num_cat=0
split_feature=6 12 12 12 12 12 12 0 0 12 12 9 9 0
split_gain=25371.8 11137.4 8155.9 8107.58 5756.71 3614.48 3254.06 2734.38 3305.77 2973.87 2546.95 5308.39 1916.33 1777.47
threshold=10.500000000000002 1.0000000180025095e-35 14.500000000000002 13.500000000000002 14.500000000000002 3.5000000000000004 1.0000000180025095e-35 762.95898437500011 1153.5605468750002 8.5000000000000018 5.5000000000000009 0.76802289485931408 0.49511539936065679 735.94335937500011
decision_type=2 2 2 2 2 2 2 2 2 2 2 2 2 2
left_child=1 -1 3 5 6 -3 -2 -7 9 10 11 -9 -4 -14
right_child=4 2 12 -5 -6 7 -8 8 -10 -11 -12 -13 13 -15
leaf_value=-0.024740253781493967 -0.030213523788337346 0.0087254966928676635 -0.014604746326414186 0.094809763431678698 -0.019508487316837186 0.018013428892495392 0.016552630207546232 0.010788538500545392 -0.0090248888497698656 0.0098575020508544844 0.064012641755545108 0.096021162554231099 0.00076552702372007539 0.017081160689043567
leaf_weight=7315.3934180475771 1668.2242178469896 15002.023346778005 4827.9622454605997 1362.4959493279457 48294.985050983727 13472.725741095841 6786.7827464267612 2748.3212439641356 1223.356290012598 1985.5273422598839 5171.4538117721677 864.52061559259892 19239.742964111269 8739.1322597786784
leaf_count=118669 30298 196706 74688 7182 895753 158800 91999 31838 14412 24263 47706 9105 287580 120981
internal_value=-9.16922e-05 0.0105855 0.0140478 0.0228303 -0.0155106 0.0204068 0.00732538 0.0272884 0.0377075 0.0430159 0.0505107 0.0311839 0.00284977 0.00586167
internal_weight=138703 81952.7 74637.3 41830.4 56750 40467.9 8455.01 25465.9 11993.2 10769.8 8784.3 3612.84 32806.8 27978.9
internal_count=2109980 1091930 973261 490012 1018050 482830 122297 286124 127324 112912 88649 40943 483249 408561
is_linear=0
shrinkage=0.03


Tree=13
num_leaves=15
num_cat=0
split_feature=6 0 9 11 0 2 0 5 0 1 9 5 0 6
split_gain=24067 5824.06 4606.78 3776.29 2651.75 1572.94 1474.5 1358.72 1197.95 979.241 769.224 686.49 556.277 632.699
threshold=17.500000000000004 735.94335937500011 0.52881309390068065 1.0000000180025095e-35 302.49023437500006 -0.31075993180274958 968.75000000000011 158.0082931518555 1196.7246093750002 13.46586847305298 0.63724434375762951 66.27976226806642 808.33984375000011 1.5000000000000002
decision_type=2 2 2 2 2 2 2 2 2 2 2 2 2 2
left_child=1 4 6 11 10 7 9 -6 12 -3 -1 -2 13 -4
right_child=3 2 8 -5 5 -7 -8 -9 -10 -11 -12 -13 -14 -15
leaf_value=-0.023226517256833921 -0.023665635963107411 0.017819409014602251 0.016010832202907103 0.0052795235260666143 0.0022792922286990038 0.00040291348264756625 -0.013408651490270058 0.018367348396601414 -0.0063782367260342785 -0.0058563396031948755 -0.0052492540570399605 -0.015006834266771164 0.028664266512859263 0.034905894164826659
leaf_weight=3675.1979327499866 28459.153440769762 4449.0261773280799 8095.4646686837077 5534.1955945380032 8081.21528609097 25963.594937015325 4024.2273375876248 11374.755235925317 1119.8555839434266 2431.5599803477526 5135.3632580302656 11599.366974007338 16632.711599547416 1986.2596103027463
leaf_count=62947 546095 57352 98075 80570 122570 374050 55237 145620 14429 33565 80843 214895 196313 27419
internal_value=-9.54194e-05 0.00866022 0.0175443 -0.0179493 0.00231395 0.00523573 0.00101602 0.011685 0.0240196 0.00945253 -0.0127482 -0.0211584 0.0252939 0.0197335
internal_weight=138562 92969.2 38739.1 45592.7 54230.1 45419.6 10904.8 19456 27834.3 6880.59 8810.56 40058.5 26714.4 10081.7
internal_count=2109980 1268420 482390 841560 786030 642240 146154 268190 336236 90917 143790 760990 321807 125494
is_linear=0
shrinkage=0.03


Tree=14
num_leaves=15
num_cat=0
split_feature=8 8 4 0 0 0 10 0 7 6 0 0 0 6
split_gain=24942.7 8689.76 2285.61 1971.26 1891.88 1408.04 2611.17 1080.3 869.129 684.726 643.447 612.324 626.661 558.559
threshold=2.5000000000000004 5.5000000000000009 1.0000000180025095e-35 388.89257812500006 1112.5644531250002 752.83007812500011 -0.012849870603531597 509.43359375000006 129.62794494628909 2.5000000000000004 851.22851562500011 268.62304687500006 1087.6718750000002 20.500000000000004
decision_type=2 2 2 2 2 2 2 2 2 2 2 2 2 2
left_child=13 3 11 -2 5 7 10 -5 -9 -8 -7 -3 -13 -1
right_child=1 2 -4 4 -6 6 9 8 -10 -11 -12 12 -14 -15
leaf_value=-0.015778236564995281 -0.0039517836637094376 -0.010704088446898892 -0.012147279568258116 0.022743633114151892 -0.0029865623962032533 0.01632976805253494 0.025947584164207171 0.0037713046462773824 0.017085226393014585 0.049678264899138583 -0.0028393441355714136 0.0047381602289050901 -0.029083847756462507 -0.024425061564374601
leaf_weight=9131.2404218129814 4896.6254732944071 2892.7127192206681 16304.883537001908 6685.2844539023936 4418.1675278320909 2766.9176457263529 19956.3616659455 11889.001573286951 7017.4540981799364 1157.7944664694369 3661.5055728442967 21704.060000870377 504.49360225349665 25499.168187238276
leaf_count=162463 75062 45837 285221 92094 58256 35074 227961 158074 86895 14643 48690 309130 7132 503448
internal_value=-9.67274e-05 0.00725527 -0.00340189 0.0143214 0.0158761 0.0174445 0.022152 0.0123782 0.00871299 0.0272489 0.00541141 0.0022788 0.00396985 -0.0221451
internal_weight=138486 103855 41406.1 62449.1 57552.5 53134.3 27542.6 25591.7 18906.5 21114.2 6428.42 25101.3 22208.6 34630.4
internal_count=2109980 1444069 647320 796749 721687 663431 326368 337063 244969 242604 83764 362099 316262 665911
is_linear=0
shrinkage=0.03


Tree=15
num_leaves=15
num_cat=0
split_feature=8 8 6 0 0 2 0 10 10 0 2 5 1 10
split_gain=23795.9 8054.5 1947.38 1815.36 1733.07 1423.73 1293.34 1985.9 786.272 701.005 699.916 624.491 573.616 1021.39
threshold=2.5000000000000004 5.5000000000000009 6.5000000000000009 385.91796875000006 1112.5644531250002 -0.40859012305736536 752.83007812500011 -0.012849870603531597 0.35378354787826544 1062.3691406250002 -0.72676748037338246 83.241119384765639 18.162634849548343 0.018273806199431423
decision_type=2 2 2 2 2 2 2 2 2 2 2 2 2 2
left_child=-1 3 9 -2 5 12 -7 -8 -9 10 -3 -4 -5 -14
right_child=1 2 11 4 -6 6 7 8 -10 -11 -12 -13 13 -15
leaf_value=-0.021915542766167539 -0.0040433590141215909 0.014989822979550406 -0.014402676796390353 0.019813535778444906 -0.0029042164121290573 0.0064597186234544241 0.0014093926257532953 0.023130181711970055 0.061314890181840838 -0.029089737484516751 0.0013754030081733779 -0.0042451673391370381 -0.0060986566347058279 0.035720950463278341
leaf_weight=33953.941649209708 4781.2257639206946 4442.9316971004009 11213.697877731174 16229.336016468704 4407.3042787611485 15590.629383649677 4500.3028786629438 11783.068166028708 506.17823427543044 573.55714343488216 14457.381008304656 10593.761657766998 590.54372358694673 4781.2030842080712
leaf_count=665911 73617 58101 202703 193071 58256 209128 58923 134158 5372 8374 204256 173886 8662 55562
internal_value=-9.78943e-05 0.00699437 -0.00331096 0.0137289 0.0151842 0.016661 0.0126817 0.0184593 0.024703 0.00358423 0.00457577 -0.0094683 0.0226261 0.0311235
internal_weight=138405 104451 41281.3 63169.8 58388.6 53981.3 32380.2 16789.5 12289.2 19473.9 18900.3 21807.5 21601.1 5371.75
internal_count=2109980 1444069 647320 796749 723132 664876 407581 198453 139530 270731 262357 376589 257295 64224
is_linear=0
shrinkage=0.03


Tree=16
num_leaves=15
num_cat=0
split_feature=6 12 12 12 12 12 11 12 0 12 11 0 12 2
split_gain=20824.3 10406.2 9014.2 7273.46 3633.34 3108.31 5489.53 3589.33 3282.97 3854.53 3217.85 2098 1969.99 1826.89
threshold=17.500000000000004 1.0000000180025095e-35 14.500000000000002 13.500000000000002 14.500000000000002 3.5000000000000004 1.5000000000000002 6.5000000000000009 745.84960937500011 9.5000000000000018 2.5000000000000004 277.51171875000006 1.0000000180025095e-35 -0.61844193935394276
decision_type=2 2 2 2 2 2 2 2 2 2 2 2 2 2
left_child=1 -1 3 5 12 13 -7 -8 9 10 -9 -4 -2 -3
right_child=4 2 11 -5 -6 6 7 8 -10 -11 -12 -13 -14 -15
leaf_value=-0.025131540294568312 -0.03054780824397239 0.01962057324318393 -0.014405816259768492 0.0854165460792074 -0.02053196060269246 0.013683996500420018 0.029713572680101427 -0.014232217587770685 0.099615453771646212 0.11965269027925172 0.11576483293850372 0.0035969739846692431 0.014507838506676264 -0.00072691345369844593
leaf_weight=7912.8764467649162 1089.5769097469747 6595.192316327244 7058.1238234192133 1473.7361266687512 38139.205604873598 17932.53673093766 7311.4743903204799 931.08957091718912 1523.2232201546431 383.29165311157703 210.029476121068 33373.211136348546 4401.8366430178285 9981.9824124798179
leaf_count=128323 20644 81262 120309 7461 761449 208310 72572 9821 11095 2449 1490 497244 59467 128084
internal_value=-9.8811e-05 0.00780287 0.0108061 0.0198376 -0.017247 0.0176837 0.0237278 0.0411146 0.0684666 0.0373419 0.00969448 0.000454215 0.00556814 0.00736829
internal_weight=138317 94686.8 86773.9 46342.6 43630.6 44868.8 28291.6 10359.1 3047.63 1524.41 1141.12 40431.3 5491.41 16577.2
internal_count=2109980 1268420 1140097 522544 841560 515083 305737 97427 24855 13760 11311 617553 80111 209346
is_linear=0
shrinkage=0.03


Tree=17
num_leaves=15
num_cat=0
split_feature=8 12 12 12 8 11 12 0 12 0 12 12 12 12
split_gain=21948.5 10094.4 10497.8 8097.24 3084.04 3074.79 6866.51 3763.54 5246.84 2284.71 3318.52 2133.57 2227.92 1934.2
threshold=2.5000000000000004 1.0000000180025095e-35 14.500000000000002 13.500000000000002 5.5000000000000009 1.5000000000000002 5.5000000000000009 532.98242187500011 4.5000000000000009 717.56835937500011 9.5000000000000018 1.5000000000000002 4.5000000000000009 1.5000000000000002
decision_type=2 2 2 2 2 2 2 2 2 2 2 2 2 2
left_child=-1 -2 3 5 -4 -3 7 8 13 10 -8 -9 -13 -7
right_child=1 2 4 -5 -6 6 9 11 -10 -11 -12 12 -14 -15
leaf_value=-0.021519507125943423 -0.025216062246112184 0.010059292833237879 0.0079277636721190627 0.086466173151223 -0.0075570437272026326 0.07674603144894189 0.01113043114912351 -0.01605421530229648 0.15506218345537917 0.068164085650507758 0.10918854679382009 0.021059890557960186 -0.014846915219678571 0.01186756728351687
leaf_weight=32828.521761734039 8282.2347804568708 27223.229768536985 20400.132327578962 1546.1005462557077 26761.003747977316 583.95486621931195 1727.594577871263 2537.5574125349522 360.96622944623232 3567.4928862974048 378.70144665241241 8631.7522911950946 1896.9982689470053 1417.3552316278219
leaf_count=665911 138221 325312 291242 7841 455437 8090 17104 36135 4025 25310 2298 96349 20203 16502
internal_value=-0.000101564 0.00657478 0.00928828 0.018884 -0.000858899 0.0167218 0.0253167 0.0149391 0.0497863 0.0535363 0.0287608 0.00863907 0.0145904 0.0307982
internal_weight=138144 105315 97032.8 49871.7 47161.1 48325.6 21102.4 15428.6 2362.28 5673.79 2106.3 13066.3 10528.8 2001.31
internal_count=2109980 1444069 1305848 559169 746679 551328 226016 181304 28617 44712 19402 152687 116552 24592
is_linear=0
shrinkage=0.03


Tree=18
num_leaves=15
num_cat=0
split_feature=4 12 12 12 12 12 12 11 12 11 1 9 9 12
split_gain=18279.5 9187.57 6329.34 6140.93 4332.84 2485.81 2473.91 3673.67 3146.11 2438.72 1778.9 1543.79 1429.69 1354.2
threshold=1.0000000180025095e-35 1.0000000180025095e-35 14.500000000000002 13.500000000000002 14.500000000000002 1.0000000180025095e-35 3.5000000000000004 1.5000000000000002 6.5000000000000009 2.5000000000000004 20.576537132263187 0.450854241847992 0.75100243091583263 9.5000000000000018
decision_type=2 2 2 2 2 2 2 2 2 2 2 2 2 2
left_child=1 -1 3 6 5 -2 -3 10 12 13 -8 -4 -9 -10
right_child=4 2 11 -5 -6 -7 7 8 9 -11 -12 -13 -14 -15
leaf_value=-0.024418634332944399 -0.02976510138741105 0.0072938488406110082 -0.017339828360958567 0.07866146480378966 -0.018086073923618877 0.011584132140682902 0.0091772691768872133 0.016891944349716265 0.038170647196532112 0.11624781627013361 0.035434599586792459 0.0038066906985093065 0.046183132200205902 0.094430780828782687
leaf_weight=7034.9463260620832 1577.2578581832349 15739.512872520834 3456.0782448016107 1492.4411913976073 43037.649995163083 7679.4454690143466 13969.016869395971 5163.5974296480417 2077.0390847399831 590.75499641895294 2785.1599844098091 30769.734568979591 2113.5864044651389 472.68748193979263
leaf_count=118582 30385 194686 58395 7088 859763 97842 159951 49429 17507 3508 29528 460844 19766 2706
internal_value=-0.000104635 0.00842746 0.0113662 0.0188388 -0.0140812 0.0045386 0.0167582 0.0222405 0.0362296 0.0613257 0.0135422 0.00167134 0.0253993 0.0486006
internal_weight=137959 85664.6 78629.6 44403.8 52294.4 9256.7 42911.4 27171.8 10417.7 3140.48 16754.2 34225.8 7277.18 2549.73
internal_count=2109980 1121990 1003408 484169 987990 128227 477081 282395 92916 23721 189479 519239 69195 20213
is_linear=0
shrinkage=0.03


Tree=19
num_leaves=15
num_cat=0
split_feature=8 12 12 12 8 12 2 12 8 9 6 9 12 1
split_gain=20290.6 9148.58 8800.75 6680.85 2876.3 2044.8 1718.92 1556.86 1915.02 1219.8 1191.36 1004.58 940.782 1065.69
threshold=2.5000000000000004 1.0000000180025095e-35 14.500000000000002 13.500000000000002 5.5000000000000009 3.5000000000000004 -0.64870071411132801 10.500000000000002 4.5000000000000009 0.42572675645351415 18.500000000000004 0.53667581081390392 2.5000000000000004 13.722280979156496
decision_type=2 2 2 2 2 2 2 2 2 2 2 2 2 2
left_child=-1 -2 3 5 11 6 -3 8 9 -7 -6 -4 13 -8
right_child=1 2 4 -5 10 7 12 -9 -10 -11 -12 -13 -14 -15
leaf_value=-0.021130252572191886 -0.02480577894052902 0.018844131499580821 -0.0052349019474403962 0.076894493210784925 -0.0025203462777667134 0.0018598873481063055 0.016565033557713039 5.8471819058905975e-05 0.010725970751556554 0.029680135934540518 -0.015852053730587089 0.01115539412450548 -0.013626790531237772 -0.0058393410749020868
leaf_weight=31783.207866482437 7925.0259831659496 7008.2482220083475 4245.8397177495062 1639.2888017818332 17106.377963643521 1540.8379411771894 3895.7767929583788 3189.7957795932889 8999.9576642662287 17854.839691400528 9319.2105633057654 16232.472631849349 3281.5566754639149 3750.0752304121852
leaf_count=665911 138221 83655 64640 7841 270758 16870 48985 38476 105493 169453 184679 226602 38752 49644
internal_value=-0.000106032 0.00619854 0.00870414 0.0173094 -0.000682023 0.015337 0.00724718 0.0199307 0.022163 0.02747 -0.00722189 0.00775714 -0.000190473 0.00557632
internal_weight=137773 105989 98064.3 51160.4 46903.9 49521.1 17935.7 31585.4 28395.6 19395.7 26425.6 20478.3 10927.4 7645.85
internal_count=2109980 1444069 1305848 559169 746679 551328 221036 330292 291816 186323 455437 291242 137381 98629
is_linear=0
shrinkage=0.03


Tree=20
num_leaves=15
num_cat=0
split_feature=8 8 9 5 7 1 2 1 6 9 2 6 9 8
split_gain=19362.5 5965.46 3009.87 1592.15 1030.58 703.483 595.595 598.588 571.945 491.318 409.897 398.07 330.182 324.864
threshold=2.5000000000000004 5.5000000000000009 0.42165745794773107 105.23217010498048 110.85247039794923 15.987113952636721 -0.71762576699256886 22.347250938415531 22.500000000000004 0.5517699420452119 -0.75154662132263172 18.500000000000004 0.12671289592981341 4.5000000000000009
decision_type=2 2 2 2 2 2 2 2 2 2 2 2 2 2
left_child=8 2 5 11 10 -2 7 -5 12 -6 -4 -3 -1 -11
right_child=1 3 4 6 9 -7 -8 -9 -10 13 -12 -13 -14 -15
leaf_value=-0.031411113483471989 -0.00023890928954042951 -0.0048948309293911432 0.0154955080983822 0.006574123438873398 0.009400552764000503 -0.020248672882540758 -0.00087078096935412587 0.036042819530234811 -0.023545736653548793 0.021205353606392169 0.0078310512700374129 -0.01430506446139377 -0.012760703067438359 0.010178220061034159
leaf_weight=951.59421330317855 5082.7981300055981 7144.4413258954883 8857.4626896306872 5434.4179915040731 4871.6655185781419 2295.4100288264453 18198.242823269218 700.31170172989368 21876.39731753245 20184.184210155159 21580.364792115986 9328.1114240884781 8357.1511620096862 2729.6404360085726
leaf_count=18718 69806 116602 104074 73602 58261 34609 267816 9414 483760 222568 271719 179886 163433 35712
internal_value=-0.000107362 0.00598511 0.0115873 -0.00302138 0.0138749 -0.00646408 0.00185432 0.00993813 -0.0208955 0.0180523 0.0100614 -0.0102237 -0.0146673 0.0198917
internal_weight=137592 106407 65601.5 40805.5 58223.3 7378.21 24333 6134.73 31185.1 27785.5 30437.8 16472.6 9308.75 22913.8
internal_count=2109980 1444069 796749 647320 692334 104415 350832 83016 665911 316541 375793 296488 182151 258280
is_linear=0
shrinkage=0.03


Tree=21
num_leaves=15
num_cat=0
split_feature=6 0 11 0 0 7 10 2 6 0 7 4 11 0
split_gain=16682.7 3766.1 3030.54 2629.33 2068.91 1458.86 1392.75 875.852 656.489 721.417 625.524 586.464 584.971 389.797
threshold=18.500000000000004 735.94335937500011 1.0000000180025095e-35 1040.9238281250002 151.93164062500003 160.91887664794925 -0.012849870603531597 -0.31075993180274958 1.5000000000000002 817.36328125000011 97.143733978271499 92.500000000000014 1.0000000180025095e-35 685.42578125000011
decision_type=2 2 2 2 2 2 2 2 2 2 2 2 2 2
left_child=1 4 11 6 -1 12 -3 -7 9 -8 -5 13 -6 -2
right_child=2 3 -4 10 5 7 8 -9 -10 -11 -12 -13 -14 -15
leaf_value=-0.021120577139029071 -0.015853773477979897 0.0048764483497607302 0.0047986542643798594 -0.013429265965632983 -0.0033693692162670682 0.020611050289899336 0.011906064835504916 0.0049975003520637299 0.032167306912972642 0.022462141157419194 0.0044424381267143083 -0.022731366531086646 0.0039548245690910868 0.007652309869591571
leaf_weight=3425.8331214338541 11932.94038521871 7001.3866210430861 5208.5093642622232 3041.8815273083746 21068.612236846238 5563.8803610242903 9903.1733362302184 7719.9825684241951 3418.1379951238632 14155.185368675739 4191.1419742740691 21819.037402421236 18372.688383385539 670.60392039641738
leaf_count=61760 249676 88645 75708 39890 343103 71120 110764 104700 42643 149638 51610 480602 226797 13324
internal_value=-0.000107143 0.00654291 -0.0165283 0.0133712 0.00147059 0.00293846 0.0168212 0.0115372 0.0198648 0.0181169 -0.00307359 -0.0197553 4.24131e-05 -0.0146031
internal_weight=137493 97861.9 39631.1 41710.9 56151 52725.2 34477.9 13283.9 27476.5 24058.4 7233.02 34422.6 39441.3 12603.5
internal_count=2109980 1290670 819310 483190 807480 745720 391690 175820 303045 260402 91500 743602 569900 263000
is_linear=0
shrinkage=0.03


Tree=22
num_leaves=15
num_cat=0
split_feature=8 12 12 12 8 11 12 12 5 12 12 4 11 12
split_gain=17841.5 8710.35 7405.91 6071.23 2457.93 2420 5266.5 1253.28 1123.64 2024.42 1216.49 1122.63 1044.15 1574
threshold=2.5000000000000004 1.0000000180025095e-35 14.500000000000002 13.500000000000002 5.5000000000000009 1.5000000000000002 5.5000000000000009 9.5000000000000018 250.75955963134768 1.5000000000000002 2.5000000000000004 1.0000000180025095e-35 2.5000000000000004 3.5000000000000004
decision_type=2 2 2 2 2 2 2 2 2 2 2 2 2 2
left_child=-1 -2 3 5 -4 -3 8 -8 12 -10 -11 -6 -7 -14
right_child=1 2 4 -5 11 6 7 -9 9 10 -12 -13 13 -15
leaf_value=-0.020485421806818227 -0.024748267053625393 0.0080880998651889531 0.0070408008007305381 0.071714805549265223 -0.001074828099880682 0.015693603966553185 0.040498643792859154 0.087308454973624564 -0.021928930639528284 0.028904850654813512 0.0045203853900696858 -0.013588969729939499 0.027503587315604469 0.10228640900482193
leaf_weight=30174.309508483857 7872.1465466991067 28392.753103077412 20816.067531015724 1689.5069697424769 14121.49165975675 4634.6867312267423 5642.3218388780951 566.45557732135057 1876.8265926577151 2746.8934323042631 5585.1866248399019 11878.854250375181 1066.2583918273449 332.23079417645931
leaf_count=665911 138221 325312 291242 7841 219780 52660 41656 3056 26258 29732 57013 235657 12589 3052
internal_value=-0.000106931 0.00562798 0.0080349 0.0157672 -0.000641608 0.0139081 0.0212685 0.0447693 0.0122849 0.00621898 0.0125594 -0.0067922 0.0225492 0.0452693
internal_weight=137396 107222 99349.5 52533.1 46816.4 50843.6 22450.9 6208.78 16242.1 10208.9 8332.08 26000.3 6033.18 1398.49
internal_count=2109980 1444069 1305848 559169 746679 551328 226016 44712 181304 113003 86745 455437 68301 15641
is_linear=0
shrinkage=0.03


Tree=23
num_leaves=15
num_cat=0
split_feature=8 12 12 12 6 11 12 6 12 8 12 9 12 7
split_gain=17025.9 8285.78 6858.11 5565.79 2327.79 2210.78 4729.47 2044.62 1948.14 1389.87 1149.12 1434.77 1099.7 1049.08
threshold=2.5000000000000004 1.0000000180025095e-35 14.500000000000002 13.500000000000002 18.500000000000004 1.5000000000000002 5.5000000000000009 1.5000000000000002 1.5000000000000002 4.5000000000000009 2.5000000000000004 0.71188834309577953 9.5000000000000018 129.62794494628909
decision_type=2 2 2 2 2 2 2 2 2 2 2 2 2 2
left_child=-1 -2 3 5 9 -3 7 8 -7 -4 -10 -12 13 -8
right_child=1 2 4 -5 -6 6 12 -9 10 -11 11 -13 -14 -15
leaf_value=-0.020248076325574335 -0.024541897623866084 0.0077940657961063737 0.010736999436390251 0.068153324656826816 -0.012041377968257478 -0.019254417050108618 0.02645683042879542 0.031096193334288289 0.02573411610754664 -0.0015307655538246948 -0.0051804080931165909 0.023784371383009928 0.081254319708275097 0.052073841287497695
leaf_weight=29620.596710894257 7702.7621525600553 28577.096278514713 13707.466519355774 1723.9103047847748 11961.651137158275 2259.4239140190184 3122.218399040401 3796.4609604291618 3416.0934702754021 21114.569589164108 4618.3485744819045 2308.5179990679026 590.01977878063917 2668.4642998427153
leaf_count=665911 138221 325312 178276 7841 239289 32016 23865 42746 36237 329114 48328 21977 3056 17791
internal_value=-0.000107964 0.00543799 0.00775041 0.0151311 -0.000623704 0.0133513 0.0203229 0.0117962 0.00598204 0.00329836 0.011495 0.00447269 0.0422372 0.0382617
internal_weight=137188 107567 99864.2 53080.6 46783.7 51356.6 22779.5 16398.8 12602.4 34822 10343 6926.87 6380.7 5790.68
internal_count=2109980 1444069 1305848 559169 746679 551328 226016 181304 138558 507390 106542 70305 44712 41656
is_linear=0
shrinkage=0.03


Tree=24
num_leaves=15
num_cat=0
split_feature=8 12 12 12 8 11 12 6 12 12 9 3 6 1
split_gain=16247.7 7884.19 6356.72 5125.23 2212.19 2023.8 4265.88 1848.68 1836.89 1045.55 1327.65 1073.07 1003.92 977.629
threshold=2.5000000000000004 1.0000000180025095e-35 14.500000000000002 13.500000000000002 5.5000000000000009 1.5000000000000002 5.5000000000000009 1.5000000000000002 1.5000000000000002 2.5000000000000004 0.70365288853645336 -0.098165124654769884 19.500000000000004 14.125854015350344
decision_type=2 2 2 2 2 2 2 2 2 2 2 2 2 2
left_child=-1 -2 3 5 -4 -3 7 8 -7 11 -11 13 -6 -10
right_child=1 2 4 -5 12 6 -8 -9 9 10 -12 -13 -14 -15
leaf_value=-0.02000987404210296 -0.024334445985988887 0.0075126001416557344 0.0066125019710668561 0.064971597904703401 -0.0023720306539219329 -0.018988740392139054 0.039949164286301839 0.029415721591758183 0.027359671734824818 -0.0054670339856687416 0.021885755139075393 0.043255356372141784 -0.015001879171337294 -0.015805372889929222
leaf_weight=29082.204299557954 7537.8775383085012 28755.552618212998 21024.173001982272 1753.606804728508 17305.977902472019 2222.8623597919941 6540.9203034862876 3891.444387473166 1155.4549788609147 4462.6476099640131 2487.1620107069612 1531.7320617213845 8420.2382187061012 798.62021839618683
leaf_count=665911 138221 325312 291242 7841 277654 32016 44712 42746 11944 46948 23357 15719 177783 8574
internal_value=-0.000108771 0.00525574 0.00747842 0.01453 -0.000606355 0.0128239 0.0194383 0.0113319 0.00577262 0.011047 0.00432184 0.0244552 -0.0065058 0.00971835
internal_weight=136970 107888 100350 53600 46750.4 51846.4 23090.8 16549.9 12658.5 10435.6 6949.81 3485.81 25726.2 1954.08
internal_count=2109980 1444069 1305848 559169 746679 551328 226016 181304 138558 106542 70305 36237 455437 20518
is_linear=0
shrinkage=0.03


Tree=25
num_leaves=15
num_cat=0
split_feature=6 12 12 12 12 12 9 0 0 12 12 12 0 0
split_gain=13915.9 7297.03 4708.45 3750.68 2747.2 1966.35 1699.84 1572.07 2088.16 1812.1 1404.53 1511.63 3282.19 1361.65
threshold=18.500000000000004 1.0000000180025095e-35 14.500000000000002 13.500000000000002 14.500000000000002 3.5000000000000004 0.51239565014839183 762.95898437500011 1173.1386718750002 8.5000000000000018 1.0000000180025095e-35 1.5000000000000002 453.68554687500006 696.31445312500011
decision_type=2 2 2 2 2 2 2 2 2 2 2 2 2 2
left_child=1 -1 3 5 10 -3 -4 -7 9 -9 -2 12 -12 -8
right_child=4 2 6 -5 -6 7 13 8 -10 -11 11 -13 -14 -15
leaf_value=-0.023842863723946003 -0.03012479022854651 0.0045875222275151353 -0.013631408648516205 0.057359068205227369 -0.018910519903653757 0.010892039219182206 -0.0012869892993640005 0.032825924458861261 -0.013677541312008658 0.0037702042073531872 0.13710837561388067 0.0047089949496711926 -0.0088996561628913572 0.011199770481180664
leaf_weight=6957.087173089385 877.0301945284009 17804.453056428581 6498.0009789392352 1741.4319630861282 32367.257099501789 17122.789041616023 22397.169119685888 10985.091120921075 1195.1686007007957 2344.0097463540733 254.32112799584866 3799.0162471272051 304.43130046874285 12109.182731382549
leaf_count=129425 19542 210768 114710 7490 744042 179992 363403 90069 13076 24890 3142 48884 3700 156847
internal_value=-0.000109372 0.00578386 0.00801945 0.014087 -0.0156495 0.0125631 0.0004443 0.0170502 0.0243101 0.0277163 0.00451391 0.0114852 0.0575572 0.00309494
internal_weight=136756 99154.4 92197.3 51192.9 37602.1 49451.5 41004.4 31647.1 14524.3 13329.1 5234.8 4357.77 558.752 34506.4
internal_count=2109980 1290670 1161245 526285 819310 518795 634960 308027 128035 114959 75268 55726 6842 520250
is_linear=0
shrinkage=0.03


Tree=26
num_leaves=15
num_cat=0
split_feature=8 12 12 12 5 11 12 11 0 12 0 12 6 12
split_gain=14977.8 7163.23 5394.2 4453.23 2097.74 1814.99 3844.96 2007.07 1959.7 3257.06 1875.38 2097.44 1650.68 1450.57
threshold=2.5000000000000004 1.0000000180025095e-35 14.500000000000002 13.500000000000002 113.22768020629884 1.5000000000000002 6.5000000000000009 2.5000000000000004 777.28320312500011 9.5000000000000018 525.78515625000011 1.5000000000000002 2.5000000000000004 4.5000000000000009
decision_type=2 2 2 2 2 2 2 2 2 2 2 2 2 2
left_child=-1 -2 3 5 -4 -3 10 8 9 -8 13 12 -12 -7
right_child=1 2 4 -5 -6 6 7 -9 -10 -11 11 -13 -14 -15
leaf_value=-0.019595756360587639 -0.023914241901703451 0.0068309739120646709 -0.0083973632819366213 0.05986820978268706 0.0046392615996767297 0.024131182657349454 -0.013476568806559112 0.09098065161724421 0.061088173225108414 0.077127712396902956 -0.027362136899083608 0.013421096531825475 0.034889264197214422 0.07692449567287081
leaf_weight=28176.540224056691 7219.6099021844566 29189.618501037359 18303.069534737617 1796.1199051067233 28261.585269737989 2111.768262796104 1200.6757740825415 710.63406293839216 1427.5761407837272 508.2340852022171 2099.4076517373323 14484.49851796031 469.00245544314384 601.91777247190475
leaf_count=665911 138221 325312 347573 7841 399106 23291 10714 3620 8411 2477 30650 135719 5785 5349
internal_value=-0.000109801 0.00495597 0.0070163 0.0134137 -0.000485017 0.0118336 0.0180174 0.0454574 0.0351431 0.0134694 0.0126769 0.00899065 -0.0159948 0.0358412
internal_weight=136560 108384 101164 54599.5 46564.7 52803.3 23613.7 3847.12 3136.49 1708.91 19766.6 17052.9 2568.41 2713.69
internal_count=2109980 1444069 1305848 559169 746679 551328 226016 25222 21602 13191 200794 172154 36435 28640
is_linear=0
shrinkage=0.03


Tree=27
num_leaves=15
num_cat=0
split_feature=8 12 12 12 8 11 12 11 6 12 12 4 8 12
split_gain=14292.2 6820.4 5011.54 4142.87 2005.74 1670.2 3502.93 1755.58 1031.7 1872.08 1000.68 975.342 973.63 964.127
threshold=2.5000000000000004 1.0000000180025095e-35 14.500000000000002 13.500000000000002 5.5000000000000009 1.5000000000000002 6.5000000000000009 2.5000000000000004 2.5000000000000004 1.5000000000000002 9.5000000000000018 1.5000000000000002 4.5000000000000009 14.500000000000002
decision_type=2 2 2 2 2 2 2 2 2 2 2 2 2 2
left_child=13 -2 3 5 -4 -3 8 10 9 12 -8 -6 -7 -1
right_child=1 2 4 -5 11 6 7 -9 -10 -11 -12 -13 -14 -15
leaf_value=0.0013993305185564014 -0.023703285507005973 0.0065896700107327165 0.0063531579126284085 0.057483515019214983 -0.001046423615634965 -0.023994453438060736 0.025295208716266632 0.084848494292603993 0.027108596861792476 0.013159801467922692 0.067869811980392381 -0.012922096038212386 0.030216280415335958 -0.020865860757230702
leaf_weight=1877.7337309755385 7067.6543594114482 29348.278305385262 21147.626616790891 1814.2228198051453 14469.356376700103 1982.2889454439282 2571.9803421795368 738.67855205386877 3445.5701251029968 14172.340941056609 615.83150466531515 10922.764944400638 350.96238490566611 25800.555150620639
leaf_count=33588 138221 325312 291242 7841 228236 29267 18665 3620 35815 130619 2937 227201 5093 632323
internal_value=-0.000110154 0.00479262 0.00677529 0.0129027 -0.000471251 0.0113831 0.0172748 0.0431762 0.0121773 0.00906033 0.0335199 -0.0061549 -0.0158402 -0.0193554
internal_weight=136326 108648 101580 55040.2 46539.7 53225.9 23877.7 3926.49 19951.2 16505.6 3187.81 25392.1 2333.25 27678.3
internal_count=2109980 1444069 1305848 559169 746679 551328 226016 25222 200794 164979 21602 455437 34360 665911
is_linear=0
shrinkage=0.03


Tree=28
num_leaves=15
num_cat=0
split_feature=6 12 12 12 12 12 9 2 12 12 12 12 9 12
split_gain=12183.4 6308.18 3694.99 3008.87 2500.27 1655.36 1566.33 1406.81 1364.37 1253.05 1300.95 1053.69 823.434 814.319
threshold=18.500000000000004 1.0000000180025095e-35 14.500000000000002 13.500000000000002 14.500000000000002 3.5000000000000004 0.49511539936065679 -0.61844193935394276 10.500000000000002 1.0000000180025095e-35 1.5000000000000002 11.500000000000002 0.40525792539119726 2.5000000000000004
decision_type=2 2 2 2 2 2 2 2 2 2 2 2 2 2
left_child=1 -1 3 5 9 7 -4 -3 12 -2 -11 -12 -7 -9
right_child=4 2 6 -5 -6 8 -8 13 -10 10 11 -13 -14 -15
leaf_value=-0.02319998891657029 -0.029935403380954812 0.014043876570882775 -0.014062396387362543 0.050834002231051743 -0.018269425545907225 -0.0032203805849844451 0.0028933689436109467 0.0023966259451880826 -0.0037986437293068922 0.051579416033948944 -0.0012448108285096568 0.051005682784754515 0.018457746350874875 -0.015665592253372992
leaf_weight=6533.9420178085566 823.93248677253723 7349.6525640711188 5697.3230007663369 1785.7858426272869 30944.864802133292 1671.6523171439767 35183.952439673245 7527.7128973789513 3065.1574815325439 596.23923145234585 3480.0142826326191 385.87205707281828 27846.716935575008 3201.9838482961059
leaf_count=129425 19542 81888 103951 7490 744042 18028 531009 92610 35061 6842 44208 4676 254938 36270
internal_value=-0.000110028 0.00529653 0.00729154 0.0125616 -0.0150122 0.0112125 0.000530369 0.00393254 0.0152519 0.00405569 0.0103322 0.00397055 0.0172301 -0.00299355
internal_weight=136095 99863.9 93329.9 52448.7 36230.9 50662.9 40881.3 18079.3 32583.5 5286.06 4462.13 3865.89 29518.4 10729.7
internal_count=2109980 1290670 1161245 526285 819310 518795 634960 210768 308027 75268 55726 48884 272966 128880
is_linear=0
shrinkage=0.03


Tree=29
num_leaves=15
num_cat=0
split_feature=6 9 7 5 6 9 2 2 1 9 1 1 6 2
split_gain=11576.6 2830.91 1572.61 1442.15 826.27 631.198 588.181 555.628 1097.22 530.401 445.577 429.239 322.53 301.991
threshold=18.500000000000004 0.40525792539119726 130.90686035156253 58.734704971313484 4.5000000000000009 0.25270585715770727 -0.75154662132263172 -0.36589029431343073 19.396832466125492 0.57845675945281994 14.194455146789553 21.022256851196293 49.500000000000007 -0.40859012305736536
decision_type=2 2 2 2 2 2 2 2 2 2 2 2 2 2
left_child=1 5 4 12 6 -1 11 8 -4 -10 -7 -3 -2 -5
right_child=3 2 7 13 -6 10 -8 -9 9 -11 -12 -13 -14 -15
leaf_value=-0.025258262310697225 -0.016171294374669215 0.0086174272550335086 0.01139923975853495 -0.0018381620780982368 -0.0019343979763805411 -0.00071393097830858225 0.0035845811527671087 0.0083725630044293054 0.0091494492723536679 0.036510860465690763 -0.016984110444807719 0.022775959764265521 -0.02354991370689476 -0.010808435560982035
leaf_weight=2161.7597761154175 11107.913517225534 8573.2823544591665 11586.12042170763 5425.9898278303444 17301.162251923233 4207.6615366898477 26971.924895640463 20882.34939616546 825.02107844501734 2807.2991612143815 2367.1265801787376 2485.8813733309507 10252.920670479536 8947.8782542161644
leaf_count=41650 262500 93850 130756 107710 281613 59669 323249 255819 9670 31676 36611 26107 258430 190670
internal_value=-0.00010971 0.00511993 0.00667889 -0.0147691 0.00350092 -0.0111955 0.00597356 0.0115498 0.0159095 0.0302962 -0.0065717 0.0118 -0.0197129 -0.00742225
internal_weight=135904 100170 91433 35734.7 55332.3 8736.55 38031.1 36100.8 15218.4 3632.32 6574.79 11059.2 21360.8 14373.9
internal_count=2109980 1290670 1152740 819310 724819 137930 443206 427921 172102 41346 96280 119957 520930 298380
is_linear=0
shrinkage=0.03


Tree=30
num_leaves=15
num_cat=0
split_feature=8 8 4 11 7 2 2 6 11 2 7 7 8 2
split_gain=12763.6 3726.72 1159.31 894.344 761.543 510.53 400.572 344.513 319.452 284.34 258.669 208.27 186.4 246.678
threshold=2.5000000000000004 5.5000000000000009 1.0000000180025095e-35 1.0000000180025095e-35 89.396892547607436 -0.72676748037338246 -0.55131408572196949 39.500000000000007 1.0000000180025095e-35 -0.6983547806739806 171.17118835449222 140.84641265869143 6.5000000000000009 0.72435304522514354
decision_type=2 2 2 2 2 2 2 2 2 2 2 2 2 2
left_child=3 4 5 7 9 10 -6 -1 -4 -2 -3 -7 -10 -14
right_child=1 2 8 -5 6 11 -8 -9 12 -11 -12 -13 13 -15
leaf_value=-0.016842792095353425 0.0094412521639907106 0.004596550766503775 -0.012099961876901461 0.0010833221524077165 0.015236184206906749 -0.0039448788354317227 0.0089908336858942409 -0.023941244875889379 -0.0078174320383386769 0.0031394238143312462 0.017946795940859003 0.0026293151528790498 0.00035209663662927923 0.031144841971914482
leaf_weight=12616.370595809072 9322.095064368099 5231.3590473532677 11042.928698267788 1894.8976812139153 15202.938625883311 12027.000580463558 23577.061340961605 12012.332599908113 1959.8377994634211 20870.66708092019 1740.8627361096442 6782.8629178218544 1243.2747025936842 288.46592954918742
leaf_count=309142 106688 68547 235536 34072 161284 176240 267770 322697 27366 261007 21607 95705 17835 4484
internal_value=-0.000108425 0.00442227 -0.00282364 -0.0187769 0.00865771 0.000995976 0.0114392 -0.020305 -0.00959908 0.00508513 0.00792991 -0.00157422 -0.00168947 0.00615116
internal_weight=135813 109289 40316.6 26523.6 68972.8 25782.1 38780 24628.7 14534.5 30192.8 6972.22 18809.9 3491.58 1531.74
internal_count=2109980 1444069 647320 665911 796749 362099 429054 631839 285221 367695 90154 271945 49685 22319
is_linear=0
shrinkage=0.03


Tree=31
num_leaves=15
num_cat=0
split_feature=6 12 12 12 12 12 11 12 11 9 1 2 12 12
split_gain=10523.3 5977.93 3499.57 2870.6 2105.23 1508.56 2125.51 1510.07 1617.85 1481.18 1253.79 1229.81 1089.41 1179.76
threshold=20.500000000000004 1.0000000180025095e-35 14.500000000000002 13.500000000000002 14.500000000000002 3.5000000000000004 1.5000000000000002 6.5000000000000009 2.5000000000000004 0.54182651638984691 20.576537132263187 -0.61844193935394276 1.0000000180025095e-35 1.5000000000000002
decision_type=2 2 2 2 2 2 2 2 2 2 2 2 2 2
left_child=1 -1 3 5 12 11 10 -8 -9 -4 -7 -3 -2 -14
right_child=4 2 9 -5 -6 6 7 8 -10 -11 -12 -13 13 -15
leaf_value=-0.023132011148319292 -0.030288215828043811 0.012634552909562136 -0.01168798484486205 0.048748827184043039 -0.018022656884595589 0.0047640141915979567 0.01669308294114593 0.029559300694308108 0.077853602051918491 0.0027224649359183688 0.02471211750655954 -0.0030674811927735605 0.051223715222082411 0.0034064943410022186
leaf_weight=6548.9691685698926 716.6602846942842 7635.375661406666 7880.5040379427373 1805.7327328175306 28076.483364176005 17162.61969281733 8973.5499370060861 3271.9243330620229 771.49936725199223 34623.222872536629 3396.9926453903317 10894.672821540385 537.55934669822454 3410.9469596408308
leaf_count=131295 17672 82730 144440 7576 709581 181098 73041 21401 3606 524981 32798 130334 5985 43442
internal_value=-0.000107128 0.00460376 0.00648768 0.0115625 -0.0149218 0.0102739 0.0140659 0.023552 0.038774 5.06614e-05 0.00805997 0.0034026 0.00374023 0.00991645
internal_weight=135707 102965 96416.1 53912.4 32741.6 52106.6 33576.6 13017 4043.42 42503.7 20559.6 18530 4665.17 3948.51
internal_count=2109980 1333300 1202005 532584 776680 525008 311944 98048 25007 669421 213896 213064 67099 49427
is_linear=0
shrinkage=0.03


Tree=32
num_leaves=15
num_cat=0
split_feature=6 0 11 0 0 2 7 0 0 0 11 1 6 1
split_gain=10005.1 2690.57 2013.42 1363.03 1928.62 1009.85 862.385 760.839 760.614 599.331 704.992 691.279 595.047 559.734
threshold=20.500000000000004 394.89453125000006 1.0000000180025095e-35 1196.7246093750002 742.84570312500011 -0.17439907044172284 187.76160430908206 1040.9238281250002 114.50195312500001 518.70312500000011 1.5000000000000002 19.771273612976078 2.5000000000000004 19.029947280883793
decision_type=2 2 2 2 2 2 2 2 2 2 2 2 2 2
left_child=1 8 -2 4 5 6 9 12 -1 10 -3 -11 -6 -8
right_child=2 3 -4 -5 7 -7 13 -9 -10 11 -12 -13 -14 -15
leaf_value=-0.024319280938846607 -0.017769017484682615 0.0071461686050245561 0.0034828240863116252 -0.015155408139513056 0.012093989888025456 -0.0013167693010192065 0.014926938006614194 0.00066870073290413109 -0.0051351147222626356 -0.0018103016645553943 0.033360749387679182 0.017984908266772126 0.026372799556920894 0.045342662679485217
leaf_weight=2280.3946311809123 27599.107639085501 4136.3871810138226 4694.7113365456462 2602.5861499607563 32524.208907399327 25279.081054214388 3764.1450942829251 4931.1103706546128 10090.400078464299 11046.510049644858 1188.6089428775012 1854.2367740683258 2857.4661853946745 636.63626981899142
leaf_count=47060 709191 62370 67489 33290 342270 354560 43230 58210 173210 138990 14130 22380 35960 7640
internal_value=-0.000106579 0.00445402 -0.0146795 0.00624185 0.00687311 0.00280406 0.00740798 0.0117086 -0.00867147 0.00453002 0.0129976 0.00103488 0.0132472 0.019327
internal_weight=135486 103192 32293.8 90821 88218.4 47905.6 22626.5 40312.8 12370.8 18225.7 5325 12900.7 35381.7 4400.78
internal_count=2109980 1333300 776680 1113030 1079740 643300 288740 436440 220270 237870 76500 161370 378230 50870
is_linear=0
shrinkage=0.03


Tree=33
num_leaves=15
num_cat=0
split_feature=0 12 12 12 9 12 0 0 12 11 0 0 0 12
split_gain=7409.13 8217.72 4536.52 3773.58 2592.99 2514.89 4006.03 2230.15 1897.8 1877.94 1392.87 1203.06 1178.32 977.677
threshold=699.27929687500011 1.5000000000000002 14.500000000000002 1.0000000180025095e-35 0.69790220260620128 1.5000000000000002 502.50000000000006 1112.5644531250002 6.5000000000000009 1.5000000000000002 360.03906250000006 528.18164062500011 762.95898437500011 11.500000000000002
decision_type=2 2 2 2 2 2 2 2 2 2 2 2 2 2
left_child=2 -2 3 -1 -4 6 10 12 9 -7 -5 13 -3 -10
right_child=1 7 4 5 -6 8 -8 -9 11 -11 -12 -13 -14 -15
leaf_value=-0.026163597510647677 -0.02173501315925936 0.0075112970748234947 -0.01712269118271368 0.11924692545927484 -0.0039931694326932124 -0.011851804742354977 -0.0039959457817600463 -0.0059832807587080639 0.020751747089784861 0.01098634256519467 0.052036067133248452 0.0054272865235420117 0.0187673620582548 0.059812698079343599
leaf_weight=3297.5486174188554 6946.7964049428701 11718.325357686728 28120.414366085082 378.15677296370268 26105.42755452916 7882.701339777559 1231.9221922457218 4838.8408332951367 3366.4841279163957 5502.3189392462373 1042.6384717971087 4962.8843568637967 29294.564130619168 695.91874911263585
leaf_count=72457 119633 140432 671798 4754 498330 92146 16269 59079 38218 52622 12330 47439 277126 7347
internal_value=-0.0001055 0.00867185 -0.00571697 0.00400545 -0.0108019 0.00797479 0.035596 0.0132787 0.00470526 -0.00246349 0.0699248 0.0153369 0.0155512 0.0274432
internal_weight=135385 52798.5 82586.4 28360.6 54225.8 25063 2652.72 45851.7 22410.3 13385 1420.8 9025.29 41012.9 4062.4
internal_count=2109980 596270 1513710 343582 1170128 271125 33353 476637 237772 144768 17084 93004 417558 45565
is_linear=0
shrinkage=0.03


Tree=34
num_leaves=15
num_cat=0
split_feature=8 12 8 12 0 12 0 0 0 0 4 0 12 11
split_gain=11041.6 5696.75 3647.66 1439.23 2604.85 1266.88 3598.17 1580.7 1259.2 1260.17 1228.53 928.743 1700.26 2084.02
threshold=2.5000000000000004 1.0000000180025095e-35 5.5000000000000009 1.5000000000000002 489.65820312500006 1.5000000000000002 509.43359375000006 394.89453125000006 1196.7246093750002 759.53320312500011 1.0000000180025095e-35 509.43359375000006 4.5000000000000009 1.5000000000000002
decision_type=2 2 2 2 2 2 2 2 2 2 2 2 2 2
left_child=-1 -2 5 4 -4 6 -3 -7 9 11 -5 12 -9 -14
right_child=1 2 3 10 -6 7 -8 8 -10 -11 -12 -13 13 -15
leaf_value=-0.018036352860346713 -0.023020660972276188 0.051438910701358947 0.076884134621580405 0.0013028053940686163 -0.0027994050964481178 -0.0055995196252752273 -0.020517774423360405 -0.0091019034135812627 -0.010668482790695395 0.017669890532836727 -0.010108562033684872 0.0053726363577256304 0.021014172094963316 0.087641388305933238
leaf_weight=25159.633543599397 6604.8444397822022 778.11333801597357 581.43731378763914 23369.1682953462 1011.6154182031751 4709.798843357712 3187.4876529835165 1479.8004799485207 2036.8972826115787 28762.955045089126 13336.465986315161 19675.992993887514 4077.4805530756712 471.35537357628345
leaf_count=665911 138221 8690 6490 318483 13191 70906 45185 14926 24552 263045 269876 215054 51854 3596
internal_value=-0.000105982 0.00399202 0.00571619 -0.0016318 0.0262837 0.0100337 -0.00639874 0.0110983 0.0124901 0.0133561 -0.00284335 0.00852913 0.0188311 0.0279182
internal_weight=135243 110083 103479 38298.7 1593.05 65179.9 3965.6 61214.3 56504.5 54467.6 36705.6 25704.6 6028.64 4548.84
internal_count=2109980 1444069 1305848 608040 19681 697808 53875 643933 573027 548475 588359 285430 70376 55450
is_linear=0
shrinkage=0.03


Tree=35
num_leaves=15
num_cat=0
split_feature=4 0 11 0 0 10 2 1 10 1 0 11 10 0
split_gain=8531.71 2618.84 1571.62 1206.5 1542.39 1203.88 1068.39 784.104 742.883 581.11 527.849 432.568 407.533 391.278
threshold=36.500000000000007 321.95117187500006 1.0000000180025095e-35 1196.7246093750002 742.84570312500011 -0.012849870603531597 -0.29731735587120051 20.874881744384769 0.35378354787826544 12.373551845550539 696.31445312500011 1.5000000000000002 0.23201555013656619 511.77148437500006
decision_type=2 2 2 2 2 2 2 2 2 2 2 2 2 2
left_child=1 8 10 4 6 9 7 13 -1 -6 12 -5 -2 -3
right_child=2 3 -4 11 5 -7 -8 -9 -10 -11 -12 -13 -14 -15
leaf_value=-0.015038989383878824 -0.019666484113454095 0.011130849996269062 0.0013490448878692748 -0.021511623488904646 0.006939186183532532 0.013128826389748292 -0.0012521898280682786 0.022773740056902105 0.0066594748309405996 -0.0091747632198635898 0.0022753339999670194 0.01139740540048022 -0.0103743428381419 0.0024063896257787202
leaf_weight=7675.4206370040774 19734.973420392722 7111.4112149849534 5183.3894236087799 1953.5544626377523 4909.1294887922704 32138.371435362846 28224.867615796626 2660.3364064097404 1742.4269453883171 3415.5437137298286 1254.1923463232815 440.53585251048207 5413.0286902748048 13240.163093991578
leaf_count=152725 526500 103830 72295 26459 56906 325552 413950 33010 30145 46122 25194 4681 127511 165100
internal_value=-0.000106074 0.00405845 -0.013754 0.0055681 0.006117 0.0104952 0.00265942 0.00745713 -0.0110245 0.000327768 -0.0167191 -0.015456 -0.0176664 0.00545496
internal_weight=135097 103512 31585.6 94093.9 91699.8 40463 51236.8 23011.9 9417.85 8324.67 26402.2 2394.09 25148 20351.6
internal_count=2109980 1358480 751500 1175610 1144470 428580 715890 301940 182870 103028 679205 31140 654011 268930
is_linear=0
shrinkage=0.03


Tree=36
num_leaves=15
num_cat=0
split_feature=8 12 8 9 12 0 4 0 12 0 0 12 0 8
split_gain=10182.5 5441.06 3268.27 1485.81 1310.96 2293.56 1116.38 1002.03 1083.9 1832.21 951.209 831.791 813.921 788.189
threshold=2.5000000000000004 1.0000000180025095e-35 5.5000000000000009 0.41344955563545233 1.5000000000000002 516.40820312500011 1.0000000180025095e-35 371.04492187500006 1.5000000000000002 506.94140625000006 756.22460937500011 14.500000000000002 1040.9238281250002 6.5000000000000009
decision_type=2 2 2 2 2 2 2 2 2 2 2 2 2 2
left_child=11 -2 3 -3 5 13 -6 -5 9 -9 -10 -1 -12 -4
right_child=1 2 4 7 6 -7 -8 8 10 -11 12 -13 -14 -15
leaf_value=0.0016607732338578954 -0.022856564681673606 -0.0046485119716842748 0.035448040827780219 -0.0038309524581806279 0.0012008456656748454 -0.0078603965523038419 -0.009728654046454498 0.045475779172938789 0.0085595896411527258 -0.017901491321200311 0.018930464845248421 -0.019208335883011827 0.0055746429739903756 0.09741359148029631
leaf_weight=1860.4079556539655 6500.4930820688605 6077.8625691346824 407.48433130979538 3875.7406196556985 23428.171334121376 886.20391513034701 13122.262978512794 501.70658758282661 24524.853992138058 2259.112939696759 23645.707405213267 22597.118700191379 4969.7162407264113 337.97582609206438
leaf_count=33588 138221 78707 4442 58849 318483 11675 269876 5241 268781 30856 202916 632323 52458 3564
internal_value=-0.000104775 0.00377085 0.0054346 0.00948337 -0.00154853 0.0247613 -0.00272304 0.0109202 0.011943 -0.00638433 0.0128951 -0.0176209 0.0166109 0.0635419
internal_weight=134995 110537 104037 65854.7 38182.1 1631.66 36550.4 59776.8 55901.1 2760.82 53140.3 24457.5 28615.4 745.46
internal_count=2109980 1444069 1305848 697808 608040 19681 588359 619101 560252 36097 524155 665911 255374 8006
is_linear=0
shrinkage=0.03


Tree=37
num_leaves=15
num_cat=0
split_feature=5 12 0 12 12 12 0 0 12 10 0 12 0 12
split_gain=7697.47 4791.81 2416.59 1990.77 1742.76 1253.4 1216.29 1284.04 3816.83 932.864 919.612 1665.09 842.58 826.429
threshold=83.241119384765639 1.0000000180025095e-35 310.74609375000006 14.500000000000002 1.5000000000000002 1.0000000180025095e-35 1196.7246093750002 745.84960937500011 1.5000000000000002 0.35378354787826544 514.08007812500011 1.5000000000000002 688.29492187500011 1.5000000000000002
decision_type=2 2 2 2 2 2 2 2 2 2 2 2 2 2
left_child=3 -2 4 5 -3 -1 7 10 -9 -6 11 -4 -5 -7
right_child=1 2 6 12 9 13 -8 8 -10 -11 -12 -13 -14 -15
leaf_value=-0.029772855371834668 -0.022105541038741173 0.073722129866243574 0.046232295824784095 -0.016619870235573986 -0.018137210240913394 0.036974907171537355 -0.013852766247386883 -0.024709074852640591 0.014662891525876744 0.008171315698591643 0.0017088763708135528 0.007920459095754024 0.004829429723377114 0.0035518117311789488
leaf_weight=915.45892212167382 5853.3091598860919 215.98014648258686 1103.312706567347 27598.042680390179 5898.2779499664903 768.66762528941035 2372.474296271801 2368.8810594640672 34339.004496902227 1527.0729020945728 31474.790611673146 13680.719843689352 1752.9598882906139 4976.0782074220479
leaf_count=23149 125818 2401 11759 727181 118880 8823 30581 34869 317457 26089 393652 195704 35248 58369
internal_value=-0.000104378 0.00422219 0.00587958 -0.0119788 -0.0102832 0.00282869 0.00732681 0.00793245 0.0121221 -0.0127267 0.00460783 0.0107796 -0.0153388 0.00802394
internal_weight=134845 98833.8 92980.5 36011.2 7641.33 6660.2 85339.2 82966.7 36707.9 7425.35 46258.8 14784 29351 5744.75
internal_count=2109980 1257210 1131392 852770 147370 90341 984022 953441 352326 144969 601115 207463 762429 67192
is_linear=0
shrinkage=0.03


Tree=38
num_leaves=15
num_cat=0
split_feature=8 12 8 9 12 0 0 0 12 0 6 0 12 1
split_gain=9391.74 4957.86 2913.17 1353.53 1128.22 1851.83 1028.99 877.48 959.343 1567.89 807.956 795.776 794.923 780.046
threshold=2.5000000000000004 1.0000000180025095e-35 5.5000000000000009 0.41344955563545233 1.5000000000000002 516.40820312500011 277.51171875000006 363.77343750000006 1.5000000000000002 506.94140625000006 1.5000000000000002 762.95898437500011 14.500000000000002 21.171670913696293
decision_type=2 2 2 2 2 2 2 2 2 2 2 2 2 2
left_child=12 -2 3 -3 5 -4 -6 -5 9 -9 -11 -10 -1 -8
right_child=1 2 4 7 6 -7 13 8 11 10 -12 -13 -14 -15
leaf_value=0.001609235245453607 -0.022418259796130845 -0.0046108307284216665 0.055101300148670138 -0.0039459771212128555 -0.014662509909716558 -0.0076948283970928394 -0.0023624601712479943 0.039380380987489083 0.0082308572966448817 -0.027727385881481006 0.014662964156015847 0.015516926657192141 -0.018806532267700592 0.011692951151436102
leaf_weight=1862.2468312047422 6237.820187266916 6066.6898091249168 812.46147710084915 3679.0584112592041 5429.9765115007758 880.89351618289948 26885.254524156451 545.85840324312449 25738.01913561672 1664.7976137138903 534.61566735431552 28352.723351374269 21927.230298481882 4094.9188895821571
leaf_count=33588 138221 78707 8006 56620 109618 11675 421158 5323 278509 24409 6447 247793 632323 57583
internal_value=-0.000103947 0.00356441 0.00511262 0.0088985 -0.00150279 0.0224344 -0.00261605 0.0102528 0.0111719 -0.00612884 -0.0174235 0.01205 -0.0172084 -0.000504634
internal_weight=134713 110923 104685 66581.8 38103.5 1693.35 36410.1 60515.1 56836 2745.27 2199.41 54090.7 23789.5 30980.2
internal_count=2109980 1444069 1305848 697808 608040 19681 588359 619101 562481 36179 30856 526302 665911 478741
is_linear=0
shrinkage=0.03


Tree=39
num_leaves=15
num_cat=0
split_feature=6 9 0 9 5 7 0 6 1 0 0 0 0 0
split_gain=7523.41 2159.85 1555.41 1166.57 1134.54 1068 649.233 642.178 584.652 583.301 458.115 412.553 397.59 429.968
threshold=20.500000000000004 0.33348613977432257 735.94335937500011 0.56647032499313366 58.734704971313484 136.3246994018555 298.42773437500006 1.5000000000000002 22.347250938415531 968.75000000000011 218.81054687500003 75.220703125000014 1040.9238281250002 821.83007812500011
decision_type=2 2 2 2 2 2 2 2 2 2 2 2 2 2
left_child=1 -1 5 9 -2 10 -6 8 12 -4 -3 -7 13 -5
right_child=4 2 3 7 6 11 -8 -9 -10 -11 -12 -13 -14 -15
leaf_value=-0.016739342147163966 -0.018120983240139034 -0.012398018527614249 0.0055618385700798327 0.0049965170568533638 -0.018858902476003331 -0.023886146149518072 -0.0023724997858695848 0.023773365906358847 0.019526802002761075 -0.0082272619146738172 -0.00060065118619352154 0.0077687276117451168 -0.0036865650719795106 0.013825317075204903
leaf_weight=4456.5860011614859 17969.796632852405 3243.063864544034 8805.444774184376 9429.0856773629785 2803.2430657222867 378.1322756074369 9221.9231230095029 3673.1753329969943 5140.8403763100505 4022.140294291079 34233.32787944749 18467.411995504051 2239.7909715808928 10484.889759406447
leaf_count=81165 505250 64269 97920 94090 71460 7522 199970 40579 49146 47709 491627 237818 25353 96102
internal_value=-0.000103337 0.00369566 0.0046053 0.00884577 -0.0133481 0.00130795 -0.00621572 0.011997 0.0104122 0.00123821 -0.00162155 0.00713358 0.00829712 0.00964496
internal_weight=134569 104574 100117 43795.4 29995 56321.9 12025.2 30967.8 27294.6 12827.6 37476.4 18845.5 22153.8 19914
internal_count=2109980 1333300 1252135 450899 776680 801236 271430 305270 264691 145629 555896 245340 215545 190192
is_linear=0
shrinkage=0.03


Tree=40
num_leaves=15
num_cat=0
split_feature=4 12 12 12 12 0 12 12 11 0 0 12 0 12
split_gain=6853.56 4505.49 2426.25 3129.36 1388.77 1285.23 1134.81 1361.33 1817.25 2392.18 1349.19 2944.29 1135.13 1407.63
threshold=36.500000000000007 1.0000000180025095e-35 14.500000000000002 13.500000000000002 14.500000000000002 321.95117187500006 4.5000000000000009 7.5000000000000009 1.5000000000000002 525.78515625000011 821.83007812500011 9.5000000000000018 693.53710937500011 5.5000000000000009
decision_type=2 2 2 2 2 2 2 2 2 2 2 2 2 2
left_child=1 -1 3 6 -2 -4 -3 12 9 -9 11 -10 -8 -14
right_child=4 2 5 -5 -6 -7 7 8 10 -11 -12 -13 13 -15
leaf_value=-0.02208124208698517 0.0014039322327963478 0.0032110773285583976 -0.01140689395376549 0.048042226325897629 -0.015699939081127698 0.0020998764971269061 0.0071690632529904626 0.027859765161702247 -0.025434192199114258 -0.01002765218464397 0.068740900176049516 0.064569083151611903 0.0050965391371171004 0.029092853270069177
leaf_weight=5839.2636316977441 5162.0572016648948 25322.874075733125 7749.952408157289 1801.2545133158565 24793.749779189005 34861.646900173277 6680.2860118150711 1899.3583340570331 753.38127325102687 7130.5137310549617 571.79901914298534 578.15457118302584 2988.6484616026282 8338.4748442284763
leaf_count=130520 71827 267435 164141 7633 679673 535188 65143 21210 6243 72750 3025 2620 26093 56479
internal_value=-0.000101861 0.00352403 0.00503924 0.00914036 -0.0127526 -0.000356657 0.00784903 0.0119072 0.00355693 -0.00205835 0.0301971 0.0136453 0.0169771 0.0227615
internal_weight=134471 104516 98676.3 56064.7 29955.8 42611.6 54263.5 28940.6 10933.2 9029.87 1903.33 1331.54 18007.4 11327.1
internal_count=2109980 1358480 1227960 528631 751500 699329 520998 253563 105848 93960 11888 8863 147715 82572
is_linear=0
shrinkage=0.03


Tree=41
num_leaves=15
num_cat=0
split_feature=8 12 8 12 12 8 6 4 12 12 12 12 1 12
split_gain=8408.63 4539.79 2516.03 1029.6 970.656 1586.77 1292.5 908.415 751.66 694.312 1932.88 635.062 999.591 1018.21
threshold=2.5000000000000004 1.0000000180025095e-35 5.5000000000000009 1.5000000000000002 1.5000000000000002 4.5000000000000009 2.5000000000000004 1.0000000180025095e-35 14.500000000000002 14.500000000000002 13.500000000000002 4.5000000000000009 11.423842906951906 7.5000000000000009
decision_type=2 2 2 2 2 2 2 2 2 2 2 2 2 2
left_child=8 -2 4 -4 5 6 -3 -5 -1 10 11 -6 13 -13
right_child=1 2 3 7 9 -7 -8 -9 -10 -11 -12 12 -14 -15
leaf_value=0.0016368593631469976 -0.022032076956984933 -0.023081792159623391 0.021206265842212836 0.00099047504747136255 0.0056114955531139151 0.048092681297873668 0.019791926813929803 -0.0089641900093091267 -0.018258773513071726 0.0048112127034097216 0.044761863220953248 0.013966530606787325 0.019182246695194284 -0.0045717791978954021
leaf_weight=1859.9021820835769 6019.6488664932549 2669.8235549107194 1727.5479901619256 23533.480405598879 16352.78556862101 430.88258364796638 829.4435608536005 12704.211576823145 21067.767543550581 21893.675167955458 1507.4556871205568 6929.5471407845616 12385.414708383381 4334.371857650578
leaf_count=33588 138221 40348 19681 318483 152899 4716 8811 269876 632323 291242 6221 52462 100668 40441
internal_value=-0.000100978 0.00330648 0.00475502 -0.00142074 0.00823715 -0.00623023 -0.0129193 -0.00249943 -0.0166448 0.00913394 0.0114139 0.0101572 0.0133004 0.00683296
internal_weight=134246 111318 105299 37965.2 67333.4 3930.15 3499.27 36237.7 22927.7 63403.3 41509.6 40002.1 23649.3 11263.9
internal_count=2109980 1444069 1305848 608040 697808 53875 49159 588359 665911 643933 352691 346470 193571 92903
is_linear=0
shrinkage=0.03


Tree=42
num_leaves=15
num_cat=0
split_feature=6 12 12 12 12 0 12 11 12 11 0 12 1 0
split_gain=6601.89 4149.11 1846.56 2435.35 1573.67 1229.32 1126.36 1548.24 1370.96 1403.58 1391.23 2659.53 1094.22 1404.75
threshold=20.500000000000004 1.0000000180025095e-35 14.500000000000002 13.500000000000002 14.500000000000002 125.46484375000001 3.5000000000000004 1.5000000000000002 6.5000000000000009 2.5000000000000004 777.28320312500011 9.5000000000000018 15.435230255126955 552.99609375000011
decision_type=2 2 2 2 2 2 2 2 2 2 2 2 2 2
left_child=1 -1 3 6 -2 -4 -3 12 -9 10 11 -10 -8 -14
right_child=4 2 5 -5 -6 -7 7 8 9 -11 -12 -13 13 -15
leaf_value=-0.02155900502452231 0.0031106106797258075 0.0014150462547358573 -0.021826332590985282 0.042615668742271219 -0.015822670333914553 0.0012755621541144407 0.00047754667989891703 0.011922595138757796 -0.01803289986485667 0.067644953805763686 0.043884808772808336 0.06064175268605855 -0.0045119765656499895 0.023377013544491669
leaf_weight=5669.1734604034573 4715.986737255007 19416.957427866757 2185.9181416686624 1807.9821578860283 24356.13623104617 40153.670974560082 14204.986512497067 9703.3225672543049 1270.5317204631865 817.6264433413744 1655.5077584385872 555.89780692756176 2370.0722826719284 5173.8157718665898
leaf_count=131295 67099 213064 50491 7576 709581 618930 140485 73041 10523 3606 8413 2465 25882 47529
internal_value=-0.000100053 0.0034033 0.00482819 0.00835448 -0.0127514 8.28522e-05 0.00723167 0.0103907 0.0181711 0.0322729 0.0239668 0.00591276 0.00538134 0.0146151
internal_weight=134058 104985 99316.3 56976.7 29072.1 42339.6 55168.7 35751.8 14002.9 4299.56 3481.94 1826.43 21748.9 7543.89
internal_count=2109980 1333300 1202005 532584 776680 669421 525008 311944 98048 25007 21401 12988 213896 73411
is_linear=0
shrinkage=0.03


Tree=43
num_leaves=15
num_cat=0
split_feature=8 8 9 7 11 1 7 1 2 9 9 4 1 3
split_gain=7759.71 1967.53 1474.15 786.939 695.384 513.774 465.618 365.325 620.615 316.171 313.357 296.658 264.422 259.756
threshold=2.5000000000000004 5.5000000000000009 0.40525792539119726 121.01387786865236 1.0000000180025095e-35 16.313149452209476 88.60297012329103 20.163907051086429 -0.40859012305736536 0.56647032499313366 0.53667581081390392 86.500000000000014 14.828982830047609 0.7951304316520692
decision_type=2 2 2 2 2 2 2 2 2 2 2 2 2 2
left_child=4 2 5 11 10 -2 -4 -5 -9 12 -1 -3 -8 -11
right_child=1 3 6 7 -6 -7 9 8 -10 13 -12 -13 -14 -15
leaf_value=-0.02198269399856001 -0.0023767681565045563 -0.0036031989664612523 0.00442404112212359 0.0010729840017240345 0.0012075588734822822 -0.021372988585980156 0.0088451311626412329 0.03544730258831217 0.0044078656812362787 0.011897203290768949 -0.0145125872026193 -0.011361679435179428 -0.0021731941358596458 0.0028202639907459457
leaf_weight=9120.3087120875716 4466.6454211212695 20374.557692561299 27482.006392836571 10490.429653028026 1883.1684388369322 1796.8736917283386 4714.8192342743278 807.56334536895156 2055.0617637336254 27103.935861829668 11335.181666916236 5669.8474900554866 3355.2053353860974 3169.2425091974437
leaf_count=288291 62031 324110 314508 151299 34072 29559 50644 10040 30680 271078 343548 131191 37175 31754
internal_value=-9.89223e-05 0.00313473 0.006081 -0.00225629 -0.0162372 -0.00782639 0.00740434 0.00366511 0.0131643 0.00954043 -0.0178432 -0.00529221 0.00426414 0.010947
internal_weight=133825 111486 72088.7 39397.5 22338.7 6263.52 65825.2 13353.1 2862.63 38343.2 20455.5 26044.4 8070.02 30273.2
internal_count=2109980 1444069 796749 647320 665911 91590 705159 192019 40720 390651 631839 455301 87819 302832
is_linear=0
shrinkage=0.03


Tree=44
num_leaves=15
num_cat=0
split_feature=8 12 8 12 12 6 8 10 12 2 1 12 12 12
split_gain=7395.33 4149.08 2108.28 941.431 871.686 1453.05 1139.48 844.924 694.01 635.122 1113.93 683.735 1029.26 974.32
threshold=2.5000000000000004 1.0000000180025095e-35 5.5000000000000009 1.5000000000000002 1.5000000000000002 2.5000000000000004 4.5000000000000009 0.30345609784126287 14.500000000000002 -0.57415318489074696 22.945831298828129 3.5000000000000004 14.500000000000002 13.500000000000002
decision_type=2 2 2 2 2 2 2 2 2 2 2 2 2 2
left_child=8 -2 4 -4 5 6 -3 -5 -1 10 -6 -11 13 -13
right_child=1 2 3 7 9 -7 -8 -9 -10 11 -12 12 -14 -15
leaf_value=0.0015099480691819101 -0.021643327297213223 -0.022877909486782148 0.020131534211360585 -0.0057862270712834502 0.009302049415724923 0.023310369442838041 0.049779706283772998 0.003786366023292386 -0.017616272732872792 -0.0028146414261286581 0.026507355508661255 0.011232116346109541 0.0023398550562281628 0.044741331820224085
leaf_weight=1865.6457931697369 5813.0902548804879 2624.332534622401 1759.5626827962697 23063.069496233016 19402.407497417182 1086.1468296870589 209.79162307083607 12962.782505381852 20137.504515338689 6491.5657670684159 4102.8230330869555 17121.465941980481 16264.480218496174 818.25845710933208
leaf_count=33588 138221 40348 19681 382984 183233 11093 2434 205375 632323 64742 34967 142220 215383 3388
internal_value=-9.73944e-05 0.00303354 0.00438803 -0.0012953 0.00754045 -0.00619278 -0.0174995 -0.00234183 -0.0159946 0.00837904 0.0123052 0.00611133 0.00780538 0.0127605
internal_weight=133723 111720 105907 37785.4 68121.3 3920.27 2834.12 36025.9 22003.2 64201 23505.2 40695.8 34204.2 17939.7
internal_count=2109980 1444069 1305848 608040 697808 53875 42782 588359 665911 643933 218200 425733 360991 145608
is_linear=0
shrinkage=0.03


Tree=45
num_leaves=15
num_cat=0
split_feature=4 12 0 12 12 0 0 12 11 9 12 7 9 12
split_gain=5532.65 3764.31 1847.85 2034.36 1187.26 1154.58 1041.92 2891.36 929.78 773.619 737.1 661.203 610.377 569.913
threshold=36.500000000000007 1.0000000180025095e-35 321.95117187500006 1.5000000000000002 14.500000000000002 1196.7246093750002 742.84570312500011 1.5000000000000002 2.5000000000000004 0.85491624474525463 1.0000000180025095e-35 162.93507385253909 0.67905208468437206 7.5000000000000009
decision_type=2 2 2 2 2 2 2 2 2 2 2 2 2 2
left_child=1 -1 3 -3 10 6 8 -8 11 -5 -2 -4 -6 -9
right_child=4 2 5 9 12 -7 7 13 -10 -11 -12 -13 -14 -15
leaf_value=-0.021247193896645429 -0.028477423822181311 0.069300510604172638 0.00033976925116741593 -0.016131800914091613 -0.018340030349972912 -0.015184689654503078 -0.022589603165065624 0.015200339640131684 0.021896609587090936 0.0070992395406051312 0.0055036296804520284 0.0085786441103858063 -0.0082494981500271548 0.0077208402887825461
leaf_weight=5425.7436139732599 658.12323206104338 289.2192404307425 35257.899605298415 6676.4354826025665 14910.201233286411 2328.9890730194747 2327.6653134003282 20641.827466700226 2306.8933749869466 1599.1371333952993 4521.8097326382995 11668.053352054209 8454.5372836198658 16495.710539266467
leaf_count=130520 18447 2848 499814 145471 457502 29708 35845 161241 19830 28202 53380 135377 222171 169624
internal_value=-9.64141e-05 0.00308689 0.0044126 -0.00890941 -0.011808 0.00566608 0.00621357 0.00984519 0.00330245 -0.0116427 0.00118625 0.00238835 -0.0146888 0.0118781
internal_weight=133562 105018 99591.8 8564.79 28544.7 91027 88698 39465.2 49232.8 8275.57 5179.93 46926 23364.7 37137.5
internal_count=2109980 1358480 1227960 176521 751500 1051439 1021731 366710 655021 173673 71827 635191 679673 330865
is_linear=0
shrinkage=0.03


Tree=46
num_leaves=15
num_cat=0
split_feature=8 12 8 9 12 10 12 12 12 4 12 9 1 1
split_gain=6800.12 3781.35 1886.92 1011.57 851.236 786.063 663.226 609.04 936.106 575 554.436 499.393 449.614 443.911
threshold=2.5000000000000004 1.0000000180025095e-35 5.5000000000000009 0.40525792539119726 1.5000000000000002 0.33012878894805914 14.500000000000002 4.5000000000000009 7.5000000000000009 1.0000000180025095e-35 1.0000000180025095e-35 0.83271777629852306 20.163907051086429 16.313149452209476
decision_type=2 2 2 2 2 2 2 2 2 2 2 2 2 2
left_child=6 -2 3 13 -4 9 10 11 -9 -6 -1 -5 -7 -3
right_child=1 2 4 7 5 12 -8 8 -10 -11 -12 -13 -14 -15
leaf_value=-0.031054149622611504 -0.021188833710685962 -6.6298217845498471e-05 0.018889792834731432 0.0023205245977546778 -0.0015657860363255348 0.0015222921270326662 -0.017201947732318128 0.016244110312055839 0.007025269888796714 -0.010800537038599995 0.0097409208758708048 0.024251748539182605 0.016938338481132992 -0.01923441009447583
leaf_weight=375.4485757034272 5587.1026384029537 4095.602100096643 1797.2505454160273 17072.449393719435 16173.001588866115 7872.0191691629589 19576.482924142852 14734.551182121038 30295.981465805322 9712.3085153177381 1488.7272472716868 988.56551853939891 2172.62507404387 1480.4279970265925
leaf_count=10746 138221 52084 19681 165086 216188 125970 632323 106604 344476 213760 22842 8351 32441 21207
internal_value=-9.5571e-05 0.00286796 0.00413126 0.0070926 -0.00125871 -0.00226656 -0.0155737 0.00817508 0.0100418 -0.00503071 0.00152472 0.00352093 0.00485673 -0.0051554
internal_weight=133423 111982 106395 68667.6 37727.2 35930 21440.7 63091.5 45030.5 25885.3 1864.18 18061 10044.6 5576.03
internal_count=2109980 1444069 1305848 697808 608040 588359 665911 624517 451080 429948 33588 173437 158411 73291
is_linear=0
shrinkage=0.03


Tree=47
num_leaves=15
num_cat=0
split_feature=4 12 12 12 12 9 11 12 11 12 12 9 2 12
split_gain=5030.79 3424.86 1590.97 2666.23 1114.1 907.165 858.406 2338.11 1170.67 883.404 686.753 629.192 621.48 1064.76
threshold=36.500000000000007 1.0000000180025095e-35 14.500000000000002 13.500000000000002 14.500000000000002 0.40525792539119726 1.5000000000000002 6.5000000000000009 2.5000000000000004 9.5000000000000018 1.0000000180025095e-35 0.77754870057106029 0.052792338654398925 3.5000000000000004
decision_type=2 2 2 2 2 2 2 2 2 2 2 2 2 2
left_child=1 -1 3 6 10 -4 -3 11 9 -9 -2 -8 -13 -14
right_child=4 2 5 -5 -6 -7 7 8 -10 -11 -12 12 13 -15
leaf_value=-0.020785454599795323 -0.028282701620759236 0.0027824362288011357 -0.017482860736892029 0.043430311044085332 -0.014255054810656595 0.00085277131324361301 0.0038721040020048862 0.015515390420576218 0.062277031957973752 0.054036597835194038 0.0052148761211681313 0.0082402412558609493 -0.00058578733464719531 0.055218329724190711
leaf_weight=5217.9338467568159 626.67916203290224 30012.819073013961 2586.1499873511493 1789.9572845250368 22799.771233266219 39836.651388213038 17888.646912727505 2863.5701439082623 832.61035533994436 659.1282832249999 4550.9282767288387 2314.806368470192 494.97114703431726 813.43800685182214
leaf_count=130520 18447 301923 58788 7633 679673 640541 165115 18438 3577 2892 53380 18612 4908 5533
internal_value=-9.4445e-05 0.00290963 0.00414488 0.00738884 -0.0114022 -0.000264993 0.00623436 0.0102395 0.0302846 0.0227231 0.00116045 0.00618115 0.0175814 0.0341076
internal_weight=133288 105311 100093 57669.9 27977.4 42422.8 55880 25867.2 4355.31 3522.7 5177.61 21511.9 3623.22 1308.41
internal_count=2109980 1358480 1227960 528631 751500 699329 520998 219075 24907 21330 71827 194168 29053 10441
is_linear=0
shrinkage=0.03


Tree=48
num_leaves=15
num_cat=0
split_feature=8 8 9 7 0 0 9 0 0 4 0 0 0 9
split_gain=6283.61 1513.58 1219.53 686.751 605.14 521.91 468.096 503.33 439.803 576.558 426.221 406.08 538.541 404.372
threshold=2.5000000000000004 5.5000000000000009 0.36807131767272955 121.01387786865236 277.51171875000006 360.03906250000006 0.53168705105781566 862.84179687500011 205.31054687500003 38.500000000000007 1062.3691406250002 762.95898437500011 509.43359375000006 0.81814503669738781
decision_type=2 2 2 2 2 2 2 2 2 2 2 2 2 2
left_child=8 2 -2 4 -3 -4 7 -7 -1 -10 -6 12 -8 -13
right_child=1 3 5 -5 10 6 11 -9 9 -11 -12 13 -14 -15
leaf_value=-0.026067885358441477 -0.010304272906089897 -0.016300981927545397 -0.004633170151072636 0.0034622082980668876 -0.0024028370840547043 0.0065780521707704655 0.012526536391578942 -0.0057632211664269484 -0.0054505091129746289 -0.017039296085698711 -0.029819640131650869 0.0095194147091477582 0.0027880483765039352 0.022306528373439442
leaf_weight=2879.9149713627994 4259.7291511315852 3610.6083622127771 3758.0654250960797 13403.426637090743 21540.365508724004 7393.2597536370158 7004.4219577796757 4976.0533215869218 5601.6629772204906 12453.749566264451 522.70524160563946 24317.144947130233 18902.938648588955 2450.0102374404669
leaf_count=94081 66126 81946 59766 192019 364941 86807 81901 56420 148869 422961 8414 220435 204436 20858
internal_value=-9.29901e-05 0.00272371 0.00527267 -0.00204201 -0.00491559 0.00623708 0.00686514 0.00161328 -0.0151805 -0.0134439 -0.00305238 0.00809841 0.00542099 0.0106898
internal_weight=133074 112139 73061.6 39077.1 25673.7 68801.9 65043.8 12369.3 20935.3 18055.4 22063.1 52674.5 25907.4 26767.2
internal_count=2109980 1444069 796749 647320 455301 730623 670857 143227 665911 571830 373355 527630 286337 241293
is_linear=0
shrinkage=0.03


Tree=49
num_leaves=15
num_cat=0
split_feature=8 8 9 0 6 0 2 0 2 9 0 9 0 0
split_gain=5984.86 1418.21 1147.05 554.449 550.258 615.782 519.252 490.359 459.641 477.156 461.051 491.32 402.889 340.275
threshold=2.5000000000000004 5.5000000000000009 0.36807131767272955 277.51171875000006 31.500000000000004 144.01171875000003 -0.39409935474395746 382.30664062500006 -0.55131408572196949 0.55414739251136791 752.83007812500011 0.83271777629852306 940.14257812500011 509.43359375000006
decision_type=2 2 2 2 2 2 2 2 2 2 2 2 2 2
left_child=4 2 12 -3 5 -1 -5 -4 13 -10 -11 -12 -2 -9
right_child=1 3 7 6 -6 -7 -8 8 9 10 11 -13 -14 -15
leaf_value=-0.029135020593990479 -0.0035533388615155382 -0.010994235819661153 -0.0037084665595233444 0.0040916587505926633 -0.019362781709790472 -0.0064690361279861677 -0.0035433653647818776 0.019367779199311388 -0.0012539340652325723 0.002626885254596715 0.0084419353136147221 0.027636864175247071 -0.023231593074612318 0.0085817850763838747
leaf_weight=1246.2468976695091 2822.8875035569072 5310.7951935827732 4365.6702042128891 13144.364623581991 11368.329734172672 8026.2707625050098 20550.660181669518 2992.3559083398432 9333.0298850219697 14522.153541196138 14696.530777405947 1306.8671121262014 1401.1717959567904 21883.488631526008
leaf_count=40138 42797 114553 68029 193746 402557 223216 339021 32207 108634 168161 134061 10958 23329 208573
internal_value=-9.14939e-05 0.00263677 0.00509535 -0.00198494 -0.014939 -0.00951539 -0.000564957 0.00602307 0.00667936 0.0046823 0.00649727 0.0100094 -0.0100809 0.00987925
internal_weight=132971 112330 73324.2 39005.8 20640.8 9272.52 33695 69100.1 64734.4 39858.6 30525.6 16003.4 4224.06 24875.8
internal_count=2109980 1444069 796749 647320 665911 263354 532767 730623 662594 421814 313180 145019 66126 240780
is_linear=0
shrinkage=0.03


Tree=50
num_leaves=15
num_cat=0
split_feature=8 8 9 11 6 9 1 6 1 9 9 1 10 3
split_gain=5699.68 1329.04 1082.37 616.443 513.847 424.394 389.777 375.236 287.766 272.352 252.956 246.513 233.034 231.78
threshold=2.5000000000000004 5.5000000000000009 0.33953912556171423 1.0000000180025095e-35 6.5000000000000009 0.53168705105781566 15.987113952636721 40.500000000000007 21.323174476623539 0.22337984293699267 0.85491624474525463 16.313149452209476 0.049846941605210311 0.82451578974723827
decision_type=2 2 2 2 2 2 2 2 2 2 2 2 2 2
left_child=3 2 11 7 -3 6 12 9 -6 -1 13 -2 -4 -7
right_child=1 4 5 -5 8 10 -8 -9 -10 -11 -12 -13 -14 -15
leaf_value=-0.028997963958911625 -0.0069880975105218786 0.0013659722791915913 0.0060158027230947705 0.0018212532284763239 -0.0070992074176276345 0.0069222304116786761 -0.0066757894632603681 -0.020979468270203142 0.0033628392529699829 -0.010930251999155123 0.014203862183042131 -0.025600806747933028 -0.0079751539168743581 1.1804531224421242e-05
leaf_weight=817.75643383897841 2126.5088041499257 20340.812726769596 8581.8975354786962 1848.3515570797026 15812.818493939936 47836.96629130654 4175.3753764666617 8507.6746906861663 2782.5640819706023 9180.8652165494859 3905.9348876066506 916.39907074160874 1224.2864658497274 4807.2312646321952
leaf_count=27897 32404 270731 100552 34072 323583 486804 52012 314665 53006 289277 44067 17796 14719 48395
internal_value=-8.99842e-05 0.00255288 0.00492484 -0.0146985 -0.00192921 0.00568062 0.00100055 -0.0163484 -0.00553369 -0.012408 0.00683773 -0.0125935 0.00426905 0.0062912
internal_weight=132865 112511 73574.6 20354.6 38936.2 70531.7 13981.6 18506.3 18595.4 9998.62 56550.1 3042.91 9806.18 52644.2
internal_count=2109980 1444069 796749 665911 647320 746549 167283 631839 376589 317174 579266 50200 115271 535199
is_linear=0
shrinkage=0.03


Tree=51
num_leaves=15
num_cat=0
split_feature=8 12 8 12 0 0 9 0 12 2 12 2 0 12
split_gain=5427.63 3434.02 1414.34 775.513 1564.2 768.818 766.817 904.541 614.062 613.034 659.013 575.905 566.673 553.429
threshold=2.5000000000000004 1.0000000180025095e-35 5.5000000000000009 1.5000000000000002 516.40820312500011 277.51171875000006 0.48346233367919927 951.10351562500011 14.500000000000002 -0.60760971903800953 3.5000000000000004 0.64463478326797496 363.77343750000006 4.5000000000000009
decision_type=2 2 2 2 2 2 2 2 2 2 2 2 2 2
left_child=8 -2 6 4 11 -5 7 -3 -1 -7 -11 -4 -8 -14
right_child=1 2 3 5 -6 9 12 -9 -10 10 -12 -13 13 -15
leaf_value=0.0020923033263101527 -0.020832292805905352 0.0040183166140877209 0.029322023552786014 -0.012969851067275984 -0.009223085003234396 0.0059129073487335926 -0.0041758665079715063 -0.01554431367263469 -0.016122844480293341 -0.02066537365022637 -0.001544426546188098 0.08037876800097922 0.0034701196312937476 0.010148959601183949
leaf_weight=1833.0401599183679 5417.4105311837047 8150.3628565818071 596.82191708683968 4975.6129432991147 930.22409334406257 9842.5439484789968 3498.6585550531745 2878.5347022414207 18242.444723827764 1773.3426475785673 19039.83224953711 298.16772878170013 15524.84109717235 39771.414395235479
leaf_count=33588 138221 97023 5260 109618 11675 140454 53489 37241 632323 21835 316452 2746 142185 367870
internal_value=-8.83829e-05 0.00247165 0.00364845 -0.00105457 0.0180181 -0.00203156 0.00617135 -0.00108752 -0.0144597 -0.000256212 -0.00317359 0.0463317 0.00753299 0.00827382
internal_weight=132773 112698 107280 37456.5 1825.21 35631.3 69823.8 11028.9 20075.5 30655.7 20813.2 894.99 58794.9 55296.3
internal_count=2109980 1444069 1305848 608040 19681 588359 697808 134264 665911 478741 338287 8006 563544 510055
is_linear=0
shrinkage=0.03


Tree=52
num_leaves=15
num_cat=0
split_feature=8 12 11 12 11 8 6 12 12 12 2 12 1 12
split_gain=5167.25 3277.33 1344.04 2132.93 1077.5 893.552 873.385 1084.52 810.781 694.668 898.339 738.731 623.914 593.634
threshold=2.5000000000000004 1.0000000180025095e-35 1.5000000000000002 6.5000000000000009 2.5000000000000004 5.5000000000000009 1.5000000000000002 1.5000000000000002 9.5000000000000018 4.5000000000000009 -0.89440608024597157 6.5000000000000009 20.428738594055179 14.500000000000002
decision_type=2 2 2 2 2 2 2 2 2 2 2 2 2 2
left_child=13 -2 5 6 8 9 7 -4 -5 10 -3 12 -11 -1
right_child=1 2 3 4 -6 -7 -8 -9 -10 11 -12 -13 -14 -15
leaf_value=0.0020258028135393094 -0.02060321118982707 0.016570840531678115 -0.017970918190628279 0.014272079439673993 0.058462807336070219 -0.0021750575466268928 0.016539764046943239 0.0051186755045164898 0.050560933786547357 0.010975947058220407 -0.0094845985146477553 0.0042003793983328716 0.03633946935986257 -0.015881547120336022
leaf_weight=1836.3649960532784 5314.8755332306027 1493.1746191754937 2076.4649987779558 2964.8109339624643 855.58495257794857 33343.35108423233 5054.5289471708238 15476.092609897256 681.4816525131464 4246.6662573702633 5883.5030820146203 34356.59950119257 1098.6938350386918 17968.210239281878
leaf_count=33588 138221 14153 32016 18665 3620 568939 45621 123157 2937 36070 62240 390783 7647 632323
internal_value=-8.73695e-05 0.00239312 0.00352974 0.00930659 0.0281639 0.00158246 0.00555144 0.00238718 0.0210544 0.00424372 -0.0042105 0.00581452 0.0161892 -0.0142211
internal_weight=132650 112846 107531 27109 4501.88 80422 22607.1 17552.6 3646.29 47078.6 7376.68 39702 5345.36 19804.6
internal_count=2109980 1444069 1305848 226016 25222 1079832 200794 155173 21602 510893 76393 434500 43717 665911
is_linear=0
shrinkage=0.03


Tree=53
num_leaves=15
num_cat=0
split_feature=8 12 11 12 11 2 12 12 12 12 12 12 9 8
split_gain=4919.01 3128.07 1255.8 1984.13 1002.16 872.739 753.802 742.208 1167.78 1392.95 671.12 573.675 549.296 548.507
threshold=2.5000000000000004 1.0000000180025095e-35 1.5000000000000002 6.5000000000000009 2.5000000000000004 -0.55131408572196949 9.5000000000000018 4.5000000000000009 14.500000000000002 13.500000000000002 1.5000000000000002 14.500000000000002 0.7756800949573518 4.5000000000000009
decision_type=2 2 2 2 2 2 2 2 2 2 2 2 2 2
left_child=11 -2 5 12 6 -3 -5 10 9 -9 13 -1 -4 -7
right_child=1 2 3 4 -6 7 -8 8 -10 -11 -12 -13 -14 -15
leaf_value=0.0019615317024877462 -0.020372994097146404 0.0060020728831323622 0.0032192977739600908 0.013738589256843264 0.056172814996396592 -0.013704637817829601 0.048568377802686337 0.0054713910716044844 -0.0023030426555790489 0.04300235526402596 -0.015019823886826517 -0.015640494875977871 0.015522911567639498 0.022638227571869125
leaf_weight=1839.5889902953058 5215.2024992201477 26420.059257999063 18734.706617772579 2987.1920396983624 863.62178624421358 640.29709745198488 688.05227966606617 12574.833921290934 33753.946830872446 957.81151171028614 5257.7609915658832 17701.849565457553 3955.2109225094318 897.84319904819131
leaf_count=33588 138221 328081 169925 18665 3620 9463 2937 120476 549649 4082 58414 632323 30869 9667
internal_value=-8.61957e-05 0.00231824 0.00341671 0.00898602 0.0270925 0.00153297 0.0202592 -0.000650246 0.000682079 0.00812775 -0.0099207 -0.0139835 0.00536401 0.00750942
internal_weight=132488 112947 107731 27228.8 4538.87 80502.6 3675.24 54082.5 47286.6 13532.6 6795.9 19541.4 22689.9 1538.14
internal_count=2109980 1444069 1305848 226016 25222 1079832 21602 751751 674207 124558 77544 665911 200794 19130
is_linear=0
shrinkage=0.03


Tree=54
num_leaves=15
num_cat=0
split_feature=8 12 8 9 12 10 12 12 12 12 11 4 11 9
split_gain=4682.21 2985.73 1218.96 718.147 689.817 727.93 554.182 520.899 482.601 717.35 905.78 480.65 435.049 733.247
threshold=2.5000000000000004 1.0000000180025095e-35 5.5000000000000009 0.33953912556171423 1.5000000000000002 0.32268922030925756 14.500000000000002 1.0000000180025095e-35 4.5000000000000009 7.5000000000000009 1.5000000000000002 1.0000000180025095e-35 1.5000000000000002 0.78145918250083934
decision_type=2 2 2 2 2 2 2 2 2 2 2 2 2 2
left_child=6 -2 3 -3 -4 11 7 -1 12 -10 -11 -6 -5 -14
right_child=1 2 4 8 5 -7 -8 -9 9 10 -12 -13 13 -15
leaf_value=-0.030971335323133686 -0.020141679841379385 -0.0097971063081222047 0.016711540291475261 -0.0038563175860604664 -0.0016253762217022885 0.0044696573365990968 -0.015399777494918986 0.0096391762230640388 0.013088135120387475 0.0041232589619520183 0.027100570390834865 -0.010284285182990374 0.0028005686755388465 0.024230681839271802
leaf_weight=351.19452100992203 5118.3170288708061 2614.1070583947003 1866.3852584809065 6804.7694873325527 15508.347650457174 10870.450143482536 17443.144940348342 1491.5207153186202 15807.163308300078 30560.490961775184 1626.2340962663293 9187.713350456208 11408.313562106341 1644.0351350978017
leaf_count=10746 138221 37498 19681 68722 208005 171734 632323 22842 110668 350219 8872 208620 109372 12457
internal_value=-8.48799e-05 0.0022465 0.00330852 0.00563259 -0.0010664 -0.00199932 -0.0137469 0.00189941 0.00622705 0.00785448 0.00528419 -0.00484676 0.00229361 0.00549984
internal_weight=132302 113016 107898 70465.1 37432.9 35566.5 19285.9 1842.72 67851 47993.9 32186.7 24696.1 19857.1 13052.3
internal_count=2109980 1444069 1305848 697808 608040 588359 665911 33588 660310 469759 359091 416625 190551 121829
is_linear=0
shrinkage=0.03


Tree=55
num_leaves=15
num_cat=0
split_feature=8 7 0 0 9 1 0 0 0 4 1 9 0 8
split_gain=4456.16 1111.4 967.21 1450.74 543.334 517.992 513.152 987.845 459.571 566.873 336.015 242.947 228.318 222.628
threshold=2.5000000000000004 129.62794494628909 699.27929687500011 1040.9238281250002 0.47750659286975866 15.125865936279299 550.36523437500011 302.49023437500006 205.31054687500003 38.500000000000007 22.347250938415531 0.86072671413421642 742.84570312500011 4.5000000000000009
decision_type=2 2 2 2 2 2 2 2 2 2 2 2 2 2
left_child=8 2 6 -4 5 -3 7 11 -1 12 -6 -2 -10 -8
right_child=1 4 3 -5 10 -7 13 -9 9 -11 -12 -13 -14 -15
leaf_value=-0.025337829447646783 -0.013809467303556346 0.0046597624800895953 0.0063261517708321753 -0.012909161224909626 0.0058790686706548878 -0.016269713591947853 -0.0029098238727903892 0.002706963311659046 -0.0050354501344752767 -0.015465760095354105 0.013295719969764525 0.0026920100949625186 0.022230702206073288 -0.010594383424393365
leaf_weight=2559.959161227569 5092.1724554467946 2584.7265080362558 27179.179138723761 4055.3909806720912 31176.407993070781 1809.2044871579856 5415.4658827744424 19100.697827963158 4930.0571887958795 11254.026423130184 6674.8160198405385 953.31777109391987 292.8140433114022 9085.2875172868371
leaf_count=94081 111456 32559 285716 50296 341274 28257 64129 297962 142775 422961 70192 18588 6094 143640
internal_value=-8.36834e-05 0.00217607 -0.000119525 0.0038287 0.00602776 -0.00395797 -0.00323001 -0.000638226 -0.0135123 -0.011675 0.00718695 -0.0112073 -0.00350681 -0.0077245
internal_weight=132164 113127 70881.5 31234.6 42245.2 4393.93 39646.9 25146.2 19036.9 16476.9 37851.2 6045.49 5222.87 14500.8
internal_count=2109980 1444069 971787 336012 472282 60816 635775 428006 665911 571830 411466 130044 148869 207769
is_linear=0
shrinkage=0.03


Tree=56
num_leaves=15
num_cat=0
split_feature=8 12 8 9 7 12 12 12 12 2 1 9 1 2
split_gain=4239.97 2849.17 1106.47 659.362 638.235 533.036 502.491 453.54 654.341 508.29 885.68 447.48 397.296 641.981
threshold=2.5000000000000004 1.0000000180025095e-35 5.5000000000000009 0.33953912556171423 121.01387786865236 14.500000000000002 1.0000000180025095e-35 4.5000000000000009 7.5000000000000009 -0.70749208331108082 14.474240779876711 0.81814503669738781 20.163907051086429 -0.40859012305736536
decision_type=2 2 2 2 2 2 2 2 2 2 2 2 2 2
left_child=5 -2 3 -3 -4 6 -1 9 -9 -5 11 -11 -6 -14
right_child=1 2 4 7 12 -7 -8 8 -10 10 -12 -13 13 -15
leaf_value=-0.030927152639438564 -0.019945755983191853 -0.0095275619797978474 -0.0038800957233459262 0.0082279037007005722 0.0016150482875716477 -0.014937893222575977 0.0095728891590907833 0.012440866121919964 0.005018978159398552 0.0023667620963375713 -0.012156162015391679 0.028866165562273793 0.037573895669481203 0.0054015631123600204
leaf_weight=338.1325091663748 5038.1659721564502 2587.6499950699508 24527.80158367753 7553.9781640283763 10105.254132710397 16964.891905913129 1493.605300962925 15966.935749098659 32354.892013080418 7207.2653812728822 4559.8145677037537 623.09682989493012 776.91045160219073 1983.015230320394
leaf_count=10746 138221 37498 431972 68237 139553 632323 22842 110668 359091 70361 47219 4734 8241 28274
internal_value=-8.23058e-05 0.00210715 0.00313357 0.00533699 -0.00104155 -0.0132779 0.00209672 0.00590043 0.00747139 0.00209424 -0.0016453 0.00447544 0.0043702 0.014458
internal_weight=132081 113285 108247 70853.6 37393 18796.6 1831.74 68266 48321.8 19944.2 12390.2 7830.36 12865.2 2759.93
internal_count=2109980 1444069 1305848 697808 608040 665911 33588 660310 469759 190551 122314 75095 176068 36515
is_linear=0
shrinkage=0.03


Tree=57
num_leaves=15
num_cat=0
split_feature=8 12 0 12 2 1 12 12 11 12 0 9 12 9
split_gain=4033.95 2719.31 1071.59 1669.31 1018.71 1143.74 2012.76 921.146 1496.21 876.51 1107.62 867.792 799.445 749.429
threshold=2.5000000000000004 1.0000000180025095e-35 310.74609375000006 1.5000000000000002 -0.55131408572196949 19.771273612976078 2.5000000000000004 3.5000000000000004 1.5000000000000002 2.5000000000000004 913.97460937500011 0.59934034943580639 3.5000000000000004 0.84530103206634533
decision_type=2 2 2 2 2 2 2 2 2 2 2 2 2 2
left_child=-1 -2 3 -3 5 9 -7 -6 -9 10 11 -4 -11 -10
right_child=1 2 4 -5 7 6 -8 8 13 12 -12 -13 -14 -15
leaf_value=-0.013045753674436529 -0.019712503800799919 0.058772931605698096 0.037676118164663049 -0.0098883058248896809 -0.0062180437971146351 -0.010074011136232243 0.026541579690249145 0.0010750709287208734 0.012823780478926104 -0.014595458271178398 -0.021310172051616207 0.0092194737637565881 0.0046142899258058718 0.051058452719186992
leaf_weight=18561.694798577577 4946.2466722521931 331.64738969504833 1901.8870102204382 8151.3724164701998 11215.688592616469 1751.6756164319813 5909.1188787259161 43607.290091577917 7545.2647658213973 2131.3893371596932 577.27144783735275 1956.7922554537654 22884.109919775277 491.4295439273119
leaf_count=665911 138221 2862 19279 168184 125895 18500 51112 574618 50076 19808 6445 18477 247505 3087
internal_value=-8.11063e-05 0.00204097 0.00303307 -0.00720396 0.00390172 0.00784299 0.0181693 0.00157481 0.0032672 0.00515696 0.0174471 0.0232453 0.00297757 0.0151618
internal_weight=131963 113401 108455 8483.02 99971.9 37112.2 7660.79 62859.7 51644 29451.4 4435.95 3858.68 25015.5 8036.69
internal_count=2109980 1444069 1305848 171046 1134802 381126 69612 753676 627781 311514 44201 37756 267313 53163
is_linear=0
shrinkage=0.03


Tree=58
num_leaves=15
num_cat=0
split_feature=8 0 9 8 0 6 0 1 9 1 0 0 0 11
split_gain=3836.18 947.445 938.401 635.937 582.774 564.054 647.564 523.82 493.801 483.527 336.26 474.637 574.391 518.012
threshold=2.5000000000000004 310.74609375000006 0.42165745794773107 5.5000000000000009 951.10351562500011 40.500000000000007 151.93164062500003 21.487648963928226 0.86072671413421642 16.564858436584476 1062.3691406250002 685.42578125000011 518.70312500000011 1.5000000000000002
decision_type=2 2 2 2 2 2 2 2 2 2 2 2 2 2
left_child=5 8 4 -4 9 6 -1 10 -2 -3 11 12 13 -5
right_child=1 2 3 7 -6 -7 -8 -9 -10 -11 -12 -13 -14 -15
leaf_value=-0.028082833276110344 -0.011014036159163805 0.0017784410096895141 0.0052846470971386382 -0.00036050388949923509 -0.020812058480087048 -0.018882726118133165 -0.0054446940256550579 0.0099055362767149352 0.007438005499568287 -0.01873861409008843 -0.029415576441757827 0.0052962110255418571 -0.0084987433639766054 0.024543196732422428
leaf_weight=1298.1793321706355 7019.2350821550936 5095.285770278424 65277.403395945206 8106.030013192445 2036.643604286015 7866.2689383327961 9171.8282354716212 4219.3268340509385 1603.461993901059 1296.9290939625353 381.81137954257429 7563.2247620970011 10078.053203936666 828.554568503052
leaf_count=49338 148120 72887 650103 147808 33566 321633 294940 58164 29705 22983 6277 99615 164325 10516
internal_value=-8.0338e-05 0.00197645 0.00276233 0.00360119 -0.00683696 -0.0128124 -0.0082516 7.64109e-05 -0.00758273 -0.0023843 -0.00146201 -0.00106041 -0.00358907 0.00194896
internal_weight=131842 113506 104883 96454.4 8428.86 18336.3 10470 31177 8622.7 6392.21 26957.7 26575.9 19012.6 8934.58
internal_count=2109980 1444069 1266244 1136808 129436 665911 344278 486705 177825 95870 428541 422264 322649 158324
is_linear=0
shrinkage=0.03


Tree=59
num_leaves=15
num_cat=0
split_feature=8 12 12 12 3 3 0 12 0 3 12 1 12 0
split_gain=3648.37 2593.5 960.094 2804.19 753.048 666.863 609.072 606.934 859.767 749.304 765.293 1047.03 717.3 1105.36
threshold=2.5000000000000004 1.0000000180025095e-35 14.500000000000002 13.500000000000002 -0.11061397939920424 0.76752087473869335 610.64257812500011 4.5000000000000009 951.10351562500011 -0.23699139803647992 2.5000000000000004 24.310859680175785 7.5000000000000009 523.33984375000011
decision_type=2 2 2 2 2 2 2 2 2 2 2 2 2 2
left_child=-1 -2 3 5 -4 7 -6 8 -3 -10 -11 -12 -9 -14
right_child=1 2 4 -5 6 -7 -8 12 9 10 11 -13 13 -15
leaf_value=-0.012581970928387212 -0.019509051820373231 0.003834558329053835 -0.0031496779127761472 0.042044856297388689 -0.00034315733887130387 -0.0047025166265797121 0.011592818375498927 0.011864939523571842 -0.028260499238065569 -0.016233715185013615 -0.011715240274837712 0.075306482386025941 0.020649756106698808 -0.0030793587138311634
leaf_weight=18116.466383054852 4867.9201147872955 22582.365932069719 30542.860935622826 1814.2429454997182 8669.8066123053432 6740.4513573385775 6917.7179507724941 18313.24156408757 1496.1338108219206 727.33986394479871 247.46210182085633 250.29767227172852 2250.4821806550026 8220.1385152414441
leaf_count=665911 138221 224015 504532 7841 152455 61978 89692 138329 17860 8504 2489 1835 23696 72622
internal_value=-7.89878e-05 0.00191423 0.00287299 0.00529167 -0.00041143 0.00419548 0.00495401 0.00530436 0.00191492 -0.0140153 0.00338138 0.0320435 0.00828397 0.00202081
internal_weight=131757 113640 108773 62642.2 46130.4 60827.9 15587.5 54087.5 25303.6 2721.23 1225.1 497.76 28783.9 10470.6
internal_count=2109980 1444069 1305848 559169 746679 551328 242147 489350 254703 30688 12828 4324 234647 96318
is_linear=0
shrinkage=0.03


Tree=60
num_leaves=15
num_cat=0
split_feature=6 12 0 0 0 12 12 0 6 0 6 12 12 12
split_gain=3421.22 2494.27 1356.01 869.033 904.036 2493.96 877.848 1838.6 865.963 705.508 662.536 650.318 763.816 630.104
threshold=30.500000000000004 1.0000000180025095e-35 167.13085937500003 1219.4902343750002 742.84570312500011 1.5000000000000002 1.5000000000000002 516.40820312500011 2.5000000000000004 352.30078125000006 3.5000000000000004 3.5000000000000004 5.5000000000000009 14.500000000000002
decision_type=2 2 2 2 2 2 2 2 2 2 2 2 2 2
left_child=1 -1 -3 4 6 -6 7 9 -7 -4 -11 -10 -13 -2
right_child=13 2 3 -5 5 8 -8 -9 11 10 -12 12 -14 -15
leaf_value=-0.019347860838011422 0.0012925314076177995 -0.015817214609089143 0.072339813794208591 -0.017192624318066035 -0.022799391077116361 0.0076291042856652972 0.00052795272486183867 -0.0083089066490866469 0.0018191172304662193 0.04995914574420162 0.0081048178519623742 0.061879660731629073 0.021667566522545055 -0.014727451849812825
leaf_weight=4796.8156405389309 2590.1136706527323 3426.9860936291516 397.37202925607562 1820.2037910949439 2377.0084588974714 37614.691749364138 57921.393163999543 1462.8157913051546 781.27961635962129 619.3435239084065 755.72521175071597 615.87257559970021 1372.6244985722005 15044.502410216257
leaf_count=138177 38599 90908 3543 23762 37115 317437 852174 19058 7264 6190 6538 4830 18014 546371
internal_value=-7.78452e-05 0.00182495 0.0027553 0.00335724 0.00371718 0.00706348 0.00137741 0.0165855 0.00882119 0.0371311 0.0269564 0.0250102 0.034122 -0.0123745
internal_weight=131597 113962 109165 105738 103918 42761.5 61156.6 3235.26 40384.5 1772.44 1375.07 2769.78 1988.5 17634.6
internal_count=2109980 1525010 1386833 1295925 1272163 384660 887503 35329 347545 16271 12728 30108 22844 584970
is_linear=0
shrinkage=0.03


Tree=61
num_leaves=15
num_cat=0
split_feature=8 12 8 0 12 0 0 1 12 2 9 0 12 12
split_gain=3354.4 2370.68 901.588 617.448 575.412 1250.8 614.715 571.055 835.826 922.096 569.692 549.282 2055.67 513.501
threshold=2.5000000000000004 1.0000000180025095e-35 5.5000000000000009 1040.9238281250002 1.5000000000000002 487.52929687500006 277.51171875000006 21.171670913696293 3.5000000000000004 -0.33798502385616297 0.450854241847992 756.22460937500011 1.5000000000000002 14.500000000000002
decision_type=2 2 2 2 2 2 2 2 2 2 2 2 2 2
left_child=13 -2 3 11 5 -4 -6 -8 -9 -10 -5 -3 -13 -1
right_child=1 2 4 10 6 -7 7 8 9 -11 -12 12 -14 -15
leaf_value=0.0030684757825129791 -0.019046583530027795 0.0029956290848666654 0.043502990647282636 -0.018377844299605147 -0.011982553577849147 -0.0055309212485154732 -0.0020167122684611582 -0.022119289726556891 0.040520081892356376 0.006255906106338866 0.0012511418383859992 -0.023472003921435999 0.010434101596994679 -0.013905132473649657
leaf_weight=1783.1054036729038 4699.2490293923765 34293.917370468378 802.81955816596746 1792.6918440237641 4742.4585447926074 1123.3388907313347 26448.747744427994 627.73464583978057 963.4553183503449 2654.1997777726501 5163.8938035853207 1704.8741191141307 28710.439653884619 15980.133274067193
leaf_count=33588 138221 373599 6364 25507 109618 13317 421158 7329 11768 38486 49809 27103 221790 632323
internal_value=-7.70935e-05 0.00181659 0.00271582 0.0046856 -0.00106244 0.0149063 -0.00193042 -0.000377298 0.00983624 0.0153812 -0.00380719 0.00559862 0.00853356 -0.0122013
internal_weight=131491 113728 109029 71665.8 37362.8 1926.16 35436.6 30694.1 4245.39 3617.66 6956.59 64709.2 30415.3 17763.2
internal_count=2109980 1444069 1305848 697808 608040 19681 588359 478741 57583 50254 75316 622492 248893 665911
is_linear=0
shrinkage=0.03


Tree=62
num_leaves=15
num_cat=0
split_feature=6 0 7 0 0 2 11 0 0 0 5 0 6 11
split_gain=3162.45 1276.51 916.118 679.495 952.088 576.946 498.505 472.944 314.629 289.544 282.079 279.378 298.063 259.297
threshold=33.500000000000007 185.89257812500003 89.396892547607436 1040.9238281250002 705.26171875000011 -0.31075993180274958 1.0000000180025095e-35 552.99609375000011 1219.4902343750002 403.95117187500006 53.830850601196296 61.859375000000007 3.5000000000000004 1.5000000000000002
decision_type=2 2 2 2 2 2 2 2 2 2 2 2 2 2
left_child=1 11 3 4 7 8 10 9 -4 -3 -2 -1 -13 -10
right_child=6 2 5 -5 -6 -7 -8 -9 13 -11 -12 12 -14 -15
leaf_value=-0.028647840349240776 -0.018053146106748671 -0.0051674237123762092 0.008536169231181702 -0.015031295865475339 0.0052674840772912864 0.0020895018186372735 0.00065404438704788463 -0.0082860460235652574 -0.021032073061231379 0.0027956894461976488 -0.0088511299397214215 0.0063604429260959326 -0.015148552586165199 0.012337380475345907
leaf_weight=964.43183835037053 8856.3740752991289 6744.8407079577446 26514.936105730012 2834.4119834322482 19078.536400327459 33991.391146484762 2140.4950265400112 10950.436687095091 596.70553743652999 10517.92860426195 4532.4559569098055 748.21340639702976 2576.7237603385001 323.03245580755174
leaf_count=34590 353772 150160 294940 36960 201260 423580 32524 167200 7236 175120 148224 13150 67810 3454
internal_value=-7.61453e-05 0.00162808 0.00224561 -0.000763941 9.11676e-05 0.00470153 -0.0127889 -0.0034092 0.00793782 -0.000315627 -0.014938 -0.0144319 -0.0103084 -0.00931198
internal_weight=131371 115842 111552 50126.2 47291.7 61426.1 15529.3 28213.2 27434.7 17262.8 13388.8 4289.37 3324.94 919.738
internal_count=2109980 1575460 1459910 730700 693740 729210 534520 492480 305630 325280 501996 115550 80960 10690
is_linear=0
shrinkage=0.03


Tree=63
num_leaves=15
num_cat=0
split_feature=8 0 0 10 0 0 10 11 1 10 5 0 3 8
split_gain=3065.83 773.062 759.817 641.09 546.496 667.463 585.198 467.164 426.079 414.884 394.838 421.412 418.44 382.505
threshold=2.5000000000000004 310.74609375000006 1219.4902343750002 0.42682331800460821 742.84570312500011 516.40820312500011 0.012338853906840088 1.0000000180025095e-35 12.951563835144045 0.081160888075828566 311.13954162597662 616.81054687500011 0.16802885383367541 6.5000000000000009
decision_type=2 2 2 2 2 2 2 2 2 2 2 2 2 2
left_child=7 3 4 -2 5 9 -6 -1 10 -3 12 -12 -7 -10
right_child=1 2 -4 -5 6 8 -8 -9 13 -11 11 -13 -14 -15
leaf_value=-0.013473784411593701 -0.0089448262309917304 0.012138588335544634 -0.016913271662355681 0.028630918112269935 -0.00082089097562051158 -0.011246199478149114 0.0071491253514393473 0.0026484431121000236 0.0043851917317905987 0.0025836291869692357 0.014040746765692079 -0.0038578630551758348 0.00034705526442061776 -0.0049309950070543082
leaf_weight=15599.115623116493 7998.821693200618 5553.1878052521497 1799.0656860023737 430.64585039392114 10930.00108054094 8996.7849593069404 34345.619854465127 1804.7057269737124 13217.940377745777 15520.973407562822 1764.5908506307751 3597.5119684413075 4069.3483332321048 5667.0274529196322
leaf_count=631839 170208 78413 24660 7617 128309 127011 315497 34072 163981 230220 18709 36552 56985 85907
internal_value=-7.47894e-05 0.00171725 0.00241602 -0.00702515 0.00275148 0.000833357 0.00522508 -0.011802 -0.00157721 0.00510143 -0.00482248 0.00203231 -0.00763557 0.00158958
internal_weight=131295 113892 105462 8429.47 103663 58387.4 45275.6 17403.8 37313.2 21074.2 18428.2 5362.1 13066.1 18885
internal_count=2109980 1444069 1266244 177825 1241584 797778 443806 665911 489145 308633 239257 55261 183996 249888
is_linear=0
shrinkage=0.03


Tree=64
num_leaves=15
num_cat=0
split_feature=8 7 0 0 0 0 0 4 10 2 1 10 2 11
split_gain=2913.58 910.235 701.783 1179.92 494.011 844.397 470.534 537.729 390.004 348.845 608.076 327.271 283.772 255.048
threshold=2.5000000000000004 129.62794494628909 699.27929687500011 1040.9238281250002 528.18164062500011 321.95117187500006 205.31054687500003 38.500000000000007 0.36818085610866552 -0.31075993180274958 18.264666557312015 0.049846941605210311 -0.75971361994743336 1.5000000000000002
decision_type=2 2 2 2 2 2 2 2 2 2 2 2 2 2
left_child=6 2 4 -4 5 8 -1 -8 -2 10 13 -12 -7 -3
right_child=1 9 3 -5 -6 12 7 -9 -10 -11 11 -13 -14 -15
leaf_value=-0.024417903138864851 -0.01241167787085651 0.0013471553990697315 0.0050831132539013993 -0.01242901053100834 -0.0069878735251764799 0.0096794590305942819 -0.0014837377356299837 -0.013614068606666706 0.0083262999568384771 0.002693348294414769 -0.0021388716943812366 0.019774247268455808 0.00092378524330356164 0.0095971323339823725
leaf_weight=2235.4411669969559 5515.7982134744525 7980.0912220701575 27784.401292804629 3955.7244266849011 16808.821488868445 4710.9619901254773 4877.9885458406061 10096.56236519292 957.90563749335706 23818.614495638758 708.98344640992582 4549.653228091076 11376.674019539729 5841.1321808416396
leaf_count=94081 125512 87828 285716 50296 243865 65859 148869 422961 18566 275640 9598 44566 181973 54650
internal_value=-7.34313e-05 0.0016634 -0.000418614 0.0029006 -0.00309456 -0.000193931 -0.0115792 -0.00966259 -0.00934311 0.00511463 0.00813728 0.0168199 0.00348772 0.00483376
internal_weight=131219 114009 71110.3 31740.1 39370.2 22561.3 17210 14974.6 6473.7 42898.5 19079.9 5258.64 16087.6 13821.2
internal_count=2109980 1444069 971787 336012 635775 391910 665911 571830 144078 472282 196642 54164 247832 142478
is_linear=0
shrinkage=0.03


Tree=65
num_leaves=15
num_cat=0
split_feature=4 0 7 0 0 11 2 0 0 11 5 0 0 3
split_gain=2504.9 943.095 732.694 670.445 800.956 537.945 480.519 387.657 370.394 329.438 261.999 255.033 236.941 232.764
threshold=90.500000000000014 167.13085937500003 99.040233612060561 1040.9238281250002 705.26171875000011 1.0000000180025095e-35 -0.36589029431343073 518.70312500000011 406.94726562500006 1.5000000000000002 29.469375610351566 61.859375000000007 1219.4902343750002 0.14342700690031054
decision_type=2 2 2 2 2 2 2 2 2 2 2 2 2 2
left_child=1 11 3 4 7 10 12 8 -3 -10 -2 -1 -4 -9
right_child=5 2 6 -5 -6 -7 -8 13 9 -11 -12 -13 -14 -15
leaf_value=-0.028594027868470935 -0.017706950734316794 -0.0046339821632913102 0.0080719852658808454 -0.01433609511912699 0.0048222636969981331 0.0005974134177981641 0.0019897176733380075 -0.0093568130918050656 0.0021990894160263757 0.018800222705079195 -0.0095947422056196375 -0.0093684340494049334 -0.0081284562125989012 -0.0012211694201360536
leaf_weight=873.87285359017551 5817.5950690731406 6831.9462995156646 24167.559315023944 2975.0063021983951 20709.546766167507 3335.8156189471483 32340.780942041427 9050.9712272137403 6572.367587601766 1286.3884955774993 9328.9884079545736 2145.8159303329885 840.77836623601615 4866.8933348953724
leaf_count=33300 240885 147240 267070 39270 213340 48017 402340 142460 115946 14494 314238 50670 9810 70900
internal_value=-7.21333e-05 0.00160718 0.0020627 -0.000505537 0.00032876 -0.0103086 0.00440451 -0.00292406 0.000475028 0.00491651 -0.0127105 -0.0149322 0.00752733 -0.00651189
internal_weight=131144 112662 109642 52293.1 49318.1 18482.4 57349.1 28608.6 14690.7 7858.76 15146.6 3019.69 25008.3 13917.9
internal_count=2109980 1506840 1422870 743650 704380 603140 679220 491040 277680 130440 555123 83970 276880 213360
is_linear=0
shrinkage=0.03


Tree=66
num_leaves=15
num_cat=0
split_feature=4 0 7 0 0 0 5 0 2 1 10 0 0 3
split_gain=2377.16 897.122 697.26 655.351 847.298 453.713 408.912 360.677 341.643 570.596 318.242 300.624 252.543 239.297
threshold=90.500000000000014 167.13085937500003 130.90686035156253 1040.9238281250002 702.18750000000011 518.70312500000011 30.80409145355225 398.10937500000006 -0.31075993180274958 18.264666557312015 0.049846941605210311 693.53710937500011 61.859375000000007 0.13214714080095294
decision_type=2 2 2 2 2 2 2 2 2 2 2 2 2 2
left_child=1 12 3 4 5 7 -2 -3 9 -4 -11 -8 -1 -7
right_child=6 2 8 -5 -6 13 11 -9 -10 10 -12 -13 -14 -15
leaf_value=-0.028504414808120378 -0.016039570303779067 -0.0038215243907977802 0.0047892304515596866 -0.011987291960063302 0.0048010037347913604 -0.0083352900359399806 -0.0082609580981610319 0.0046412427182251186 0.002565121802284214 -0.0023528352321018427 0.019294301275010025 0.0082874687040354177 -0.0091652531133129926 -0.000982572090851234
leaf_weight=850.67212975583971 6642.9581887125969 7878.5388014484197 14002.417719010264 3815.6741146445274 27277.130270535126 11129.446391982958 10571.648655749857 10672.087725197896 23557.097350720316 706.1564685087651 4546.5251498129219 1089.8427776265889 2127.8597735259682 6204.5134777259082
leaf_count=33300 263030 173390 149670 49320 279120 175350 322010 174510 278600 9568 43702 18100 50670 89640
internal_value=-7.07549e-05 0.00155697 0.0019977 8.62706e-05 0.000815649 -0.00221376 -0.0100986 0.00104707 0.00498802 0.00795225 0.0163841 -0.0067144 -0.0146885 -0.00570346
internal_weight=131073 112768 109790 66977.4 63161.7 35884.6 18304.4 18550.6 42812.2 19255.1 5252.68 11661.5 2978.53 17334
internal_count=2109980 1506840 1422870 941330 892010 612890 603140 347900 481540 202940 53270 340110 83970 264990
is_linear=0
shrinkage=0.03


Tree=67
num_leaves=15
num_cat=0
split_feature=8 12 11 12 0 0 12 11 8 12 0 0 12 12
split_gain=2570.07 2295.88 783.961 1792.9 1097.89 1027.63 1499.81 1112.31 945.129 1147.35 916.31 821.569 825.605 1043.03
threshold=2.5000000000000004 1.0000000180025095e-35 1.5000000000000002 6.5000000000000009 532.98242187500011 749.51367187500011 9.5000000000000018 2.5000000000000004 6.5000000000000009 4.5000000000000009 1219.4902343750002 690.82226562500011 1.5000000000000002 7.5000000000000009
decision_type=2 2 2 2 2 2 2 2 2 2 2 2 2 2
left_child=-1 -2 10 4 8 6 7 -5 9 -4 11 -3 -13 -14
right_child=1 2 3 5 -6 -7 -8 -9 -10 -11 -12 12 13 -15
leaf_value=-0.011040812015284548 -0.019019340589922478 -0.0013293416058355475 0.0042877558619980336 -0.018433176653876011 0.00058587832312158371 0.037345593814374238 0.05008157078892083 0.04122820286143751 0.072240152637383676 0.045010129892294068 -0.023044702242038941 -0.024136983671652248 0.013191754480835019 0.0019332935010319152
leaf_weight=16757.910890605301 4687.921992354095 45037.416774101555 2574.8064086958766 1297.8120451048017 19902.953793596476 2409.4908755645156 593.30785348266363 359.05024439096451 272.14328292012215 821.3187738135457 1410.526309568435 865.13506332784891 10896.741286274046 23118.095228437334
leaf_count=665911 138221 712750 22533 10215 170485 10964 2502 1541 2298 5478 20783 13174 88416 244709
internal_value=-6.94014e-05 0.0015399 0.00241962 0.00672689 0.00336547 0.0237309 0.00915219 -0.00550426 0.0184467 0.0141361 0.000924457 0.00134751 0.00480389 0.00553997
internal_weight=131005 114247 109559 28230.9 23571.2 4659.66 2250.17 1656.86 3668.27 3396.13 81327.9 79917.4 34880 34014.8
internal_count=2109980 1444069 1305848 226016 200794 25222 14258 11756 30309 28011 1079832 1059049 346299 333125
is_linear=0
shrinkage=0.03


Tree=68
num_leaves=15
num_cat=0
split_feature=6 12 0 7 2 12 0 12 12 0 12 0 0 12
split_gain=2566.29 2244.54 1103.67 732.78 526.744 690.188 956.3 684.995 642.194 547.288 597.571 509.538 762.494 704.396
threshold=33.500000000000007 1.0000000180025095e-35 144.01171875000003 73.918807983398452 -0.36589029431343073 3.5000000000000004 352.30078125000006 14.500000000000002 13.500000000000002 951.10351562500011 2.5000000000000004 1040.9238281250002 705.26171875000011 1.5000000000000002
decision_type=2 2 2 2 2 2 2 2 2 2 2 2 2 2
left_child=1 -1 -3 11 -5 6 -6 8 -7 10 -8 12 -4 -14
right_child=-2 2 3 4 5 7 9 -9 -10 -11 -12 -13 13 -15
leaf_value=-0.018957451827918356 -0.011840529305374586 -0.017316547653861598 -0.0030697926577658795 0.007653861664653836 0.05732586721152886 0.0078234967899741287 0.0013704500450564311 0.00025564175415449669 0.040861512239759624 -0.03143099353501843 -0.018971189703941838 -0.014793607188214774 -0.023489153988407778 0.0070511804058239558
leaf_weight=4664.3757958058268 14783.582157567143 2526.7316087204963 23293.446812996641 29509.963595720008 207.29840643331409 13741.963508773595 4153.2846650034189 17600.073498651385 550.73977077752352 797.8472569398582 1891.771780397743 2116.1760816480964 713.60419168695807 14302.327262811363
leaf_count=139683 534520 77722 413465 304390 2109 111475 46511 276146 2402 10585 19420 28381 10829 132342
internal_value=-6.84896e-05 0.00143089 0.00228453 0.0027394 0.00463074 0.0023399 -0.00615456 0.00421768 0.00909655 -0.00807763 -0.00499537 -0.000463212 0.000328386 0.00559981
internal_weight=130853 116070 111405 108878 68452.9 38943 7050.2 31892.8 14292.7 6842.9 6045.06 40425.6 38309.4 15015.9
internal_count=2109980 1575460 1435777 1358055 773038 468648 78625 390023 113877 76516 65931 585017 556636 143171
is_linear=0
shrinkage=0.03


Tree=69
num_leaves=15
num_cat=0
split_feature=6 0 7 0 0 11 0 0 1 11 0 0 0 8
split_gain=2438.8 990.826 706.866 532.718 687.48 448.785 343.886 331.498 330.129 286.977 261.987 225.792 250.196 321.225
threshold=33.500000000000007 144.01171875000003 89.396892547607436 1040.9238281250002 711.26171875000011 1.0000000180025095e-35 552.99609375000011 1219.4902343750002 11.168995857238771 1.5000000000000002 228.82226562500003 298.42773437500006 382.30664062500006 2.5000000000000004
decision_type=2 2 2 2 2 2 2 2 2 2 2 2 2 2
left_child=1 -1 3 4 6 11 8 -4 10 -9 -3 -2 -13 -14
right_child=5 2 7 -5 -6 -7 -8 9 -10 -11 -12 12 13 -15
leaf_value=-0.017232832680226223 -0.021310574704956474 -0.018887640146531885 0.0042198744782928769 -0.013830906288404457 0.004344462216799524 0.0011918351370856846 -0.0071286904213022544 -0.02215132507298544 -0.0034657912748272983 0.011077046532339138 0.0065460367471620621 -0.0028129264336864239 -0.019118273986796195 -0.0063318960589301195
leaf_weight=2516.4793737735599 2780.4723507259041 387.87012150324881 61706.052902173251 2687.8155961185694 18931.728697424755 2107.9969259481877 11180.383426437154 785.65305528976023 11532.984707696363 333.1009141523391 6051.0520432833582 2237.2832663338631 4639.2937081195414 2857.4459268935025
leaf_count=78890 115909 12330 727100 36960 194460 32524 174000 10300 225600 3530 112290 91390 219206 75491
internal_value=-6.7504e-05 0.00138656 0.00179903 -0.000833429 -0.000106891 -0.0116138 -0.00299764 0.00392645 -0.000427693 -0.0122578 0.00501395 -0.0137708 -0.0116172 -0.0142446
internal_weight=130736 116113 113597 50771.8 48084 14622.5 29152.3 62824.8 17971.9 1118.75 6438.92 12514.5 9734.02 7496.74
internal_count=2109980 1575460 1496570 755640 718680 534520 524220 740930 350220 13830 124620 501996 386087 294697
is_linear=0
shrinkage=0.03


Tree=70
num_leaves=15
num_cat=0
split_feature=6 9 7 0 0 5 6 2 0 0 2 0 9 9
split_gain=2318.25 1093.9 671.279 503.291 630.352 445.616 313.78 308.937 294.382 482.373 268.761 240.012 233.34 224.68
threshold=33.500000000000007 0.33348613977432257 107.72751235961915 699.27929687500011 1040.9238281250002 47.623495101928718 1.5000000000000002 -0.31075993180274958 552.99609375000011 268.62304687500006 0.37811602652072912 306.39843750000006 0.22337984293699267 0.55901029706001293
decision_type=2 2 2 2 2 2 2 2 2 2 2 2 2 2
left_child=1 12 3 8 6 -2 -5 -4 9 10 -3 -7 -1 -9
right_child=5 2 7 4 -6 11 -8 13 -10 -11 -12 -13 -14 -15
leaf_value=-0.024681093020132359 -0.016129985371148865 -0.014910243758089105 0.00688161682480157 0.0026551960190887595 -0.010709687876954241 -0.016605512090961148 0.01129137448441766 -0.0033314495040423632 -0.0066694965066682599 0.0015699915445942221 0.000771167616685204 -0.0025211634733855568 -0.0091361164867595317 0.0035115761009023821
leaf_weight=1249.9772862382233 7994.1440949942917 2895.170593155548 23837.145926678553 18539.491172621027 2773.8094892762601 1385.8672345019877 4758.1600304059684 5263.6674498654902 11395.227128580213 17111.245921641588 1489.8121467512101 5082.3611622676253 2851.8403125014156 24043.093847423792
leaf_count=40906 334970 81859 253199 176585 35313 50910 59670 69661 176977 299280 40030 148640 55571 286409
internal_value=-6.62355e-05 0.00134342 0.00190017 -0.000303737 0.00280941 -0.0113931 0.00441899 0.0043454 -0.00277138 -0.000704974 -0.00958243 -0.00553884 -0.0138733 0.00228253
internal_weight=130671 116209 112107 58962.9 26071.5 14462.4 23297.7 53143.9 32891.5 21496.2 4384.98 6468.23 4101.82 29306.8
internal_count=2109980 1575460 1478983 869714 271568 534520 236255 609269 598146 421169 121889 199550 96477 356070
is_linear=0
shrinkage=0.03


Tree=71
num_leaves=15
num_cat=0
split_feature=8 12 2 1 12 12 10 12 12 12 12 7 12 12
split_gain=2180.48 2101.29 649.259 844.891 1416.77 610.142 838.844 650.665 606.348 666.366 823.8 593.046 527.33 1163.31
threshold=2.5000000000000004 1.0000000180025095e-35 -0.60760971903800953 22.544713020324711 2.5000000000000004 2.5000000000000004 0.081160888075828566 3.5000000000000004 3.5000000000000004 5.5000000000000009 6.5000000000000009 157.22706604003909 3.5000000000000004 14.500000000000002
decision_type=2 2 2 2 2 2 2 2 2 2 2 2 2 2
left_child=-1 -2 3 5 -5 6 -3 -7 11 -10 -11 -6 -4 -14
right_child=1 2 12 4 8 7 -8 -9 9 10 -12 -13 13 -15
leaf_value=-0.010359596939547763 -0.018598555453962971 0.026238267580108686 -0.0051872766101090824 -0.011005839037838694 0.026430269688072449 -0.013674430832666741 0.001459113109754367 0.003058445787179244 -0.0065357661028697302 0.05192950874191618 0.016417956411747134 0.08206762201056049 0.0065974339694970787 -0.0019057707664782318
leaf_weight=16217.859584884718 4543.2486319988966 2322.9070082642138 12069.659806152806 1403.4658004678786 431.29361470043659 2282.168617926538 2612.3162309676409 25034.264814244583 760.85661513358355 763.74995636567473 2553.9122387003154 287.26971632987261 25099.095539227128 34225.249685009941
leaf_count=665911 138221 22924 133670 14429 3294 20634 24065 283707 5413 3863 25139 2020 203796 562894
internal_value=-6.4979e-05 0.00139457 0.00222148 0.00536422 0.0155062 0.00341438 0.0131221 0.00166049 0.0232627 0.0187858 0.024593 0.0486732 0.000528833 0.00169179
internal_weight=130607 114389 109846 38452.2 6200.55 32251.7 4935.22 27316.4 4797.08 4078.52 3317.66 718.563 71394 59324.3
internal_count=2109980 1444069 1305848 405488 54158 351330 46989 304341 39729 34415 29002 5314 900360 766690
is_linear=0
shrinkage=0.03


Tree=72
num_leaves=15
num_cat=0
split_feature=6 12 11 12 11 6 12 12 12 12 10 2 12 12
split_gain=2146.85 2055.96 705.924 1589.66 921.567 831.268 861.15 747.519 647.039 720.331 597.345 586.088 693.789 808.637
threshold=33.500000000000007 1.0000000180025095e-35 1.5000000000000002 6.5000000000000009 2.5000000000000004 1.5000000000000002 1.5000000000000002 9.5000000000000018 2.5000000000000004 5.5000000000000009 0.23201555013656619 -0.42221926152706141 4.5000000000000009 14.500000000000002
decision_type=2 2 2 2 2 2 2 2 2 2 2 2 2 2
left_child=1 -1 11 5 7 6 -4 -5 -8 10 -10 -3 -13 -14
right_child=-2 2 3 4 -6 -7 8 -9 9 -11 -12 12 13 -15
leaf_value=-0.018545508663635024 -0.011062685077051475 0.0039568581675300894 -0.018123708397355529 0.0094471822224711649 0.049811770806465511 0.013584535544342113 0.012345170675573457 0.043678078505019778 -0.010251045040091182 0.010990828582991585 0.0074877086147123219 -0.010557959331130996 0.0063841104729449464 -0.0024561781298496096
leaf_weight=4523.6110037118196 14230.677431561053 31087.267408885062 2088.8918970581144 3124.1169541142881 878.32011485099792 5211.028301756829 4285.3957732729614 703.43118335306644 6554.0848536081612 3193.2906247153878 2310.9480432793498 6327.4567333422601 12971.135042477399 33015.190695948899
leaf_count=139683 534520 416607 32090 18879 3633 44625 36327 2982 54351 16689 16206 73446 114937 605005
internal_value=-6.408e-05 0.00128203 0.00208464 0.00617431 0.0220978 0.00300501 1.40984e-05 0.0157382 0.00233229 -0.00122617 -0.00562688 0.000694486 -0.00124417 3.73583e-05
internal_weight=130505 116274 111751 28349.5 4705.87 23643.6 18432.6 3827.55 16343.7 12058.3 8865.03 83401 52313.8 45986.3
internal_count=2109980 1575460 1435777 225782 25494 200288 155663 21861 123573 87246 70557 1209995 793388 719942
is_linear=0
shrinkage=0.03


Tree=73
num_leaves=15
num_cat=0
split_feature=6 12 0 0 7 0 12 0 12 7 1 12 12 12
split_gain=2039.06 1963.26 960.258 633.922 619.318 453.521 652.41 440.182 436.055 389.43 398.305 369.72 433.254 592.07
threshold=33.500000000000007 1.0000000180025095e-35 125.46484375000001 1219.4902343750002 73.918807983398452 702.18750000000011 1.5000000000000002 1040.9238281250002 14.500000000000002 293.22462463378912 11.168995857238771 2.5000000000000004 6.5000000000000009 7.5000000000000009
decision_type=2 2 2 2 2 2 2 2 2 2 2 2 2 2
left_child=1 9 -3 4 5 11 -7 -8 -2 -1 -11 -4 -13 -14
right_child=8 2 3 -5 -6 6 7 -9 -10 10 -12 12 13 -15
leaf_value=-0.020845231067490387 0.0018809626474986403 -0.019054341876057822 0.0088254819195459668 -0.015849903185861103 0.0044150148800753131 -0.023789753191844502 0.0063008566353823514 -0.010675354580869222 -0.013032820121521819 0.052895257067820577 -0.013839925900939945 -0.013314481491075895 0.02008706259987007 -0.0035750164770591585
leaf_weight=4110.3305374309421 2068.0915091894567 1912.6194523070008 2155.1757617481053 1689.1288783326745 68054.215836668387 756.41474147886038 14704.063041605055 1516.4193605668843 12017.410447878763 133.82283583469689 201.97379569523036 3852.1584362797439 1011.1979307383299 16180.613525077701
leaf_count=129533 32285 64877 23182 23762 762722 11993 135004 18408 502235 3741 6409 40296 9555 345978
internal_value=-6.30708e-05 0.00124278 0.00202005 0.00238675 0.00267136 -0.000282209 0.0034438 0.00471379 -0.0108431 -0.0183075 0.0127556 -0.00300886 -0.00422085 -0.00218325
internal_weight=130364 116278 111832 109919 108230 40176 16976.9 16220.5 14085.5 4446.13 335.797 23199.1 21044 17191.8
internal_count=2109980 1575460 1435777 1370900 1347138 584416 165405 153412 534520 139683 10150 419011 395829 355533
is_linear=0
shrinkage=0.03


Tree=74
num_leaves=15
num_cat=0
split_feature=6 12 9 7 7 1 3 12 5 12 12 1 12 12
split_gain=1939.63 1909.73 916.236 645.259 379.72 356.931 318.022 446.141 315.807 268.278 675.051 359.472 268.091 731.963
threshold=40.500000000000007 1.0000000180025095e-35 0.2757305800914765 73.918807983398452 293.22462463378912 11.168995857238771 -0.12275395914912222 14.500000000000002 40.480005264282234 4.5000000000000009 7.5000000000000009 7.7391200065612802 6.5000000000000009 7.5000000000000009
decision_type=2 2 2 2 2 2 2 2 2 2 2 2 2 2
left_child=1 4 -3 6 -1 -6 7 -4 -2 -5 -11 -12 -8 -14
right_child=8 2 3 9 5 -7 12 -9 -10 10 11 -13 13 -15
leaf_value=-0.020789172163399955 -0.017339577473049164 -0.018400919725142854 0.001580048786617927 0.00086839914602696076 0.048826189069169218 -0.013601655036857799 -0.0025094178187780375 -0.0063974574663646731 -0.0070312007930258876 0.010523249546095218 -0.0039642065454218002 0.0041497155629362237 0.028662157357830887 0.0026552313730936368
leaf_weight=4103.6566143445671 5467.6527511514723 1990.159361872822 11242.265024622902 19298.762199923396 140.51808814145625 199.38614632561803 6230.233588963747 14378.875899814069 5236.3677041791379 14420.218946494162 5831.3211929909885 31242.533950295299 1086.3819156214595 9414.3920141849667
leaf_count=132279 248960 54893 105146 186292 3741 6409 58160 329251 179960 101541 88992 444627 8217 161512
internal_value=-6.21282e-05 0.00103305 0.00177785 0.00213278 -0.0182652 0.0122063 -0.00079627 -0.00289702 -0.0122968 0.00388511 0.0050157 0.00287348 0.00242073 0.00534584
internal_weight=130283 119579 115135 113145 4443.56 339.904 42352.1 25621.1 10704 70792.8 51494.1 37073.9 16731 10500.8
internal_count=2109980 1681060 1538631 1483738 142429 10150 662286 434397 428920 821452 635160 533619 227889 169729
is_linear=0
shrinkage=0.03


Tree=75
num_leaves=15
num_cat=0
split_feature=12 12 12 9 3 3 0 0 12 12 12 12 0 12
split_gain=1772.45 1501.94 2767.16 1493 669.248 597.496 594.414 428.392 2066.02 1462.98 1414.87 1064.75 1042.09 711.404
threshold=1.0000000180025095e-35 14.500000000000002 13.500000000000002 0.53667581081390392 -0.26019439101219172 0.76752087473869335 598.96484375000011 509.43359375000006 1.5000000000000002 6.5000000000000009 1.5000000000000002 10.500000000000002 367.66406250000006 5.5000000000000009
decision_type=2 2 2 2 2 2 2 2 2 2 2 2 2 2
left_child=-1 2 5 -3 -5 7 -6 8 12 -10 -9 13 -2 -12
right_child=1 3 -4 4 6 -7 -8 10 9 -11 11 -13 -14 -15
leaf_value=-0.018485716526027648 0.071971414009213461 -0.012270033373795695 0.039898299524977844 -0.0033048240303958447 -0.00062550505162769913 -0.0056001096960743785 0.010208614971930787 -0.015443701695141939 -0.0065192494961827489 0.018328789853249851 0.0016337895967291243 -0.014408107662664447 0.02328640082802547 0.009716562087589295
leaf_weight=4535.4491824246943 549.21723115816712 12062.661426426843 1849.9905612580478 29028.195825746283 10725.616675443947 6985.1742732822895 7925.5159224551171 3670.4062149189413 5593.9279512763023 3446.3714433386922 22204.504359029233 2658.8035385198891 1415.5413858368993 17543.216930028051
leaf_count=148967 4613 403145 8496 619957 245099 63103 110801 54223 57806 35552 194343 26383 12016 125476
internal_value=-6.11035e-05 0.000603901 0.00372632 -0.00284126 -0.000455826 0.00268183 0.00397829 0.00369529 0.00901317 0.0029534 0.00242517 0.00397177 0.0368955 0.00520124
internal_weight=130195 125659 65917.2 59742 47679.3 64067.2 18651.1 57082 11005.1 9040.3 46076.9 42406.5 1964.76 39747.7
internal_count=2109980 1961013 582011 1379002 975857 573515 355900 510412 109987 93358 400425 346202 16629 319819
is_linear=0
shrinkage=0.03


Tree=76
num_leaves=15
num_cat=0
split_feature=6 12 0 0 7 0 12 0 7 11 0 12 12 12
split_gain=1812.67 1744.28 1026.68 601.414 543.131 399.295 581.872 401.892 375.842 360.094 349.798 486.401 457.677 888.238
threshold=40.500000000000007 1.0000000180025095e-35 185.89257812500003 1219.4902343750002 71.966217041015639 705.26171875000011 1.5000000000000002 1040.9238281250002 270.86636352539068 1.5000000000000002 552.99609375000011 1.5000000000000002 6.5000000000000009 7.5000000000000009
decision_type=2 2 2 2 2 2 2 2 2 2 2 2 2 2
left_child=1 8 -3 4 5 10 -7 -8 -1 -5 11 -4 -13 -14
right_child=-2 2 3 9 -6 6 7 -9 -10 -11 -12 12 13 -15
leaf_value=-0.020765418604747902 -0.01198985450545424 -0.013086370897232623 0.021423760094625783 -0.022448912709196817 0.0040999395092844717 -0.023395823836017619 0.0060365710238403716 -0.010576468764619056 0.0086354895208935224 0.012862811588405602 -0.0076146385280773813 -0.011889178712020162 0.03518923143270563 -0.00073019519732526008
leaf_weight=3858.1665606033057 10534.987961547449 4081.5783617887646 895.38694396242499 1347.3597929384559 69771.720349084586 703.10724872723222 14191.249535743147 1443.8917198069394 435.48397644609213 322.02814335003495 8615.2498138379306 2943.0598920807242 659.5045977756381 10240.766289534047
leaf_count=129233 428920 124776 8039 20891 790039 11527 130386 17806 13196 2871 140221 31944 6201 253930
internal_value=-6.04526e-05 0.000991155 0.00169082 0.00223354 0.00250608 -0.000295647 0.00330179 0.00450237 -0.0177834 -0.0156372 -0.00281238 -5.31311e-06 -0.00139135 0.00144306
internal_weight=130044 119509 115215 111133 109464 39692.2 16338.2 15635.1 4293.65 1669.39 23354 14738.7 13843.3 10900.3
internal_count=2109980 1681060 1538631 1413855 1390093 600054 159719 148192 142429 23762 440335 300114 292075 260131
is_linear=0
shrinkage=0.03


Tree=77
num_leaves=15
num_cat=0
split_feature=8 12 11 12 0 0 12 11 8 12 1 0 12 12
split_gain=1761.88 1600.39 579.017 1475.93 1000.73 929.052 1389.79 970.782 792.525 1036.5 779.998 778.252 710.438 636.647
threshold=2.5000000000000004 1.0000000180025095e-35 1.5000000000000002 6.5000000000000009 532.98242187500011 749.51367187500011 9.5000000000000018 2.5000000000000004 6.5000000000000009 4.5000000000000009 13.920956134796144 1219.4902343750002 7.5000000000000009 1.5000000000000002
decision_type=2 2 2 2 2 2 2 2 2 2 2 2 2 2
left_child=-1 -2 11 4 8 6 7 -5 9 -4 -7 -3 -12 -6
right_child=1 2 3 5 13 10 -8 -9 -10 -11 12 -13 -14 -15
leaf_value=-0.0095196371666769596 -0.017159307054536724 0.0010024334460295267 0.003409067157028775 -0.018869411178461141 -0.014767035667169477 0.048483722994027381 0.046335948870607907 0.036313315450366528 0.064182384720958538 0.041481466406678019 -0.0079050843545598187 -0.022223200552956644 0.041184131731896508 0.0018363606997467521
leaf_weight=15592.727356288582 4106.3096827603877 80293.514696955681 2622.8150476142764 1318.4688010141253 2353.4695539269596 1389.9036502093077 599.14346759021282 366.72217411547899 292.32808848470449 852.82193605601788 583.69861434400082 1319.8000341169536 486.47845367342234 17788.992555137724
leaf_count=665911 138221 1059049 22533 10215 36135 6180 2502 1541 2298 5478 2563 20783 2221 134350
internal_value=-5.95369e-05 0.00123016 0.00191497 0.00558377 0.0025509 0.0208685 0.0070918 -0.00686084 0.0167411 0.0127509 0.033661 0.000626843 0.0144098 -0.0001036
internal_weight=129967 114374 110268 28654.8 23910.4 4744.42 2284.33 1685.19 3767.97 3475.64 2460.08 81613.3 1070.18 20142.5
internal_count=2109980 1444069 1305848 226016 200794 25222 14258 11756 30309 28011 10964 1079832 4784 170485
is_linear=0
shrinkage=0.03


Tree=78
num_leaves=15
num_cat=0
split_feature=6 12 0 0 7 0 12 12 0 6 0 12 12 0
split_gain=1686.55 1562.89 848.571 541.731 507.53 471.277 781.338 496.546 499.397 623.485 641.506 496.553 493.628 675.545
threshold=33.500000000000007 1.0000000180025095e-35 114.50195312500001 1219.4902343750002 99.951206207275405 699.27929687500011 1.5000000000000002 2.5000000000000004 518.70312500000011 3.5000000000000004 478.60742187500006 6.5000000000000009 7.5000000000000009 516.40820312500011
decision_type=2 2 2 2 2 2 2 2 2 2 2 2 2 2
left_child=1 -1 -3 4 5 7 -7 8 9 10 -4 -9 13 -13
right_child=-2 2 3 -5 -6 6 -8 11 -10 -11 -12 12 -14 -15
leaf_value=-0.017107698232163536 -0.010065453529421673 -0.019823577561900126 0.017124609849462579 -0.015111330953463854 0.0043805713059752588 -0.021928179325273755 0.0045980969182100283 -0.011926396866232036 -0.0070027177291050709 0.0056835570909873493 0.07586690307002851 0.035824665157739181 -0.0026808060131067444 -0.0062020254486892072
leaf_weight=4089.2948917020112 13573.404025286436 1613.7470753807575 403.79617235064507 1623.7708566319197 54803.167283242568 1045.1338505167514 22826.462748616934 5080.1521865986288 1059.5860051102936 1202.9010336324573 285.70063023641706 724.05104778334498 20849.842725370079 656.19746566563845
leaf_count=139683 534520 58923 3917 23762 583095 17218 212215 53411 12999 11561 2627 6664 443509 5876
internal_value=-5.85748e-05 0.00110969 0.0017738 0.00208904 0.00234542 0.00028511 0.00343674 -0.00220097 0.00948747 0.0187206 0.0414651 -0.00346438 -0.00153059 0.0158443
internal_weight=129837 116264 112175 110561 108937 54133.8 23871.6 30262.2 2951.98 1892.4 689.497 27310.2 22230.1 1380.25
internal_count=2109980 1575460 1435777 1376854 1353092 769997 229433 540564 31104 18105 6544 509460 456049 12540
is_linear=0
shrinkage=0.03


Tree=79
num_leaves=15
num_cat=0
split_feature=6 12 0 2 12 11 0 0 12 12 12 0 12 12
split_gain=1624.51 1544.29 990.642 729.017 533.305 1320.84 1645.95 1114.6 708.402 1050.78 651.11 564.477 644.964 406.682
threshold=46.500000000000007 1.0000000180025095e-35 185.89257812500003 -0.38044282793998713 3.5000000000000004 2.5000000000000004 842.55273437500011 356.34179687500006 14.500000000000002 13.500000000000002 4.5000000000000009 968.75000000000011 2.5000000000000004 5.5000000000000009
decision_type=2 2 2 2 2 2 2 2 2 2 2 2 2 2
left_child=1 -1 -3 -4 7 8 -7 -5 9 10 -6 12 -9 -12
right_child=-2 2 3 4 5 6 -8 11 -10 -11 13 -13 -14 -15
leaf_value=-0.017208578359218477 -0.013010451480038506 -0.012983820793664882 0.0047828357227260049 0.04717278469406648 -0.009030377694161415 0.011841767527884267 0.085345662356289681 -0.00073976593175624473 -0.0024802911642819946 0.037560814202587688 0.015355241043555796 -0.032318220100794028 -0.017625902011816987 0.0033769596694962615
leaf_weight=4134.3072766959667 8166.0597038287669 4131.0621965862811 47934.630038887262 340.55379551649094 3258.5454296693206 1252.2099881619215 351.04536885023117 6578.1050176620483 32329.364216480404 836.33218014985323 3141.7587700635195 792.38869939558208 2948.0415366292 13566.317102130502
leaf_count=144195 352880 131047 568333 3359 29969 7264 1980 74345 612555 3738 26686 11185 31263 111181
internal_value=-5.7721e-05 0.000812159 0.00144644 0.00197245 -8.75719e-05 0.00110797 0.027936 -0.00622679 0.000298435 0.00461679 0.00323688 -0.00798919 -0.00596549 0.00562934
internal_weight=129761 121595 117460 113329 65394.7 54735.6 1603.26 10659.1 53132.3 20803 19966.6 10318.5 9526.15 16708.1
internal_count=2109980 1757100 1612905 1481858 913525 793373 9244 120152 784129 171574 167836 116793 105608 137867
is_linear=0
shrinkage=0.03


Tree=80
num_leaves=15
num_cat=0
split_feature=8 12 11 12 11 6 12 12 12 3 12 3 5 10
split_gain=1567.66 1391.51 514.064 1368.48 784.408 727.23 734.59 656.125 616.028 649.697 642.239 786.078 595.648 551.298
threshold=2.5000000000000004 1.0000000180025095e-35 1.5000000000000002 6.5000000000000009 2.5000000000000004 1.5000000000000002 1.5000000000000002 9.5000000000000018 2.5000000000000004 -0.085815403610467897 5.5000000000000009 -0.14693097025156018 412.95254516601568 0.23408189415931704
decision_type=2 2 2 2 2 2 2 2 2 2 2 2 2 2
left_child=-1 -2 -3 5 7 6 -4 -5 9 -8 13 -12 -11 -10
right_child=1 2 3 4 -6 -7 8 -9 10 12 11 -13 -14 -15
leaf_value=-0.0090800910848757369 -0.016430272785892847 0.00055745526858670767 -0.017631209094761173 0.0083086342395689138 0.045508164310571489 0.011928891439742115 0.00075395009227918188 0.040303955662289122 -0.010471821156129716 0.0053908339424485214 0.022224871040041075 -0.0076264824688633531 0.038654589470438878 0.0065757053652047192
leaf_weight=15285.932878592983 3913.7660612892359 81677.832867797464 2014.1985367443413 3175.5971161574125 878.88201809674501 5461.7785106115043 2401.7986485809088 704.88077195733786 6615.345689445734 865.54639685899019 1864.1035762503743 1382.9098191037774 1100.5168242156506 2301.1732649430633
leaf_count=665911 138221 1079832 32016 18665 3620 45621 20686 2937 54469 6968 9430 7185 8583 15836
internal_value=-5.69448e-05 0.00114915 0.0017721 0.00522088 0.0199167 0.0023075 -0.000526057 0.0141205 0.00155805 0.0112222 -0.00191229 0.00951112 0.0240104 -0.0060722
internal_weight=129644 114358 110445 28766.7 4759.36 24007.4 18545.6 3880.48 16531.4 4367.86 12163.5 3247.01 1966.06 8916.52
internal_count=2109980 1444069 1305848 226016 25222 200794 155173 21602 123157 36237 86920 16615 15551 70305
is_linear=0
shrinkage=0.03


Tree=81
num_leaves=15
num_cat=0
split_feature=6 12 0 9 11 12 0 12 1 12 0 12 0 5
split_gain=1514.46 1413.11 929.068 535.424 533.572 962.767 919.633 1159.96 764.011 786.995 761.564 937.365 1068.76 863.613
threshold=46.500000000000007 1.0000000180025095e-35 185.89257812500003 0.48936687409877783 1.5000000000000002 6.5000000000000009 749.51367187500011 9.5000000000000018 20.287787437438968 2.5000000000000004 525.78515625000011 6.5000000000000009 777.28320312500011 747.96267700195324
decision_type=2 2 2 2 2 2 2 2 2 2 2 2 2 2
left_child=1 -1 -3 -4 8 -6 7 -7 -5 -10 -11 12 -12 -14
right_child=-2 2 3 4 5 6 -8 -9 9 10 11 -13 13 -15
leaf_value=-0.01674148329035325 -0.012679340006971587 -0.012703475215802862 -0.0031983082646061178 -9.4662618781382195e-05 0.0037907934858127826 -0.0075494456051836446 0.033436586955258654 0.042457414833433529 -0.015387673351481659 -0.001481841932070016 0.010978628449884145 0.0089213112965702297 0.070364402332623102 0.013712634592526432
leaf_weight=4007.0741535238922 8023.6852607913315 4072.3755218014121 16038.869575679302 58561.801473148167 19387.396467603743 1582.1745807640254 2137.2220355197787 567.10667710751295 1244.8654023073614 4028.5944172944874 1180.3363796137273 7587.0187465324998 747.97233937308192 358.1345719024539
leaf_count=144195 352880 131047 264254 863326 151990 11020 9198 2369 13028 67701 10519 81909 4570 1974
internal_value=-5.593e-05 0.000777695 0.00137518 0.00188067 0.00271718 0.00663551 0.0195019 0.0056453 0.00145868 0.00746428 0.00951057 0.0139957 0.0308339 0.0520217
internal_weight=129525 121501 117494 113421 97382.6 23673.9 4286.5 2149.28 73708.7 15146.9 13902.1 9873.46 2286.44 1106.11
internal_count=2109980 1757100 1612905 1481858 1217604 174577 22587 13389 1043027 179701 166673 98972 17063 6544
is_linear=0
shrinkage=0.03


Tree=82
num_leaves=15
num_cat=0
split_feature=8 12 2 1 12 12 10 12 12 12 12 12 12 11
split_gain=1434.17 1264.85 492.961 745.657 1320.22 668.729 720.578 614.85 463.356 603.055 789.504 505.997 454.89 908.912
threshold=2.5000000000000004 1.0000000180025095e-35 -0.60760971903800953 21.022256851196293 2.5000000000000004 2.5000000000000004 0.081160888075828566 3.5000000000000004 3.5000000000000004 5.5000000000000009 6.5000000000000009 4.5000000000000009 3.5000000000000004 2.5000000000000004
decision_type=2 2 2 2 2 2 2 2 2 2 2 2 2 2
left_child=-1 -2 3 5 -5 6 -3 -7 -6 11 -11 -10 -4 -14
right_child=1 2 12 4 8 7 -8 -9 9 10 -12 -13 13 -15
leaf_value=-0.0087548055255283457 -0.015941066462309285 0.024489058686073706 -0.0051269620690220551 -0.011293133927667631 0.039924199135704594 -0.014765426855982366 0.0014052836461956356 0.0018687605874227486 0.014077591203166328 0.045589743756053222 0.013887646762567377 -0.030733971760965127 0.00058097548673945567 0.02116637335865533
leaf_weight=15068.179311150685 3793.7345601003617 2362.5535541288555 12017.955004774034 1590.0385588034987 856.53296334668994 2177.4835598282516 2510.12859300524 24522.24198974669 507.96894302591681 911.39893824234605 3152.5125255435705 409.68859241530299 57522.139090236276 1997.4244013801217
leaf_count=665911 138221 22474 133670 16429 6156 19792 22515 275271 3725 4556 31713 2857 755367 11323
internal_value=-5.50523e-05 0.00109152 0.00167609 0.00438942 0.0129415 0.00237736 0.0125976 0.000512167 0.0195419 0.0160373 0.0209974 -0.00592855 0.000196842 0.0012718
internal_weight=129400 114332 110538 39000.5 7428.14 31572.4 4872.68 26699.7 5838.1 4981.57 4063.91 917.658 71537.5 59519.6
internal_count=2109980 1444069 1305848 405488 65436 340052 44989 295063 49007 42851 36269 6582 900360 766690
is_linear=0
shrinkage=0.03


Tree=83
num_leaves=15
num_cat=0
split_feature=5 12 9 7 7 11 12 12 11 1 12 5 12 12
split_gain=1321.81 1198.3 723.93 388.242 379.71 382.492 374.451 341.368 965.71 417.246 487.52 375.819 334.534 374.088
threshold=55.418529510498054 1.0000000180025095e-35 0.26504459977149969 258.31988525390631 139.24199676513675 3.5000000000000004 14.500000000000002 5.5000000000000009 1.5000000000000002 15.588643074035646 7.5000000000000009 524.38592529296886 1.0000000180025095e-35 1.5000000000000002
decision_type=2 2 2 2 2 2 2 2 2 2 2 2 2 2
left_child=6 3 -3 -2 5 -4 12 -6 9 -9 11 -11 -1 -14
right_child=1 2 4 -5 7 -7 -8 8 -10 10 -12 -13 13 -15
leaf_value=-0.029118320924829921 -0.019304653964080657 -0.019693142411926434 0.00045977473076697626 0.010352091463179214 0.00057129644062822932 0.03017671371493548 -0.010159026011573397 0.00029647489948060119 0.021016492344197332 0.017351022598579739 0.0061924341907341526 0.057229961159808516 0.030714227094570404 -3.5314592367501806e-05
leaf_weight=295.6926427744329 3248.608082966879 1407.9422801043838 68703.693959828466 452.63488000631332 13826.515110692009 392.03770247474313 13401.112147477455 11826.022395359352 3517.0096001662314 885.09265020117164 8187.0056147798896 279.95614429563284 415.79567411541939 2479.0297392420471
leaf_count=12787 121114 41676 941967 15066 125486 3416 550581 141621 17215 6748 97006 1605 4293 29399
internal_value=-5.41899e-05 0.00110942 0.00167932 -0.0156779 0.00195894 0.000628384 -0.00795998 0.00434554 0.00645869 0.0040411 0.00877632 0.0269338 0.00127667 0.00438137
internal_weight=129318 112727 109025 3701.24 107617 69095.7 16591.6 38521.6 24695.1 21178.1 9352.05 1165.05 3190.52 2894.83
internal_count=2109980 1512920 1376740 136180 1335064 945383 597060 389681 264195 246980 105359 8353 46479 33692
is_linear=0
shrinkage=0.03


Tree=84
num_leaves=15
num_cat=0
split_feature=8 0 7 0 0 0 0 8 0 10 4 11 11 10
split_gain=1310.05 495.204 487.834 488.182 499.73 655.446 463.907 462.668 441.964 441.479 392.211 296.705 278.767 234.809
threshold=2.5000000000000004 1219.4902343750002 148.70955657958987 696.31445312500011 525.78515625000011 385.91796875000006 218.81054687500003 3.5000000000000004 1040.9238281250002 0.37106169760227209 38.500000000000007 1.5000000000000002 1.5000000000000002 0.041949871927499778
decision_type=2 2 2 2 2 2 2 2 2 2 2 2 2 2
left_child=6 2 3 4 5 7 -1 -2 13 -9 -8 -3 -7 -5
right_child=1 11 -4 8 -6 12 10 9 -10 -11 -12 -13 -14 -15
leaf_value=-0.021548220888296402 0.055552983291236376 -0.021950308232416643 0.0041740895930933537 -0.00055734441674504926 -0.0060521874080070306 0.0028103843920558439 0.0008887799753120744 -0.0086126613833329181 -0.0078705033086664371 0.0096123981664516991 -0.010140385087160132 0.0093519237757953132 0.013918324576163025 0.0051852839736758263
leaf_weight=2086.5731253307313 111.11914964579046 1291.6685271114111 35670.105836281553 8849.4757184498012 17921.388632016256 11372.139227621257 4457.7722893487662 8375.4264245023951 3337.0486040022224 1395.5522244423628 8314.0325268022716 345.41005880013108 2476.1114846561104 23229.179449388757
leaf_count=107687 2324 20980 375542 97562 264133 178108 145234 182790 40056 27254 412990 3680 26978 224662
internal_value=-5.31859e-05 0.00103549 0.00127337 -6.92104e-05 -0.00227091 0.000584749 -0.00843345 -0.0053174 0.00252017 -0.00600964 -0.00629085 -0.0153458 0.00479652 0.00360108
internal_weight=129233 114375 112738 77067.4 41651.7 23730.3 14858.4 9882.1 35415.7 9770.98 12771.8 1637.08 13848.3 32078.7
internal_count=2109980 1444069 1419409 1043867 681587 417454 665911 212368 362280 210044 558224 24660 205086 322224
is_linear=0
shrinkage=0.03


Tree=85
num_leaves=15
num_cat=0
split_feature=8 12 8 12 10 12 12 9 7 9 12 11 12 5
split_gain=1241.84 1153.53 448.931 433.029 563.188 417.698 1027.13 401.417 376.638 372.604 358.387 834.429 414.264 408.085
threshold=2.5000000000000004 1.0000000180025095e-35 5.5000000000000009 1.5000000000000002 0.34032529592514044 7.5000000000000009 6.5000000000000009 0.53667581081390392 270.86636352539068 0.84530103206634533 5.5000000000000009 1.5000000000000002 9.5000000000000018 553.36511230468761
decision_type=2 2 2 2 2 2 2 2 2 2 2 2 2 2
left_child=5 8 9 -4 -5 6 -1 -7 -2 10 13 -12 -13 -3
right_child=1 2 3 4 -6 7 -8 -9 -10 -11 11 12 -14 -15
leaf_value=-0.0013484892144086658 -0.018855851277534998 0.0013083796165807827 0.01242534451227093 -0.004129121623827928 0.0045721593920628511 -0.015765495031120205 0.084987982258966477 -0.0053113967698807151 0.011850166411284 0.010713314005632394 0.0021539065500350411 0.011374324554303013 0.038815017130978603 -0.0084992327095524053
leaf_weight=1081.6304853763431 3286.5169352767989 20898.308575524017 2005.8240215517581 26196.608521549031 8992.8383260220289 5760.7187335630879 140.07707523927093 7756.9081716425717 403.67622745968401 5125.5391573570669 35848.616687146947 6468.2062103077769 536.18718454241753 4671.8487463612109
leaf_count=24539 125075 190876 19681 448422 139937 292074 2165 347133 13146 50510 377952 32637 2195 43638
internal_value=-5.22129e-05 0.00100346 0.00155328 -0.00113265 -0.00190547 -0.00824829 0.00855057 -0.00976655 -0.0154969 0.00291161 0.00232719 0.00400434 0.0134749 -0.000483541
internal_weight=129174 114434 110744 37195.3 35189.4 14739.3 1221.71 13517.6 3690.19 73548.7 68423.2 42853 7004.39 25570.2
internal_count=2109980 1444069 1305848 608040 588359 665911 26704 639207 138221 697808 647298 412784 34832 234514
is_linear=0
shrinkage=0.03


Tree=86
num_leaves=15
num_cat=0
split_feature=6 12 2 1 12 12 10 12 12 12 12 3 12 12
split_gain=1305.57 1195.01 584.836 669.16 1110.18 526.227 689.333 567.263 481.14 521.827 629.205 442.011 429.602 395.112
threshold=48.500000000000007 1.0000000180025095e-35 -0.60760971903800953 22.544713020324711 2.5000000000000004 2.5000000000000004 0.081160888075828566 3.5000000000000004 3.5000000000000004 5.5000000000000009 6.5000000000000009 0.045093994587659843 4.5000000000000009 14.500000000000002
decision_type=2 2 2 2 2 2 2 2 2 2 2 2 2 2
left_child=1 -1 3 5 -5 6 -3 -7 11 12 -11 -6 -10 -4
right_child=-2 2 13 4 8 7 -8 -9 9 10 -12 -13 -14 -15
leaf_value=-0.015893910638992152 -0.012521662465842121 0.022611607342759913 0.0018229192683540214 -0.010814135784399482 0.012366778664967645 -0.01347068216277157 0.00075637333205140066 0.0020988314633692347 0.013018371390395208 0.043567239536865074 0.01346798580334665 0.058880423104952659 -0.032097877347658503 -0.0024850333292248095
leaf_weight=3794.0738523220643 7138.023659911938 2497.9184494353831 38125.217261297628 1388.3129424676299 297.16542579606175 2280.3748073279858 2705.8038257211447 27556.366386174224 431.79296231269836 812.91327081620693 2704.922427191399 482.28941745311022 339.14690141752362 38521.397145831957
leaf_count=144691 329190 23733 345336 14497 2170 21075 24544 377474 3109 3891 27584 3179 2378 787129
internal_value=-5.13131e-05 0.00067868 0.00121089 0.0040795 0.0129544 0.00244422 0.0112474 0.000908878 0.0194652 0.0155246 0.0204234 0.0411472 -0.00682888 -0.000342191
internal_weight=129076 121938 118144 41497 6456.54 35040.5 5203.72 29836.7 5068.23 4288.78 3517.84 779.455 770.94 76646.6
internal_count=2109980 1780790 1636099 503634 56808 446826 48277 398549 42311 36962 31475 5349 5487 1132465
is_linear=0
shrinkage=0.03


Tree=87
num_leaves=15
num_cat=0
split_feature=9 12 5 12 7 11 12 11 1 12 12 12 12 12
split_gain=1206.81 877.581 687.418 525.416 477.809 376.934 1011.35 701.184 552.86 786.517 550.213 542.177 533.966 691.756
threshold=0.40525792539119726 1.0000000180025095e-35 55.418529510498054 1.5000000000000002 293.22462463378912 1.5000000000000002 6.5000000000000009 2.5000000000000004 22.347250938415531 2.5000000000000004 6.5000000000000009 9.5000000000000018 4.5000000000000009 2.5000000000000004
decision_type=2 2 2 2 2 2 2 2 2 2 2 2 2 2
left_child=-1 4 3 -3 -2 8 -7 11 12 -10 -11 -8 13 -4
right_child=1 2 5 -5 -6 6 7 -9 9 10 -12 -13 -14 -15
leaf_value=-0.010037610385060234 -0.017706902038634023 0.030639546278639372 0.0017490007101605099 -0.0061961027011444812 0.024291839830082353 0.0024667579846918393 0.0070584055959958597 0.042579680579247506 -0.017610910339269849 0.022023602021121018 0.0057358339111635457 0.037096174159602029 0.0009069707025503676 -0.015916812974384263
leaf_weight=10041.678036728874 3072.3903202600777 358.1899271607399 3857.8253843747079 12889.313664749265 264.80729832313955 21870.30841284804 3058.8938115797937 849.52110984176397 1080.1464740037918 2370.9254716299474 8775.1306669786572 656.96605135500431 55724.855092301965 4131.2679221667349
leaf_count=269634 117598 3491 40504 460299 7841 174399 17591 3529 11727 17764 112418 2735 827185 43265
internal_value=-5.04792e-05 0.000792553 0.00123031 -0.00520013 -0.0143743 0.00206241 0.0051477 0.0179907 0.000988386 0.00683177 0.00920048 0.0123691 -0.000132914 -0.00738623
internal_weight=129002 118961 115623 13247.5 3337.2 102376 26435.7 4565.38 75940.2 12226.2 11146.1 3715.86 63713.9 7989.09
internal_count=2109980 1840346 1714907 463790 125439 1251117 198254 23855 1052863 141909 130182 20326 910954 83769
is_linear=0
shrinkage=0.03


Tree=88
num_leaves=15
num_cat=0
split_feature=9 12 0 12 2 1 12 0 9 0 12 1 12 5
split_gain=1144.71 835.99 706.708 1204.87 638.064 833.975 1292.98 610.2 608.146 522.272 672.877 670.328 739.651 528.271
threshold=0.40525792539119726 1.0000000180025095e-35 294.25976562500006 1.5000000000000002 -0.38044282793998713 18.4831075668335 2.5000000000000004 445.11523437500006 0.85491624474525463 742.84570312500011 3.5000000000000004 14.474240779876711 2.5000000000000004 311.13954162597662
decision_type=2 2 2 2 2 2 2 2 2 2 2 2 2 2
left_child=-1 -2 3 -3 5 -4 -7 -8 -5 -6 11 12 -11 -12
right_child=1 2 4 8 9 6 7 -9 -10 10 13 -13 -14 -15
leaf_value=-0.0098209163256013244 -0.01413829977038366 0.046634387439657213 0.0023467131765849995 -0.012446678393590012 -0.0023917642707171776 -0.009579554860624756 -0.0089849584813074153 0.019559509217518495 0.0075453432419920301 0.011445886861149267 0.012910130439018125 -0.022713932826649307 -0.020071341129893904 0.0023674882837850823
leaf_weight=9956.6510887630284 3292.2301801769063 367.30582454428077 34716.915999304503 7467.9718762170523 36371.944495011121 2024.130000025034 737.82971403002739 7793.2668997291476 1676.9238031096756 2070.4705161005259 6242.2950720340014 1600.4846089296043 990.86825317889452 13590.92960973084
leaf_count=269634 125439 2879 452111 243044 667006 20486 11474 65338 34696 20704 57925 17497 9140 112607
internal_value=-4.95482e-05 0.000768404 0.00119275 -0.00664088 0.0018948 0.00459186 0.0119763 0.0170908 -0.00878069 -0.000111241 0.00327504 -0.00698074 0.00124466 0.00568567
internal_weight=128900 118944 115651 9512.2 106139 45272.1 10555.2 8531.1 9144.9 60867 24495 4661.82 3061.34 19833.2
internal_count=2109980 1840346 1714907 280619 1434288 549409 97298 76812 277740 884879 217873 47341 29844 170532
is_linear=0
shrinkage=0.03


Tree=89
num_leaves=15
num_cat=0
split_feature=9 12 5 12 0 7 0 11 12 0 0 12 11 12
split_gain=1089.95 849.73 699.728 517.559 527.479 455.869 347.431 339.368 979.238 827.676 819.078 1100.66 804.556 687.556
threshold=0.37293279170989996 1.0000000180025095e-35 55.418529510498054 1.5000000000000002 688.29492187500011 293.22462463378912 642.72851562500011 1.5000000000000002 6.5000000000000009 545.44726562500011 749.51367187500011 9.5000000000000018 2.5000000000000004 5.5000000000000009
decision_type=2 2 2 2 2 2 2 2 2 2 2 2 2 2
left_child=-1 5 3 -3 -5 -2 -7 -4 9 13 11 12 -10 -9
right_child=1 2 7 4 -6 6 -8 8 10 -11 -12 -13 -14 -15
leaf_value=-0.011314758063134532 -0.017574104889841284 0.028792079817117455 0.00087086906295752713 -0.0083255346357823841 0.011316570863984105 -0.03069341701521483 0.044495180803233218 0.01841623286828889 -0.019231159219449533 -0.00043054916665909393 0.029525884598004551 0.039829144513850084 0.031052281030815768 -0.029044843352230461
leaf_weight=7291.516893338412 3073.4595050523058 389.0881819203496 77216.659033657052 11982.310842928477 1371.2894877195358 77.434244934469461 193.5895799510181 3589.4512573890388 1295.8094131909311 18699.784561309963 2394.3353723287582 581.53087586164474 367.63380521535873 297.47742628678679
leaf_count=211759 121741 3730 1073211 461838 23645 2355 5623 28514 9920 151483 10349 2433 1527 1852
internal_value=-4.89442e-05 0.000626979 0.00104897 -0.00531469 -0.00630847 -0.0142851 0.023013 0.00188631 0.00476623 0.00218769 0.01732 0.00430198 -0.00811813 0.0147839
internal_weight=128821 121530 118185 13742.7 13353.6 3344.48 271.024 104443 27226 22586.7 4639.31 2244.97 1663.44 3886.93
internal_count=2109980 1898221 1768502 489213 485483 129719 7978 1279289 206078 181849 24229 13880 11447 30366
is_linear=0
shrinkage=0.03


Tree=90
num_leaves=15
num_cat=0
split_feature=8 12 12 12 2 12 11 5 12 12 7 12 11 9
split_gain=1043.66 919.825 395.429 894.278 389.097 415.818 759.145 962.49 1132.28 706.326 435.784 389.249 400.994 377.044
threshold=2.5000000000000004 1.0000000180025095e-35 7.5000000000000009 6.5000000000000009 -0.60760971903800953 3.5000000000000004 2.5000000000000004 420.05364990234381 4.5000000000000009 2.5000000000000004 180.52028656005862 4.5000000000000009 1.5000000000000002 0.53667581081390392
decision_type=2 2 2 2 2 2 2 2 2 2 2 2 2 2
left_child=2 -2 3 -1 -3 9 10 8 -8 -6 -7 -12 -13 -4
right_child=1 4 13 -5 5 6 7 -9 -10 -11 11 12 -14 -15
leaf_value=-0.00092943572674335651 -0.014352910285283021 0.003780640716526347 -0.01513748865959281 0.077430499814180945 -0.00037011493039378377 -0.00087390700669746522 0.074659900524311068 0.0011291856333871793 0.0061252737812551427 -0.016415525569422568 -0.013760906318481621 0.004826322700670716 0.021506857842447553 -0.0048511627114631792
leaf_weight=1066.3875640090555 3446.6380766946822 39341.340178940445 5536.8630481809378 149.44673833623528 8493.2171152532101 45682.835453102365 468.39547845721245 1149.9238687455654 404.16462458670139 3481.1903376728296 868.27074556425214 9502.7611990328878 1502.0863344147801 7621.9827625555918
leaf_count=24539 138221 405488 292074 2165 96051 637615 2709 6473 2141 37619 7463 102013 8276 347133
internal_value=-4.8088e-05 0.000909731 -0.00766689 0.00870233 0.0013841 6.64296e-05 0.00109171 0.0191569 0.0429151 -0.00503482 0.000456909 0.00557733 0.0071031 -0.00917935
internal_weight=128716 114341 14374.7 1215.83 110894 71552.8 59578.4 2022.48 872.56 11974.4 57556 11873.1 11004.8 13158.8
internal_count=2109980 1444069 665911 26704 1305848 900360 766690 11323 4850 133670 755367 117752 110289 639207
is_linear=0
shrinkage=0.03


Tree=91
num_leaves=15
num_cat=0
split_feature=9 5 7 2 11 9 10 11 9 9 9 10 11 5
split_gain=1020.97 740.423 376.484 261.292 259.735 225.91 239.021 181.908 259.385 142.932 121.315 169.292 147.153 201.577
threshold=0.33348613977432257 55.418529510498054 147.09272003173831 -0.73467135429382313 1.0000000180025095e-35 0.22337984293699267 -0.11515443399548529 1.5000000000000002 0.81634074449539196 0.52600616216659557 0.55901029706001293 0.016325923614203933 2.5000000000000004 254.22078704833987
decision_type=2 2 2 2 2 2 2 2 2 2 2 2 2 2
left_child=5 4 3 -3 9 -1 -7 -4 -9 -2 11 -5 -12 -14
right_child=1 2 7 10 -6 6 -8 8 -10 -11 12 -13 13 -15
leaf_value=-0.023651458356203629 -0.013135108739780721 0.0028299736512624333 0.0022724689047193282 -0.0012762692870949609 0.0020346953400814083 -0.00049874014199812453 -0.016625335192628061 0.0051397312932044597 0.01845641485544508 -0.0057882362226738173 -0.00073953935605174147 -0.0093709590083795053 0.023044697472677327 0.0010788935746831019
leaf_weight=1428.0895918589085 3371.8945789719 21660.111825434491 24157.948478041217 6944.3136895950884 2950.9715228127316 1498.9308916665614 1845.6827574791387 11080.273919086903 1493.9117102958262 8128.2500196592882 38880.176569345407 3495.9027864011005 558.38570029661059 1151.1525617372245
leaf_count=62755 165729 271706 275135 109294 42890 33203 58877 104294 13412 318413 576459 58161 7004 12648
internal_value=-4.73544e-05 0.000477239 0.00132013 6.92137e-05 -0.00590502 -0.0136629 -0.009398 0.00379559 0.00672186 -0.00794237 -0.00110262 -0.00398677 -0.000360772 0.00825357
internal_weight=128646 123873 109422 72690 14451.1 4772.7 3344.61 36732.1 12574.2 11500.1 51029.9 10440.2 40589.7 1709.54
internal_count=2109980 1955145 1428113 1035272 527032 154835 92080 392841 117706 484142 763566 167455 596111 19652
is_linear=0
shrinkage=0.03


Tree=92
num_leaves=15
num_cat=0
split_feature=9 12 4 12 7 0 0 0 0 2 0 12 0 11
split_gain=972.631 835.456 698.887 617.339 438.21 432.031 398.508 339.22 443.098 322.802 527.095 396.448 1067.21 860.619
threshold=0.33348613977432257 1.0000000180025095e-35 90.500000000000014 1.5000000000000002 258.31988525390631 696.31445312500011 1219.4902343750002 636.97460937500011 735.94335937500011 -0.29731735587120051 281.94335937500006 3.5000000000000004 356.34179687500006 2.5000000000000004
decision_type=2 2 2 2 2 2 2 2 2 2 2 2 2 2
left_child=-1 4 6 -4 -2 -5 9 -6 -9 10 -3 12 -11 -13
right_child=1 2 3 5 7 -7 -8 8 -10 11 -12 13 -14 -15
leaf_value=-0.013420575138538223 -0.018305257679749318 -0.0098156593492897352 0.031359065973426969 -0.0079985100672100122 -0.030436239605052016 0.011683395144700277 -0.014288837214008303 0.098729319804185922 0.011535902165435943 0.044303954028586584 0.0045098554804413075 0.00077676970631411816 -0.0074335818060080865 0.023605928528914719
leaf_weight=4714.4387785997242 2953.5818558819592 2438.0556152183563 400.06868881359696 12705.968637568876 108.13631882146001 1089.8393260389566 1383.2241695243865 68.19929968751967 227.1909271646291 374.14468894898891 44564.179862295277 47270.851505980827 8761.7034538201988 1534.4291328266263
leaf_count=154835 121378 58231 3789 497226 3578 19530 19295 2165 6735 3623 465172 649065 96862 8496
internal_value=-4.63167e-05 0.000462662 0.000873842 -0.00537832 -0.014299 -0.00644368 0.00170858 0.0150247 0.031667 0.00191944 0.00376678 0.000420866 -0.00531475 0.00149451
internal_weight=128594 123880 120522 14195.9 3357.11 13795.8 106327 403.527 295.39 104943 47002.2 57941.1 9135.85 48805.3
internal_count=2109980 1955145 1821289 520545 133856 516756 1300744 12478 8900 1281449 523403 758046 100485 657561
is_linear=0
shrinkage=0.03


Tree=93
num_leaves=15
num_cat=0
split_feature=12 0 12 10 5 0 0 11 0 0 12 0 12 12
split_gain=919.229 916.128 1239.06 795.514 582.036 478.959 334.081 304.372 286.346 284.949 1790.62 693.104 1093.89 815.174
threshold=1.0000000180025095e-35 294.25976562500006 1.5000000000000002 0.35378354787826544 29.469375610351566 1219.4902343750002 535.44335937500011 1.5000000000000002 868.13085937500011 749.51367187500011 1.5000000000000002 516.40820312500011 1.5000000000000002 4.5000000000000009
decision_type=2 2 2 2 2 2 2 2 2 2 2 2 2 2
left_child=6 2 -2 -4 -3 9 -1 -7 -8 11 -11 12 -6 -14
right_child=1 4 3 -5 5 7 8 -9 -10 10 -12 -13 13 -15
leaf_value=-0.029698481997911551 0.043084958075751273 -0.0085926306544306646 -0.013954930450388219 0.0086114491040557087 0.026479962503000831 -0.021553981224738721 -0.0034151370410536027 0.010919516534142411 -0.026174188422727156 -0.023041932332988947 0.0051299830217801951 -0.0018462829451863095 -0.0109058981365357 0.0051229291353324874
leaf_weight=1003.434170098044 409.06428734213114 5251.7555624349043 8394.9724551234394 1688.7627307325602 1893.053320094943 1247.1954052317888 1920.530040403828 328.11039053462446 671.49577394686639 2135.394410315901 41356.066734453663 39686.9769488452 3355.0285851210356 19180.796812240966
leaf_count=45417 3070 224969 303764 34323 15241 20734 76061 2871 27489 36130 334865 553885 35146 396015
internal_value=-4.56394e-05 0.00038478 -0.00809927 -0.0101757 0.00116271 0.00163194 -0.0150009 -0.0147903 -0.00931115 0.00187236 0.00374677 0.000600894 0.00457656 0.00273663
internal_weight=128523 124927 10492.8 10083.7 114434 109183 3595.46 1575.31 2592.03 107607 43491.5 64115.9 24428.9 22535.8
internal_count=2109980 1961013 341157 338087 1619856 1394887 148967 23605 103550 1371282 370995 1000287 446402 431161
is_linear=0
shrinkage=0.03


Tree=94
num_leaves=15
num_cat=0
split_feature=6 9 7 2 1 9 3 9 1 3 8 9 3 1
split_gain=1074.28 742.377 450.424 282.805 523.636 295.375 237.247 227.748 299.148 204.879 203.521 256.39 242.945 175.354
threshold=51.500000000000007 0.2757305800914765 73.918807983398452 -0.36589029431343073 20.874881744384769 0.47440698742866522 -0.085815403610467897 0.54937544465065014 16.313149452209476 0.76752087473869335 5.5000000000000009 0.83271777629852306 0.19340347498655322 10.644677162170412
decision_type=2 2 2 2 2 2 2 2 2 2 2 2 2 2
left_child=1 -1 6 4 13 -6 -3 8 -5 10 11 -9 -12 -4
right_child=-2 2 3 7 5 -7 -8 9 -10 -11 12 -13 -14 -15
leaf_value=-0.017393940858649478 -0.012400997719647297 -0.0032202866193963759 -0.00010735558162570004 0.0003209674838683329 -0.01188577481612931 0.013656325701528568 0.0012486504768002705 0.0030480471055530046 -0.012367528364286248 -0.0040720021152541135 -0.0027446556929221935 0.013135194720980745 0.0099757304071960134 0.0047987532752983321
leaf_weight=2037.3452174803242 6035.562631374225 27779.944481267594 12401.830531657673 4760.2898915056139 436.50395502243191 6127.5066801691428 17380.479018242098 17147.778875960037 2577.8757678121328 4812.9139291215688 8831.3280367162079 2613.4465232174844 1595.4102689474821 13911.504414829426
leaf_count=71568 296340 532817 144478 73363 6504 56557 264245 198492 40173 56589 145158 32708 23390 167598
internal_value=-4.519e-05 0.000564006 0.00086794 0.00228989 0.00437741 0.0119578 -0.00150037 0.000668875 -0.00413646 0.00167635 0.00259281 0.00438208 -0.000798291 0.00248644
internal_weight=128450 122414 120377 75216.4 32877.3 6564.01 45160.4 42339 7338.17 35000.9 30188 19761.2 10426.7 26313.3
internal_count=2109980 1813640 1742072 945010 375137 63061 797062 569873 113536 456337 399748 231200 168548 312076
is_linear=0
shrinkage=0.03


Tree=95
num_leaves=15
num_cat=0
split_feature=6 12 0 2 1 12 12 0 9 12 0 12 0 6
split_gain=1022.52 891.94 711.421 486.678 543.883 1273.51 781.522 966.643 851.924 849.309 632.597 458.842 670.036 532.819
threshold=51.500000000000007 1.0000000180025095e-35 185.89257812500003 -0.16114573925733564 18.4831075668335 2.5000000000000004 2.5000000000000004 913.97460937500011 0.60623264312744152 3.5000000000000004 445.11523437500006 1.5000000000000002 461.81445312500006 1.5000000000000002
decision_type=2 2 2 2 2 2 2 2 2 2 2 2 2 2
left_child=1 -1 -3 4 6 -6 7 8 11 -8 -7 12 -4 -13
right_child=-2 2 3 -5 5 10 9 -9 -10 -11 -12 13 -14 -15
leaf_value=-0.014438941150722286 -0.012172928683148759 -0.011599936661934531 0.051208879270004289 -0.00047857567138967803 -0.011033593631558321 -0.0040622039431633091 -0.016440109196581811 -0.020534585965505444 0.003748030807681422 0.0014026414904027965 0.016411606475296672 0.048438568631071932 0.0004079224774967365 0.0080972911678171625
leaf_weight=3473.2308526542038 5965.2604167927057 3910.3194048898295 317.08032732829452 59346.79375767149 2372.170627579093 1601.8785490375012 2582.6098973080516 733.88245534710586 2574.9136511869729 34135.606658904813 8929.6352559207007 1180.6698552779853 888.23794724047184 392.65735482424498
leaf_count=145334 296340 135225 2321 849746 25203 29112 24904 8314 22973 472927 74086 9157 10584 3754
internal_value=-4.42765e-05 0.000546631 0.000984136 0.00141182 0.00342565 0.00882453 0.00179816 0.0117537 0.0161799 0.000147655 0.0132975 0.0277002 0.013772 0.0383705
internal_weight=128405 122440 118966 115056 55709.3 12903.7 42805.7 6087.44 5353.56 36718.2 10531.5 2778.65 1205.32 1573.33
internal_count=2109980 1813640 1668306 1533081 683335 128401 554934 57103 48789 497831 103198 25816 12905 12911
is_linear=0
shrinkage=0.03


Tree=96
num_leaves=15
num_cat=0
split_feature=6 12 0 0 2 0 12 0 12 12 11 0 12 0
split_gain=972.995 849.878 684.377 440.798 402.34 617.339 381.793 1017.71 904.391 777.224 657.752 961.404 565.354 452.227
threshold=51.500000000000007 1.0000000180025095e-35 114.50195312500001 1219.4902343750002 -0.14801489561796186 263.93164062500006 3.5000000000000004 360.03906250000006 14.500000000000002 13.500000000000002 2.5000000000000004 838.95312500000011 4.5000000000000009 968.75000000000011
decision_type=2 2 2 2 2 2 2 2 2 2 2 2 2 2
left_child=1 -1 -3 4 5 -4 7 -6 9 10 12 -12 -8 -9
right_child=-2 2 3 -5 6 -7 8 13 -10 -11 11 -13 -14 -15
leaf_value=-0.014202028983495919 -0.011946531231999466 -0.018577143941022757 -0.01014808585950094 -0.014609719786319114 0.041345196784940842 0.00399695657356724 -0.009122423556915853 -0.006085742895841943 -0.0024945150004433538 0.037012066990698138 0.0084235258615657626 0.062384728143383868 0.005377217571622313 -0.032835309505878534
leaf_weight=3425.9571996349841 5897.0034001786262 1593.1363316597417 2930.0142010683194 1562.4367596451193 394.24652575701475 53133.888233456761 2889.2250929735601 8389.0576555188745 30477.202550668269 689.82750817760825 1023.7304771840572 418.68837068974972 14907.948207233101 610.17982221581042
leaf_count=145334 296340 68521 82968 23762 3762 620016 26556 94855 607700 3132 5769 2171 120102 8992
internal_value=-4.37908e-05 0.000529448 0.000953491 0.00121846 0.00143191 0.00325771 -0.000279817 -0.00583265 0.000754977 0.00572428 0.00460247 0.0240867 0.00302332 -0.00789946
internal_weight=128343 122446 119020 117426 115864 56063.9 59800.1 9393.48 50406.6 19929.4 19239.6 1442.42 17797.2 8999.24
internal_count=2109980 1813640 1668306 1599785 1576023 702984 873039 107609 765430 157730 154598 7940 146658 103847
is_linear=0
shrinkage=0.03


Tree=97
num_leaves=15
num_cat=0
split_feature=6 12 0 0 7 7 0 12 0 12 12 12 0 1
split_gain=926.438 804.073 651.249 422.005 379.271 372.397 300.377 469.798 338.493 389.941 405.898 718.387 338.445 303.792
threshold=48.500000000000007 1.0000000180025095e-35 125.46484375000001 1219.4902343750002 68.636592864990249 238.09085845947268 696.31445312500011 1.5000000000000002 573.25976562500011 1.5000000000000002 6.5000000000000009 7.5000000000000009 1040.9238281250002 14.683983802795412
decision_type=2 2 2 2 2 2 2 2 2 2 2 2 2 2
left_child=1 5 -3 4 6 -1 8 -8 9 -4 -11 13 -9 -12
right_child=-2 2 3 -5 -6 -7 7 12 -10 10 11 -13 -14 -15
leaf_value=-0.018280821932634021 -0.010987420518787525 -0.017019225461117202 0.017235827557484457 -0.014339459859787651 0.0027088925938195249 0.0088354772651552879 -0.022874855203368148 0.0045945057080999802 -0.0087322496139482057 -0.011748555647564392 0.043925278841675609 -0.0013515712168697691 -0.011028334977451038 0.0038566701381716377
leaf_weight=2823.9750802656636 6602.7803281564265 1785.3294571256265 1014.4303516931832 1544.4039275255054 74839.42801070679 543.54793341271579 645.35566680319607 14396.211876678281 6778.1203677654266 3069.1774872615933 464.32646865397692 12094.221988325007 1366.4419581182301 268.9336638264358
leaf_count=125366 329190 75077 8532 23762 870241 19325 11281 133547 118629 34107 4068 337338 16961 2556
internal_value=-4.31424e-05 0.000550957 0.000962549 0.00123816 0.00144748 -0.013904 -0.000906895 0.00221303 -0.00306787 -0.000797536 -0.00194832 0.000396544 0.00324018 0.0292295
internal_weight=128237 121634 118266 116481 114937 3367.52 40097.2 16408 23689.2 16911.1 15896.7 12827.5 15762.7 733.26
internal_count=2109980 1780790 1636099 1561022 1537260 144691 667019 161789 505230 386601 378069 343962 150508 6624
is_linear=0
shrinkage=0.03


Tree=98
num_leaves=15
num_cat=0
split_feature=6 12 0 0 7 7 0 12 12 12 12 0 0 0
split_gain=883.372 771.73 627.488 398.055 373.88 360.173 300.06 450.629 331.113 376.512 459.636 487.882 372.828 319.887
threshold=51.500000000000007 1.0000000180025095e-35 114.50195312500001 1219.4902343750002 68.636592864990249 238.09085845947268 696.31445312500011 1.5000000000000002 2.5000000000000004 6.5000000000000009 7.5000000000000009 516.40820312500011 406.94726562500006 1040.9238281250002
decision_type=2 2 2 2 2 2 2 2 2 2 2 2 2 2
left_child=1 5 -3 4 6 -1 8 -8 -4 -10 11 12 -11 -9
right_child=-2 2 3 -5 -6 -7 7 13 9 10 -12 -13 -14 -15
leaf_value=-0.018104672454062939 -0.011513086928386689 -0.018123416821387513 0.0080291860399066203 -0.014071528393876856 0.0025982466727340991 0.0084985919526501426 -0.022653892887470054 0.0044554213816060352 -0.013193360739204818 0.0041355928944767778 -0.0036528870242615772 -0.0066738286673437373 0.052880693035801368 -0.010787242543798222
leaf_weight=2787.6088447589427 5770.4060866255313 1540.8255682019517 2190.8316102176905 1526.8646161369979 75324.387247834355 548.07098371814936 633.52276671305299 14463.150513846427 3520.1569817513227 226.87492907047272 17461.816461283714 456.12574590742588 374.03330984339118 1355.2440677508712
leaf_count=126009 296340 68521 22294 23762 882132 19325 11292 134363 38774 2234 460748 4142 3083 16961
internal_value=-4.24531e-05 0.000498275 0.00089696 0.00114631 0.00134661 -0.0137336 -0.000970866 0.00215588 -0.00309391 -0.00419962 -0.00249004 0.0167197 0.0344768 0.0031495
internal_weight=128180 122410 119074 117533 116006 3335.68 40681.8 16451.9 24229.8 22039 18518.9 1057.03 600.908 15818.4
internal_count=2109980 1813640 1668306 1599785 1576023 145334 693891 162616 531275 508981 470207 9459 5317 151324
is_linear=0
shrinkage=0.03


Tree=99
num_leaves=15
num_cat=0
split_feature=6 12 0 0 7 7 0 0 1 0 12 12 12 12
split_gain=840.13 735.119 599.714 378.133 352.327 346.638 289.491 476.755 434.799 262.277 362.529 267.026 309.261 399.561
threshold=51.500000000000007 1.0000000180025095e-35 114.50195312500001 1219.4902343750002 58.626218795776374 238.09085845947268 631.15820312500011 868.13085937500011 11.105244159698488 696.31445312500011 1.5000000000000002 2.5000000000000004 6.5000000000000009 7.5000000000000009
decision_type=2 2 2 2 2 2 2 2 2 2 2 2 2 2
left_child=1 5 -3 4 9 -1 -7 8 -8 11 -11 -4 -13 -14
right_child=-2 2 3 -5 -6 6 7 -9 -10 10 -12 12 13 -15
leaf_value=-0.017872138482018601 -0.011292032662491182 -0.017886701619439151 0.007504749240818725 -0.01380598379373181 0.0023665260861995352 -0.030667140670966556 0.085388014924791367 -0.023308614278608874 0.0094503604726141593 -0.023044297286838697 0.0029558853935639975 -0.013469542029974932 0.01661783560411649 -0.0039968109314220809
leaf_weight=2739.8890947634354 5707.8259416315705 1514.7775144567713 1837.4201910383999 1509.8065749388188 82182.910943951458 131.55405532475561 123.56900247745216 146.80792618449777 150.52365559339523 501.33800973556936 12947.822510683909 2908.1833299659193 897.43167471885681 14823.406908080913
leaf_count=126009 296340 68521 18581 23762 986154 4810 3613 5983 4919 9097 124675 32360 7939 397217
internal_value=-4.1757e-05 0.000482806 0.000869295 0.00111087 0.00130486 -0.0135011 0.00817721 0.0203182 0.0436853 -0.00126774 0.00198669 -0.00340633 -0.00448252 -0.00282001
internal_weight=128123 122415 119123 117608 116099 3292.34 552.455 420.901 274.093 33915.6 13449.2 20466.4 18629 15720.8
internal_count=2109980 1813640 1668306 1599785 1576023 145334 19325 14515 8532 589869 133772 456097 437516 405156
is_linear=0
shrinkage=0.03


Tree=100
num_leaves=15
num_cat=0
split_feature=0 12 12 2 12 8 12 11 0 0 12 0 8 12
split_gain=725.877 664.995 589.062 582.031 553.207 447.748 552.167 707.073 1224.41 570.045 669.263 384.824 648.404 578.64
threshold=294.25976562500006 1.0000000180025095e-35 1.5000000000000002 -0.42221926152706141 1.0000000180025095e-35 2.5000000000000004 3.5000000000000004 2.5000000000000004 842.55273437500011 968.75000000000011 2.5000000000000004 516.40820312500011 4.5000000000000009 1.5000000000000002
decision_type=2 2 2 2 2 2 2 2 2 2 2 2 2 2
left_child=2 -2 4 -3 -1 -5 9 -8 -9 10 11 -7 13 -13
right_child=1 3 -4 5 -6 6 7 8 -10 -11 -12 12 -14 -15
leaf_value=-0.030543932217068397 -0.012901322182673914 0.0035297960879119481 -0.0094061556390969397 -0.0084027711929841355 0.038781763167062798 0.014466131005019449 0.00061367687431897579 0.0063958600586468545 0.066415602914407942 -0.031583409914995364 -0.016491345772827213 -0.015049863103574319 -0.021760723311008614 0.010208317814398299
leaf_weight=136.50206910166889 3181.8444111682475 47803.307569481432 9737.9331117216498 6322.0889076218009 429.73633258789778 1456.9675440825522 48409.00093623437 1339.9232440516353 396.39814639091492 746.43902583047748 2867.800014000386 1145.0135668292642 1255.9190064445138 2843.3645077943802
leaf_count=7953 141014 595622 338087 305080 3070 13599 591940 7438 1991 11492 31452 19909 16136 25197
internal_value=-4.10775e-05 0.000626987 -0.00767649 0.00100264 0.0220695 -0.000806298 -1.19723e-05 0.00128834 0.0200982 -0.00633302 -0.00436336 0.000826806 -0.00296246 0.00295701
internal_weight=128072 117768 10304.2 114586 566.238 66782.9 60460.8 50145.3 1736.32 10315.5 9569.06 6701.26 5244.3 3988.38
internal_count=2109980 1760870 349110 1619856 11023 1024234 719154 601369 9429 117785 106293 74841 61242 45106
is_linear=0
shrinkage=0.03


Tree=101
num_leaves=15
num_cat=0
split_feature=9 12 0 12 10 7 0 0 12 0 12 12 11 12
split_gain=821.338 611.052 527.524 931.591 693.234 397.108 320.685 309.484 1485.29 605.003 1038.13 690.909 857.362 1911.48
threshold=0.2757305800914765 1.0000000180025095e-35 294.25976562500006 1.5000000000000002 0.35378354787826544 302.71090698242193 1219.4902343750002 749.51367187500011 1.5000000000000002 516.40820312500011 1.5000000000000002 4.5000000000000009 1.5000000000000002 5.5000000000000009
decision_type=2 2 2 2 2 2 2 2 2 2 2 2 2 2
left_child=-1 5 3 -3 -5 -2 7 9 -9 10 -4 -12 -13 -14
right_child=1 2 6 4 -6 -7 -8 8 -10 -11 11 12 13 -15
leaf_value=-0.017671222136454369 -0.016030950850234201 0.036583390363212884 0.024462606922985242 -0.012053017508678611 0.0093865586405748151 0.023370247859457648 -0.013010383301550209 -0.022114508719541227 0.0045469945589065438 -0.002182690067810974 -0.01071510671288965 0.0025437700888734285 0.067047522866692397 -0.013277716290991136
leaf_weight=2334.7016595276073 2855.4140439098701 438.54351982474327 1989.3850416354835 7505.1983841536567 1657.0242551323026 250.40237646643072 1412.6057771388441 1969.3934131972492 41687.355979787186 41060.556183688343 3357.8189309760928 20409.034260229208 578.9397147372365 494.2620607689023
leaf_count=96476 131133 3054 15334 270867 33594 7363 21803 33754 333557 619282 35709 501347 3519 3188
internal_value=-4.05337e-05 0.00028702 0.000620036 -0.00613109 -0.00817559 -0.0128543 0.00119384 0.00137371 0.00334427 0.000106546 0.00361006 0.00194002 0.00391811 0.0300538
internal_weight=128001 125666 122560 9600.77 9162.22 3105.82 112959 111547 43656.7 67890 26829.4 24840.1 21482.2 1073.2
internal_count=2109980 2013504 1875008 307515 304461 138496 1567493 1545690 367311 1178379 559097 543763 508054 6707
is_linear=0
shrinkage=0.03


Tree=102
num_leaves=15
num_cat=0
split_feature=6 2 1 11 5 6 10 5 10 11 1 10 2 10
split_gain=778.588 327.552 384.179 313.129 401.727 312.032 234.557 175.504 172.488 168.908 479.051 209.063 306.675 172.336
threshold=51.500000000000007 -0.60760971903800953 22.544713020324711 1.5000000000000002 960.92428588867199 24.500000000000004 -0.30329814553260798 37.713659286499031 0.061037549749016769 1.5000000000000002 17.852430343627933 0.11736135557293893 0.15763717889785769 0.33263511955738073
decision_type=2 2 2 2 2 2 2 2 2 2 2 2 2 2
left_child=1 2 -1 4 8 6 -3 -2 -4 -8 11 -11 -13 -14
right_child=7 5 3 -5 -6 -7 9 -9 -10 10 -12 12 13 -15
leaf_value=0.0013189701135985549 -0.01598753377412335 -0.028414076028721442 0.00082425230881384844 2.1191788749284661e-05 -0.010554073219758642 -0.0064598667417934763 -0.00079434734617343035 -0.0053646198114167369 0.019142966666579213 0.0021289620472190146 -0.0062901452932383126 0.0016865051652160436 0.012901764905622276 0.031979440953125521
leaf_weight=36819.93739714846 2959.4252868806943 261.92714854795486 531.90137472283095 2324.715110970661 550.04970677848905 7636.0018798913807 53754.729069661349 2655.86980018951 3550.960091246292 7211.3932966711 4091.4561826074496 2373.5147856809199 2702.4000711888075 505.94044920336455
leaf_count=503650 179370 17311 7200 23143 3865 274540 776169 116970 33582 77434 42404 22783 26905 4654
internal_value=-4.02056e-05 0.000461253 0.00254063 0.00900571 0.013514 -0.000697816 -7.72488e-05 -0.0109632 0.0167565 2.78226e-05 0.00264531 0.00550299 0.00986202 0.0159102
internal_weight=127930 122315 43777.6 6957.63 4632.91 78537.4 70901.4 5615.3 4082.86 70639.4 16884.7 12793.2 5581.86 3208.34
internal_count=2109980 1813640 571440 67790 44647 1242200 967660 296340 40782 950349 174180 131776 54342 31559
is_linear=0
shrinkage=0.03


Tree=103
num_leaves=15
num_cat=0
split_feature=9 12 0 12 10 7 0 0 1 0 7 10 12 1
split_gain=777.213 592.919 493.944 869.178 659.319 381.865 360.786 361.66 331.187 310.79 299.711 248.05 232.839 516.972
threshold=0.26504459977149969 1.0000000180025095e-35 294.25976562500006 1.5000000000000002 0.36544719338417059 211.07624816894534 622.59765625000011 862.84179687500011 11.032989025115969 1219.4902343750002 48.493501663208015 0.1377016827464104 4.5000000000000009 11.54664182662964
decision_type=2 2 2 2 2 2 2 2 2 2 2 2 2 2
left_child=-1 5 3 -3 -5 -2 -7 8 11 10 -4 -8 -12 -14
right_child=1 2 9 4 -6 6 7 -9 -10 -11 12 -13 13 -15
leaf_value=-0.018516664276927393 -0.018215905343585644 0.034760883324083808 -0.001501821990905441 -0.01147819380644104 0.010667402173607314 -0.03064276424422464 0.10682901792748253 -0.019304596637038308 0.010732837251772379 -0.012844059248383334 -0.00041377798664599997 0.030851785996313941 -0.00021307596747094341 0.0053438276405842616
leaf_weight=2016.5203616106883 2429.5974274426699 449.34163472056389 26108.864220992662 7662.019227555953 1436.8357749711722 166.03525853157043 79.353267129510641 144.62252288777381 190.65114047750831 1413.3913273923099 22982.920517649502 75.44036996550858 25152.002353829332 37580.825390433893
leaf_count=88299 116204 3061 506835 277160 28525 6627 2362 5352 6557 22126 219938 2189 350587 474158
internal_value=-3.93531e-05 0.000256661 0.000583066 -0.00596964 -0.0079811 -0.0127316 0.00757697 0.0205259 0.0372011 0.00113559 0.00131228 0.0698007 0.00216945 0.00311585
internal_weight=127888 125872 122786 9548.2 9098.86 3085.7 656.103 490.067 345.445 113238 111825 154.794 85715.7 62732.8
internal_count=2109980 2021681 1882390 308746 305685 139291 23087 16460 11108 1573644 1551518 4551 1044683 824745
is_linear=0
shrinkage=0.03


Tree=104
num_leaves=15
num_cat=0
split_feature=9 5 7 3 3 9 1 1 5 3 1 1 9 3
split_gain=743.929 528.558 292.111 236.569 200.338 161.193 258.957 248.243 156.149 147.395 203.322 179.643 133.083 131.712
threshold=0.26504459977149969 44.739324569702156 153.84512329101565 -0.012531449552625416 -0.28166593611240381 0.57845675945281994 13.46586847305298 12.433972358703615 553.36511230468761 0.76752087473869335 16.646071434021 10.123858928680422 0.87475085258483898 0.76752087473869335
decision_type=2 2 2 2 2 2 2 2 2 2 2 2 2 2
left_child=-1 3 4 -2 8 6 -4 -7 -3 11 -11 -6 -13 -9
right_child=1 2 5 -5 9 7 -8 13 -10 10 -12 12 -14 -15
leaf_value=-0.018271776897798287 -0.0088137790827809686 -0.00096793882302275314 0.0046933076367626893 0.0011696785804109222 -0.00081339049593303746 0.00069010866353669059 -0.0061105877614180707 0.007458666857693909 -0.0070284185765021826 0.0006791782644892197 -0.010013829809700411 0.0034259212293318701 0.012823599712950563 -0.0012446952052244901
leaf_weight=1982.7549488851801 7858.0600082855672 38014.785914058797 4049.7956818165258 2933.6930426144972 10005.535701186396 10859.43947827816 3938.4992010788992 14716.183074505068 4254.4205005336553 6217.0414840904996 2155.1835561683401 17641.312017314136 1469.1484787594527 1751.1388260889798
leaf_count=88299 339956 653119 46184 104743 136302 111288 48613 151364 41830 80994 27996 237584 22742 18966
internal_value=-3.87652e-05 0.000248462 0.000843817 -0.00609982 -0.000161965 0.00311533 -0.000633378 0.00421117 -0.00157793 0.00143458 -0.00207342 0.0024433 0.00414838 0.00653315
internal_weight=127847 125864 115072 10791.8 79757.4 35315.1 7988.29 27326.8 42269.2 37488.2 8372.23 29116 19110.5 16467.3
internal_count=2109980 2021681 1576982 444699 1200567 376415 94797 281618 694949 505618 108990 396628 260326 170330
is_linear=0
shrinkage=0.03


Tree=105
num_leaves=15
num_cat=0
split_feature=9 5 0 7 0 0 0 0 5 10 10 0 3 0
split_gain=711.949 499.721 292.452 279.978 314.607 437.897 491.999 342.333 338.067 328.041 297.808 257.985 270.406 257.255
threshold=0.26504459977149969 44.739324569702156 1219.4902343750002 160.91887664794925 696.31445312500011 518.70312500000011 310.74609375000006 1040.9238281250002 175.47047424316409 0.42682331800460821 -0.078367158770561204 682.65820312500011 0.10726509615778924 540.45507812500011
decision_type=2 2 2 2 2 2 2 2 2 2 2 2 2 2
left_child=-1 11 3 4 5 6 9 8 -6 -3 -8 12 13 -2
right_child=1 2 -4 -5 7 -7 10 -9 -10 -11 -12 -13 -14 -15
leaf_value=-0.018026463576858012 -0.0073331065518357974 -0.0074488438846794132 -0.012766863264346629 0.0033543095999107393 0.0089801755554556138 -0.0049943735124639349 0.019913067196682753 -0.0070302052479112517 0.0014917840649093547 0.023573366932136436 0.002668821676372766 0.0072049096251477155 0.001751284571722109 -0.020806557212718325
leaf_weight=1949.9452997632325 5743.3936265455559 6357.8922993456945 1408.7991079771891 32206.437301393598 6792.6839828295633 19668.835214851424 951.50641417130828 3369.0526090459898 26964.727464249358 322.33204638492316 17096.762139974162 1192.4657854223624 2156.0528436712921 1639.4782689940184
leaf_count=88299 267341 189437 22781 337848 81923 317402 18028 38169 253921 6295 311178 24795 80501 72062
internal_value=-3.79127e-05 0.00024076 0.000817846 0.000986122 5.05562e-05 -0.00165367 0.0010035 0.00208853 0.0029986 -0.00595197 0.00357794 -0.00595089 -0.00759551 -0.0103251
internal_weight=127820 125870 115139 113730 81523.8 44397.3 24728.5 37126.5 33757.4 6680.22 18048.3 10731.4 9538.92 7382.87
internal_count=2109980 2021681 1576982 1554201 1216353 842340 524938 374013 335844 195732 329206 444699 419904 339403
is_linear=0
shrinkage=0.03


Tree=106
num_leaves=15
num_cat=0
split_feature=6 9 9 2 10 8 5 9 2 5 10 5 5 8
split_gain=695.732 549.015 299.363 255.139 230.018 222.741 408.842 348.091 172.016 162.506 127.008 123.635 127.228 115.792
threshold=51.500000000000007 0.23955496400594714 0.53168705105781566 -0.75154662132263172 -0.0062869098037481299 4.5000000000000009 412.95254516601568 0.83271777629852306 -0.25588513910770411 37.713659286499031 0.34306123852729803 960.92428588867199 198.95594024658206 6.5000000000000009
decision_type=2 2 2 2 2 2 2 2 2 2 2 2 2 2
left_child=1 -1 3 11 -5 7 8 -4 10 -2 13 12 -3 -7
right_child=9 2 5 4 -6 6 -8 -9 -10 -11 -12 -13 -14 -15
leaf_value=-0.019848123855611122 -0.015441805072335281 -0.0018083897747214091 0.0017801984557951974 -0.0019569102324087525 -0.0095823787953441836 0.0039472146497616049 -0.0088517236154187842 0.0096337352269473073 -0.0011307979261647092 -0.0051071538168937043 0.0071472803031904925 -0.022966292168203613 0.0067664905971532201 -0.0020615771015932024
leaf_weight=1189.7467757761478 2856.8143041860312 2696.0466412873939 51699.90455786325 10415.926564318128 5408.9517044369131 6599.166702516377 4520.0167505769059 5632.6988185513765 20427.491990189999 2630.0430418318138 4719.0495019415393 167.49007865320891 3686.8979034507647 5130.1794508015737
leaf_count=53997 179370 60664 643839 190922 113996 89837 51740 73576 348548 116970 65496 1820 40484 78721
internal_value=-3.72351e-05 0.000431654 0.000630886 -0.00250224 -0.0045633 0.00134096 -0.000335996 0.00255178 0.000707809 -0.010488 0.0029912 0.00247697 0.00314461 0.00131909
internal_weight=127780 122294 121104 22375.3 15824.9 98728.5 41395.9 57332.6 36875.9 5486.86 16448.4 6550.43 6382.94 11729.3
internal_count=2109980 1813640 1759643 407886 304918 1351757 634342 717415 582602 296340 234054 102968 101148 168558
is_linear=0
shrinkage=0.03


Tree=107
num_leaves=15
num_cat=0
split_feature=9 7 0 10 9 11 1 9 1 3 9 1 0 0
split_gain=664.371 378.577 342.573 309.16 405.056 243.248 445.297 291.661 242.891 206.936 214.306 245.828 203.709 538.896
threshold=0.40525792539119726 89.396892547607436 277.51171875000006 -0.092771433293819414 0.22337984293699267 1.5000000000000002 11.54664182662964 0.86658731102943432 16.232150077819828 0.76752087473869335 0.56647032499313366 22.347250938415531 690.82226562500011 552.99609375000011
decision_type=2 2 2 2 2 2 2 2 2 2 2 2 2 2
left_child=3 2 -2 4 -1 6 -3 -7 -6 10 -8 -12 13 -4
right_child=1 5 12 -5 8 7 9 -9 -10 -11 11 -13 -14 -15
leaf_value=-0.022373075481726845 -0.0091689300985699565 -0.0032008465075909439 0.00077926667955500442 -0.013395202952421394 0.005051328235593071 0.0042842800895415822 -0.003124062935501016 0.025060119560146307 -0.01491389716021942 -0.0043433195049340113 0.003081005133669996 0.01003869936468447 0.0016277367430664936 -0.0079391155066809629
leaf_weight=759.47344446461648 4538.3947592545301 15474.51391734276 18418.09241873119 4531.7778059858829 3176.9626799374819 18368.372993422672 3395.7439430337399 628.96435208711773 662.82836347818375 3039.8710036035627 17082.318589256145 6239.6728579392657 21664.530978283845 9763.1907278327271
leaf_count=42535 172171 218609 451836 146728 63302 169872 50948 6241 17069 36177 234031 64770 229507 206184
internal_value=-3.64554e-05 0.000563816 -0.00127807 -0.00783408 -0.00235456 0.00212337 0.000926901 0.00497213 0.00160491 0.00307341 0.00391726 0.0049425 -0.000559612 -0.00224115
internal_weight=127745 118614 54384.2 9131.04 4599.26 64229.5 45232.1 18997.3 3839.79 29757.6 26717.7 23322 49845.8 28181.3
internal_count=2109980 1840346 1059698 269634 122906 780648 604535 176113 80371 385926 349749 298801 887527 658020
is_linear=0
shrinkage=0.03


Tree=108
num_leaves=15
num_cat=0
split_feature=6 0 0 0 6 11 0 11 2 0 5 8 3 0
split_gain=648.952 498.482 303.293 423.137 685.997 395.767 418.376 349.417 288.324 539.007 283.289 216.797 213.196 358.34
threshold=51.500000000000007 61.859375000000007 1040.9238281250002 752.83007812500011 2.5000000000000004 2.5000000000000004 1134.0546875000002 2.5000000000000004 -0.14801489561796186 209.71289062500003 381.82086181640631 5.5000000000000009 -0.79210123419761647 593.37109375000011
decision_type=2 2 2 2 2 2 2 2 2 2 2 2 2 2
left_child=1 -1 3 7 -5 11 -7 8 9 -3 12 -4 13 -9
right_child=-2 2 5 4 -6 6 -8 10 -10 -11 -12 -13 -14 -15
leaf_value=-0.026669785801353766 -0.010201241831736142 -0.014916534781568283 -0.0052976790552349317 0.0022860956915851712 0.01692788665369506 -0.0024188885281409677 0.080269634857121588 0.014793194028034464 -0.0026624874908660512 0.0020176890363875722 -0.0017445580196549177 -0.02752243830907156 0.011130830612096878 0.072936520989714121
leaf_weight=608.55700362659991 5412.4125991053879 1783.8116101780906 6666.3886869251728 36072.193148718216 3129.7648398075253 125.28880361746997 98.261057303287089 272.92894466686994 37273.522713298909 32736.573525100946 1327.6961671533063 419.90484396461397 1626.0101549671963 146.66044758725911
leaf_count=38550 296340 57890 78071 325260 36140 2423 2172 3476 711778 513126 13135 8834 20412 2373
internal_value=-3.57624e-05 0.000414159 0.000549615 0.00092827 0.00345505 -0.00537479 0.0339267 -0.000389523 -0.000832889 0.00114263 0.00904664 -0.00661463 0.0160507 0.0351162
internal_weight=127700 122288 121679 114369 39202 7309.84 223.55 75167.2 71793.9 34520.4 3373.3 7086.29 2045.6 419.589
internal_count=2109980 1813640 1775090 1683590 361400 91500 4595 1322190 1282794 571016 39396 86905 26261 5849
is_linear=0
shrinkage=0.03


Tree=109
num_leaves=15
num_cat=0
split_feature=6 0 0 2 0 1 0 0 5 11 0 0 5 5
split_gain=616.451 481.115 293.332 284.012 588.603 356.065 410.74 367.268 399.969 491.575 296.97 345.484 534.486 309.046
threshold=51.500000000000007 61.859375000000007 1196.7246093750002 -0.14801489561796186 246.34375000000003 18.162634849548343 509.43359375000006 445.11523437500006 960.92428588867199 1.5000000000000002 742.84570312500011 968.75000000000011 287.89239501953131 341.61886596679693
decision_type=2 2 2 2 2 2 2 2 2 2 2 2 2 2
left_child=1 -1 3 4 -3 6 -6 -7 9 -9 -5 12 -12 -13
right_child=-2 2 -4 10 5 7 -8 8 -10 -11 11 13 -14 -15
leaf_value=-0.026551500568155043 -0.0099929783629712516 -0.01147243896806016 -0.010702005369972028 -0.0024038070320904817 0.0065043805889751921 -0.0062547291529384107 -0.00021425075624438141 0.015443817214024855 -0.0085107750578724828 0.0017227278313385497 0.010132490678731378 -0.019568668179494587 -3.3112730200227375e-05 -0.00078675374184773543
leaf_weight=593.16293607465923 5360.2560832006857 2691.4525906201452 2056.2893270850182 36794.754706189968 11107.29892447032 1604.6101926518604 31172.805442554876 6985.1458427133039 1059.4161995537579 3541.2849171236157 6960.0415467526764 1144.8417725292966 14055.021940889768 2532.9708996387199
leaf_count=38550 296340 84290 33290 709090 207360 26810 352740 69186 8610 35374 73550 13480 133070 28240
internal_value=-3.51873e-05 0.000401253 0.000532614 0.000725691 0.00222851 0.00289329 0.00155078 0.0071965 0.00905946 0.0108278 -0.00069585 0.00184917 0.00333366 -0.00663325
internal_weight=127659 122299 121706 119650 58162 55470.6 42280.1 13190.5 11585.8 10526.4 61487.6 24692.9 21015.1 3677.81
internal_count=2109980 1813640 1775090 1741800 784370 700080 560100 139980 113170 104560 957430 248340 206620 41720
is_linear=0
shrinkage=0.03


Tree=110
num_leaves=15
num_cat=0
split_feature=12 6 12 9 7 9 11 12 11 12 6 11 12 12
split_gain=622.745 589.932 688.164 454.184 324.402 304.107 269.438 288.623 215.28 881.901 706.211 654.724 533.875 437.376
threshold=1.0000000180025095e-35 51.500000000000007 1.5000000000000002 0.22337984293699267 211.07624816894534 0.85682016611099254 1.5000000000000002 3.5000000000000004 1.5000000000000002 6.5000000000000009 2.5000000000000004 2.5000000000000004 9.5000000000000018 1.5000000000000002
decision_type=2 2 2 2 2 2 2 2 2 2 2 2 2 2
left_child=4 3 -3 -2 -1 8 -7 -8 -5 10 13 12 -11 -10
right_child=1 2 -4 5 -6 6 7 -9 9 11 -12 -13 -14 -15
leaf_value=-0.018179980539396734 -0.021128000108477502 0.081609012638098097 -0.010836768979004333 -0.00046332489419450196 0.0046974537058203621 0.0038600788137860701 -0.0058558896958952038 0.027790730948746123 -0.014957727813361979 0.0043590617046060575 0.011332744390094067 0.039374004837568963 0.03444497558135428 -0.0005702236107447675
leaf_weight=2497.2373052230105 849.0173447728157 73.499844461679459 5174.1343170134351 77017.479288990609 718.29938567243516 11781.890455361456 311.8971536308527 868.02368175983429 2135.5784243699163 3139.7548811361194 4263.3558411374688 796.54088468849659 638.83736323192716 17359.111673835665
leaf_count=122686 41208 732 291975 1225011 26281 175327 2682 5104 33754 17936 34699 3358 2706 126521
internal_value=-3.46099e-05 0.000302297 -0.00954195 0.000735818 -0.0130695 0.000892714 0.00522887 0.0188967 0.000359215 0.00259511 0.000272478 0.0146562 0.00944561 -0.00214633
internal_weight=127625 124409 5247.63 119161 3215.54 118312 12961.8 1179.92 105351 28333.2 23758 4575.13 3778.59 19494.7
internal_count=2109980 1961013 292707 1668306 148967 1627098 183113 7786 1443985 218974 194974 24000 20642 160275
is_linear=0
shrinkage=0.03


Tree=111
num_leaves=15
num_cat=0
split_feature=9 12 0 7 12 0 12 2 0 12 10 11 12 0
split_gain=595.978 377.645 383.479 383.727 352.647 785.516 905.011 634.241 576.107 416.232 398.41 334.775 790.887 759.944
threshold=0.44734695553779608 1.0000000180025095e-35 535.44335937500011 325.99694824218756 2.5000000000000004 933.56250000000011 1.5000000000000002 -0.094386298209428773 516.40820312500011 1.0000000180025095e-35 -0.075068548321723924 1.5000000000000002 6.5000000000000009 766.55859375000011
decision_type=2 2 2 2 2 2 2 2 2 2 2 2 2 2
left_child=4 2 -2 -4 5 6 8 10 9 -1 -8 -3 -13 -14
right_child=1 11 3 -5 -6 -7 7 -9 -10 -11 -12 12 13 -15
leaf_value=-0.030556279617619125 -0.029205615877910748 2.2013865938543887e-05 -0.0074396851828692776 0.042452143110770987 -0.0090446612366839926 -0.025774413495406844 0.068892652160971596 0.0060454428229615234 -0.018860035593248278 0.031452900714640512 0.021007610939028247 0.0015114723589964843 0.003584484941164476 0.028175856338060475
leaf_weight=123.64885825291276 720.11143754050136 85469.220559050329 1785.5099283428863 150.43048056960106 9654.0165923284367 733.25327042397112 376.21351141855121 596.13724271580577 1054.6998967267573 459.35020945221186 267.61317111924291 21614.323564967141 2375.551379583776 2158.7688130065799
leaf_count=7107 37742 1441244 77132 3796 287816 18996 3377 6730 29724 3927 2315 166448 14429 9197
internal_value=-3.39655e-05 0.00066474 -0.0105152 -0.00356289 -0.00605313 0.00194493 0.00900805 0.0283429 -0.00563109 0.0183013 0.0489887 0.000930776 0.00390115 0.0152923
internal_weight=127539 114274 2656.05 1935.94 13264.9 3610.92 2877.66 1239.96 1637.7 582.999 643.827 111618 26148.6 4534.32
internal_count=2109980 1749988 118670 80928 359992 72176 53180 12422 40758 11034 5692 1631318 190074 23626
is_linear=0
shrinkage=0.03


Tree=112
num_leaves=15
num_cat=0
split_feature=9 12 6 12 0 7 1 0 12 9 0 11 12 12
split_gain=580.622 528.941 467.022 522.047 364.286 359.231 322.532 294.645 643.012 482.9 264.024 296.294 270.245 517.49
threshold=0.26504459977149969 1.0000000180025095e-35 56.500000000000007 1.5000000000000002 535.44335937500011 325.99694824218756 11.168995857238771 277.51171875000006 1.5000000000000002 0.79453238844871532 1219.4902343750002 1.5000000000000002 3.5000000000000004 2.5000000000000004
decision_type=2 2 2 2 2 2 2 2 2 2 2 2 2 2
left_child=-1 4 7 -4 -2 -6 -7 8 -3 -10 12 -12 13 -9
right_child=1 2 3 -5 5 6 -8 10 9 -11 11 -13 -14 -15
leaf_value=-0.016915572190315288 -0.029345550580510988 0.032374963022214542 0.08429135666368115 -0.010916280299030367 -0.0093276366113690338 0.080022073406742791 -0.003819465562767251 0.0014674571642288793 -0.01273390231859782 0.0029914791051462732 -0.019356318650208218 0.014469704445042655 0.002139199632496285 -0.0087523575927882739
leaf_weight=1807.5129784299061 815.32595071103424 398.28260630741715 52.533684562891722 3887.861465617083 2022.205125246197 79.8448875695467 85.53027514833957 14657.254473438486 4617.4581190189347 2837.5396836269647 1057.8375948853791 298.91261445358396 88443.087655447423 6409.0518002361059
leaf_count=88299 44424 2707 493 223514 90716 1723 2428 151047 177556 64805 19422 2704 1177766 62376
internal_value=-3.34821e-05 0.000209347 0.000513885 -0.00964696 -0.0122301 -0.00585109 0.0366601 0.000851132 -0.00476431 -0.00674847 0.00124891 -0.0119039 0.00141186 -0.00164174
internal_weight=127470 125663 122660 3940.4 3002.91 2187.58 165.375 118719 7853.28 7455 110866 1356.75 109509 21066.3
internal_count=2109980 2021681 1882390 224007 139291 94867 4151 1658383 245068 242361 1413315 22126 1391189 213423
is_linear=0
shrinkage=0.03


Tree=113
num_leaves=15
num_cat=0
split_feature=9 7 0 0 0 0 8 2 0 9 0 5 9 0
split_gain=554.994 390.598 328.777 204.613 269.541 499.067 261.235 196.829 224.7 188.354 269.914 537.641 410.239 197.676
threshold=0.26504459977149969 68.636592864990249 277.51171875000006 1040.9238281250002 690.82226562500011 518.70312500000011 4.5000000000000009 -0.36589029431343073 200.59179687500003 0.53417235612869274 742.84570312500011 320.70698547363287 0.80730801820755016 951.10351562500011
decision_type=2 2 2 2 2 2 2 2 2 2 2 2 2 2
left_child=-1 2 -2 4 5 6 -4 8 -3 -9 -11 12 13 -12
right_child=1 7 3 -5 -6 -7 -8 9 -10 10 11 -13 -14 -15
leaf_value=-0.016668694614381002 -0.010479410911060014 -0.013676325714739136 -0.0032558977730844539 -0.011753218532476626 0.0021811753154438729 -0.0078303563108908011 0.0051480298396645013 -0.0044174016971180634 0.0034611241208879488 -0.0010625797859606283 0.009634735220616952 -7.9961572078173654e-05 0.026914561070440025 -0.010785009474270952
leaf_weight=1779.6799677452073 3801.6217306284234 702.47165698930621 6625.5159992109984 1606.727142509073 15944.968532450497 10288.513208625838 6690.6622657245025 6919.6085287034512 34814.332487754524 23253.898718927987 3543.2213290482759 9730.448546894826 1239.1285212021321 485.08830384537578
leaf_count=88299 159190 19740 241780 24428 171749 237897 123530 118283 401715 389668 33455 84787 11495 3964
internal_value=-3.302e-05 0.000202611 -0.00203824 -0.00125853 -0.000832175 -0.00286769 0.000966623 0.00145117 0.00312217 0.000137322 0.000961255 0.00409917 0.0118192 0.00717579
internal_weight=127426 125646 44958 41156.4 39549.7 23604.7 13316.2 80688.2 35516.8 45171.4 38251.8 14997.9 5267.44 4028.31
internal_count=2109980 2021681 958574 799384 774956 603207 365310 1063107 421455 641652 523369 133701 48914 37419
is_linear=0
shrinkage=0.03


Tree=114
num_leaves=15
num_cat=0
split_feature=12 0 5 0 0 0 11 2 0 1 12 12 12 0
split_gain=541.419 466.373 448.509 346.337 295.605 261.968 292.934 274.189 520.388 451.514 1188.93 521.519 824.404 813.865
threshold=1.0000000180025095e-35 61.859375000000007 29.469375610351566 535.44335937500011 868.13085937500011 1219.4902343750002 1.5000000000000002 -0.14801489561796186 263.93164062500006 19.771273612976078 2.5000000000000004 2.5000000000000004 3.5000000000000004 913.97460937500011
decision_type=2 2 2 2 2 2 2 2 2 2 2 2 2 2
left_child=3 -2 -3 -1 -5 7 -7 8 -4 11 -11 13 -13 -10
right_child=1 2 5 4 -6 6 -8 -9 9 10 -12 12 -14 -15
leaf_value=-0.029313937298539414 -0.026455451904420748 -0.0076852105241401562 -0.010077932870072297 -0.00028816364529083018 -0.02522817236162064 -0.019520749201973425 0.01341623533588001 -0.00045096921563265676 0.013522109936301308 -0.011985449301336533 0.013651905125034712 -0.015719961919864391 0.0016483405887867775 -0.020492628270363404
leaf_weight=807.18651734571904 584.60672086384147 5877.2593071917072 2829.0286568561569 1726.4099800391123 568.59050530474633 1081.2776438016444 313.47721540555358 59985.133955770172 5640.7362644951791 2016.4337930437177 8451.164390783757 2650.5853262804449 34139.158876935951 713.11902090162039
leaf_count=45417 40960 288918 85301 76061 27489 20734 2871 897269 49928 21226 71610 25343 448915 7938
internal_value=-3.24077e-05 0.000276593 0.000402932 -0.0124118 -0.0064671 0.000806395 -0.012118 0.000961227 0.00246212 0.00312385 0.00871323 0.00176774 0.000397009 0.0097045
internal_weight=127384 124282 123697 3102.19 2295 117820 1394.75 116425 56440.2 53611.2 10467.6 43143.6 36789.7 6353.86
internal_count=2109980 1961013 1920053 148967 103550 1631135 23605 1607530 710261 624960 92836 532124 474258 57866
is_linear=0
shrinkage=0.03


Tree=115
num_leaves=15
num_cat=0
split_feature=9 12 5 9 11 12 8 12 12 2 12 2 1 12
split_gain=524.03 493.43 357.956 269.397 242.938 268.878 237.075 257.4 381.619 319.066 283.779 214.422 368.423 823.828
threshold=0.23955496400594714 1.0000000180025095e-35 29.469375610351566 0.85682016611099254 1.5000000000000002 3.5000000000000004 6.5000000000000009 2.5000000000000004 3.5000000000000004 0.78562894463539135 14.500000000000002 -0.16114573925733564 19.029947280883793 2.5000000000000004
decision_type=2 2 2 2 2 2 2 2 2 2 2 2 2 2
left_child=-1 -2 -3 6 -5 -6 11 9 -9 -8 -10 12 -4 -14
right_child=1 2 3 4 5 -7 7 8 10 -11 -12 -13 13 -15
leaf_value=-0.019091587976340987 -0.011934168811714248 -0.0069864967157041453 0.00081999765737234974 0.0035610079594029505 -0.0062662442608635458 0.026221978639802263 0.0016279279013639027 -0.027077277250589615 0.0037175677144111316 0.035267847555466005 -0.0064537839392539475 -0.00058277540277074558 -0.010127091323158503 0.011248507428214424
leaf_weight=1285.1907489299774 2963.5957885496318 5557.2069527013227 33852.967222408392 12018.742435201071 309.93368247896433 880.91388835385442 1469.3003241866827 653.80476346053183 3456.978909958154 306.72694900259376 8635.2054652292281 45323.691611532122 1999.0244303364307 8620.1749060442671
leaf_count=71639 141104 269539 440726 183328 2665 5108 14469 7698 31905 3007 179207 655289 21410 82886
internal_value=-3.20425e-05 0.000162289 0.000453544 0.000805341 0.00484164 0.0177665 0.000294232 -0.00326208 -0.00475298 0.00743768 -0.00354594 0.000869368 0.00234932 0.00722463
internal_weight=127333 126048 123085 117527 13209.6 1190.85 104318 14522 12746 1776.03 12092.2 89795.9 44472.2 10619.2
internal_count=2109980 2038341 1897237 1627698 191101 7773 1436597 236286 218810 17476 211112 1200311 545022 104296
is_linear=0
shrinkage=0.03


Tree=116
num_leaves=15
num_cat=0
split_feature=12 0 5 0 0 0 11 0 12 12 0 12 0 11
split_gain=490.997 444.097 401.877 345.763 290.054 250.214 278.823 219.128 1439.86 642.845 1049.88 434.018 629.944 415.052
threshold=1.0000000180025095e-35 61.859375000000007 27.415250778198246 535.44335937500011 868.13085937500011 1219.4902343750002 1.5000000000000002 749.51367187500011 1.5000000000000002 1.5000000000000002 502.50000000000006 4.5000000000000009 450.82617187500006 1.5000000000000002
decision_type=2 2 2 2 2 2 2 2 2 2 2 2 2 2
left_child=3 -2 -3 -1 -5 7 -7 9 -9 10 -4 12 -11 -14
right_child=1 2 5 4 -6 6 -8 8 -10 11 -12 -13 13 -15
leaf_value=-0.029239310211301286 -0.026291807411573866 -0.0077498204417752303 0.024841319894265124 8.1258397339433423e-05 -0.024999638677753389 -0.019295730105435227 0.012766712947375624 -0.022316782229018364 0.0037289095488902396 -0.022835935933549115 -0.0060204916604345285 0.00020585521467674899 -0.01037784093253016 0.0027605230438934392
leaf_weight=775.69261874910444 564.37947680801153 5239.69879885111 2295.4183388873935 1706.2719145882875 548.35574988462031 1065.4231927068904 316.65624807588756 2000.572463247925 42315.433447973803 1752.7705716025084 1747.1741082128137 58207.302574832924 3923.6630468517542 4825.377201359719
leaf_count=45417 40960 265101 16576 76061 27489 20764 2871 36164 335354 20450 22247 1112211 46019 42296
internal_value=-3.14848e-05 0.000259495 0.000380645 -0.0119627 -0.00601875 0.000740301 -0.0119497 0.000890117 0.00255312 -0.000122885 0.0115031 -0.000806916 -0.0064203 -0.00313161
internal_weight=127284 124254 123689 3030.32 2254.63 118450 1382.08 117068 44316 72751.7 4042.59 68709.1 10501.8 8749.04
internal_count=2109980 1961013 1920053 148967 103550 1654952 23635 1631317 371518 1259799 38823 1220976 108765 88315
is_linear=0
shrinkage=0.03


Tree=117
num_leaves=15
num_cat=0
split_feature=6 0 7 0 0 0 0 6 3 5 2 3 0 0
split_gain=489.317 398.181 273.74 302.967 312.321 293.48 249.371 247.602 216.608 205.089 200.883 264.581 200.156 286.097
threshold=46.500000000000007 61.859375000000007 89.396892547607436 1040.9238281250002 699.27929687500011 552.99609375000011 263.93164062500006 1.5000000000000002 0.14342700690031054 292.32112121582037 0.36618664860725408 0.19340347498655322 496.18554687500006 302.49023437500006
decision_type=2 2 2 2 2 2 2 2 2 2 2 2 2 2
left_child=1 -1 3 4 5 6 10 -6 -7 -10 -3 -12 13 -2
right_child=12 2 -4 -5 7 8 -8 -9 9 -11 11 -13 -14 -15
leaf_value=-0.025893517036035991 -0.01667543969271355 -0.012771903049887364 0.0018024236596546268 -0.011547933677455904 0.00055163006778480967 -0.0097972382526849769 0.0010470460075393058 0.0085648784918201278 0.0043653614951664815 -0.011734445788122471 -0.0045617357159270268 0.030520964135995289 -0.01496494521846618 0.0010116361831352838
leaf_weight=516.20218089036644 1150.3201022492722 2364.0195894371718 66303.965199312195 2376.6221940899268 16235.078527105041 6741.995271823369 17186.638243435882 4413.9106563134119 2360.3500407785177 1019.7603121465072 1030.0260259937495 238.21444553509355 2394.0156141081825 2893.3540983572602
leaf_count=37840 72800 90210 793650 36960 155240 128340 357500 57490 44870 11150 37830 6020 127680 152400
internal_value=-3.11734e-05 0.00039835 0.000511194 -0.00107522 -0.000592772 -0.00249964 -0.000462368 0.00226454 -0.00668986 -0.00049186 -0.00760441 0.00202787 -0.00809007 -0.00401988
internal_weight=127224 120787 120271 53966.6 51590 30941 20818.9 20649 10122.1 3380.11 3632.26 1268.24 6437.69 4043.67
internal_count=2109980 1757100 1719260 925610 888650 675920 491560 212730 184360 56020 134060 43850 352880 225200
is_linear=0
shrinkage=0.03


Tree=118
num_leaves=15
num_cat=0
split_feature=12 6 12 2 1 12 12 12 12 11 12 12 11 1
split_gain=469.779 471.397 457.179 268.699 376.792 717.206 392.046 453.39 548.6 400.21 354.705 496.16 1300.61 593.628
threshold=1.0000000180025095e-35 56.500000000000007 1.5000000000000002 -0.60760971903800953 22.544713020324711 2.5000000000000004 3.5000000000000004 5.5000000000000009 6.5000000000000009 1.5000000000000002 2.5000000000000004 6.5000000000000009 1.5000000000000002 13.722280979156496
decision_type=2 2 2 2 2 2 2 2 2 2 2 2 2 2
left_child=-1 3 -3 4 10 -6 -7 9 -9 -8 -2 13 -13 -12
right_child=1 2 -4 -5 5 6 7 8 -10 -11 11 12 -14 -15
leaf_value=-0.011763039788683104 0.0082713629418335044 0.074705675540767069 -0.010980124016876362 -0.00046951402783885782 -0.010524364266127004 0.03236541262222567 0.013704545985597208 0.035866892647535849 0.0085721000985656375 -0.028291510390681958 -0.010568972892158714 0.00013438768841772988 0.024965617171855175 0.0048857395255753611
leaf_weight=2999.1368114119396 5519.5664238538593 56.83476547151804 4016.2429198417813 76961.133262864314 1366.0406955108047 860.16042567789555 364.94338670372963 854.04433481022716 2958.5406678877771 463.74485860392451 6742.3232502546161 18570.788319340907 2114.5844876170158 3347.3699338287115
leaf_count=148967 48567 503 243502 1186938 14521 5360 2578 3901 28263 2928 52999 332359 11511 27083
internal_value=-3.06024e-05 0.000252717 -0.00978448 0.000593053 0.00248769 0.00893151 0.0137625 0.0103149 0.0146863 -0.009797 0.00126842 1.24301e-05 0.00267279 -0.0054417
internal_weight=127195 124196 4073.08 120123 43162.1 6867.47 5501.43 4641.27 3812.59 828.688 36294.6 30775.1 20685.4 10089.7
internal_count=2109980 1961013 244005 1717008 530070 57551 43030 37670 32164 5506 472519 423952 343870 80082
is_linear=0
shrinkage=0.03


Tree=119
num_leaves=15
num_cat=0
split_feature=6 0 7 0 0 6 0 0 1 3 10 5 3 0
split_gain=446.183 395.933 275.903 326.433 397.893 459.863 373.987 339.435 290.112 262.9 250.298 249.815 221.659 221.54
threshold=57.500000000000007 61.859375000000007 130.90686035156253 1040.9238281250002 699.27929687500011 1.5000000000000002 550.36523437500011 277.51171875000006 13.333006381988527 0.14342700690031054 0.36544719338417059 320.70698547363287 0.64936017990112316 913.97460937500011
decision_type=2 2 2 2 2 2 2 2 2 2 2 2 2 2
left_child=1 -1 3 4 6 13 7 10 -9 -8 -3 -11 -10 -6
right_child=-2 2 -4 -5 5 -7 9 8 12 11 -12 -13 -14 -15
leaf_value=-0.025889575203536408 -0.010022983443074481 -0.0093582429301234601 0.0022526349964717765 -0.0096735318279237287 -0.00065734959141676452 0.0096717747700321138 -0.0088292142571170761 0.0046531619485051861 -0.00033523362612585808 0.0036066556501628782 0.0091062378351866417 -0.011424357674611332 -0.012533952705314244 0.007918432886077317
leaf_weight=517.89753247145563 3898.0746540017426 4772.3505350332707 45404.369981444441 3479.3595283878967 20214.76899454277 6221.3232405874878 9771.1790065988898 12285.158365485258 10043.727990260348 3719.7772004324943 766.912767755799 1358.6016047950834 1547.1041797213256 3131.0293110432103
leaf_count=39190 237700 183492 504670 50700 191600 80830 188430 275640 206030 67550 16338 14500 24100 29210
internal_value=-3.0114e-05 0.000285976 0.000396445 -0.000693682 -0.000270503 0.00242418 -0.00207044 -0.000111188 0.00144105 -0.00595149 -0.00680183 -0.000414541 -0.00196348 0.000492794
internal_weight=127132 123234 122716 77311.3 73831.9 29567.1 44264.8 29415.3 23876 14849.6 5539.26 5078.38 11590.8 23345.8
internal_count=2109980 1872280 1833090 1328420 1277720 301640 976080 705600 505770 270480 199830 82050 230130 220810
is_linear=0
shrinkage=0.03


Tree=120
num_leaves=15
num_cat=0
split_feature=9 1 11 11 1 2 6 9 5 5 11 3 3 5
split_gain=477.133 399.238 448.108 240.604 541.139 442.679 310.673 191.043 173.71 220.378 170.97 202.264 170.11 159.876
threshold=0.48936687409877783 16.313149452209476 1.0000000180025095e-35 1.5000000000000002 19.524925231933597 -0.83755916357040394 2.5000000000000004 0.87256118655204784 960.92428588867199 232.80513763427737 2.5000000000000004 -0.74951866269111622 0.78130191564559948 441.28549194335943
decision_type=2 2 2 2 2 2 2 2 2 2 2 2 2 2
left_child=1 2 -1 4 13 8 7 -5 9 -6 -8 -12 -7 -2
right_child=3 -3 -4 6 5 12 10 -9 -10 -11 11 -13 -14 -15
leaf_value=-0.0086082529386645127 -0.00078419422889530917 -0.012234420729231942 0.0024403911066362624 0.0012342000267255876 0.005272809100322279 0.0030971024647923717 0.0072782271741882358 0.019469002286885823 -0.0082612742575013387 0.020774085255079722 0.044921895957558598 0.013431188040331977 -0.007197454119295294 -0.0050021949255219869
leaf_weight=5498.2485392587259 53557.953895772807 4531.8013078272343 8277.4594953535125 20825.354360427707 1288.7134423432872 14079.268259660341 3800.8239404754713 530.26356151234359 308.432178045623 2296.0248634982854 245.41069315187633 728.44867716450244 1609.8129118643701 9525.9285678351298
leaf_count=248517 1037189 112752 106108 186379 20499 213589 40307 5018 1965 16803 2987 9000 20323 88544
internal_value=-2.96078e-05 -0.00451039 -0.00196941 0.000724387 -6.87959e-05 0.00428772 0.00323371 0.00168697 0.0133426 0.0152014 0.0101518 0.0213668 0.00204081 -0.00142113
internal_weight=127104 18307.5 13775.7 108796 82666.1 19582.3 26130.3 21355.6 3893.17 3584.74 4774.68 973.859 15689.1 63083.9
internal_count=2109980 467377 354625 1642603 1398912 273179 243691 191397 39267 37302 52294 11987 233912 1125733
is_linear=0
shrinkage=0.03


Tree=121
num_leaves=15
num_cat=0
split_feature=9 12 7 9 12 12 12 9 12 11 12 5 12 10
split_gain=466.253 432.83 339.843 294.85 284.825 2198.07 359.558 312.877 306.592 550.413 839.606 418.621 354.304 444.097
threshold=0.23955496400594714 1.0000000180025095e-35 211.07624816894534 0.85491624474525463 14.500000000000002 13.500000000000002 10.500000000000002 0.53667581081390392 5.5000000000000009 1.5000000000000002 9.5000000000000018 960.92428588867199 7.5000000000000009 -0.13221374154090879
decision_type=2 2 2 2 2 2 2 2 2 2 2 2 2 2
left_child=-1 2 -2 4 5 6 8 -6 11 12 -11 -3 -10 -14
right_child=1 3 -4 -5 7 -7 -8 -9 9 10 -12 -13 13 -15
leaf_value=-0.018464464312468332 -0.016951398018510352 -0.00047461680585426366 0.0076322382551475164 0.0045299232441972275 -0.0068825626586660289 0.036674935386095175 -0.0087953543680407281 -0.00067209651445456083 0.0040567054041540512 0.0071851862749382836 0.044901427610003056 -0.026133781352201915 0.033889921090140974 -0.0068009432689868313
leaf_weight=1222.8081686478108 2221.8702707905322 33679.389315962791 655.36930338479578 13925.600259274244 9093.7186998585239 1534.2268681526184 3661.8817777819932 37028.74863226898 8871.7941632941365 7621.7536956183612 571.00047446787357 582.13119440153241 251.25589304417372 6149.9982664138079
leaf_count=71639 117694 318019 23410 201755 346299 7270 36411 810105 69914 39997 2420 5434 2568 57045
internal_value=-2.90345e-05 0.000150093 -0.0113518 0.00041921 -0.000105744 0.00120693 0.000320518 -0.00189658 0.000898775 0.00354056 0.00981385 -0.000910587 0.00017544 -0.00520378
internal_weight=127072 125849 2877.24 122971 109046 62923.4 61389.2 46122.5 57727.3 23465.8 8192.75 34261.5 15273 6401.25
internal_count=2109980 2038341 141104 1897237 1695482 539078 531808 1156404 495397 171944 42417 323453 129527 59613
is_linear=0
shrinkage=0.03


Tree=122
num_leaves=15
num_cat=0
split_feature=6 0 0 11 2 0 6 0 0 0 5 0 5 10
split_gain=410.331 373.377 232.299 234.736 225.413 493.002 294.185 213.201 190.229 188.264 265.745 249.1 458.613 519.254
threshold=56.500000000000007 61.859375000000007 1219.4902343750002 1.5000000000000002 -0.14801489561796186 209.71289062500003 23.500000000000004 496.18554687500006 306.39843750000006 968.75000000000011 341.61886596679693 745.84960937500011 287.89239501953131 0.19267250597476962
decision_type=2 2 2 2 2 2 2 2 2 2 2 2 2 2
left_child=1 -1 4 -4 5 -3 9 8 -2 11 -11 -6 13 -13
right_child=7 2 3 -5 6 -7 -8 -9 -10 10 -12 12 -14 -15
leaf_value=-0.025676986370424929 -0.016864716763522875 -0.014036239776357115 -0.018893028775774728 0.0099550054380119109 -0.0012489923664378494 0.0023207191046088682 -0.0066943916685817664 -0.018208544501360033 0.0013913857474389245 -0.01828420120963422 -0.0011703223674480671 0.0029856087606595617 -0.00010518850977836788 0.020224774737247871
leaf_weight=496.7449454497546 728.88216957263649 1707.6795669691637 1041.9716231636703 335.62672099750489 30850.298775105737 57452.764877345413 6666.0291032129899 1544.8410599622875 1739.9629121609032 1179.5270068245009 2654.0118265226483 4192.3323523607105 13845.365989449434 2516.3519539311528
leaf_count=39090 50630 59660 21090 3680 491850 751960 251240 93770 102390 14780 30690 44604 131020 23526
internal_value=-2.84734e-05 0.0002797 0.000385006 -0.0118647 0.000524396 0.00184857 -0.000741094 -0.00946779 -0.0039984 -2.26584e-05 -0.00643603 0.000455626 0.00301415 0.00945183
internal_weight=126952 122939 122442 1377.6 121064 59160.4 61903.9 4013.69 2468.85 55237.9 3833.54 51404.3 20554.1 6708.68
internal_count=2109980 1863190 1824100 24770 1799330 811620 987710 246790 153020 736470 45470 691000 199150 68130
is_linear=0
shrinkage=0.03


Tree=123
num_leaves=15
num_cat=0
split_feature=9 12 0 6 12 0 9 0 12 0 12 6 12 12
split_gain=439.193 414.15 352.879 337.474 394.919 244.272 240.911 368.836 792.139 319.1 877.032 935.487 609.121 710.353
threshold=0.23955496400594714 1.0000000180025095e-35 535.44335937500011 58.500000000000007 1.5000000000000002 868.13085937500011 0.85682016611099254 294.25976562500006 1.5000000000000002 518.70312500000011 1.5000000000000002 1.5000000000000002 1.5000000000000002 4.5000000000000009
decision_type=2 2 2 2 2 2 2 2 2 2 2 2 2 2
left_child=-1 2 -2 6 -5 -4 7 8 -3 12 11 -11 -9 -14
right_child=1 3 5 4 -6 -7 -8 9 -10 10 -12 -13 13 -15
leaf_value=-0.018139488089221185 -0.029135469436891503 0.032125546889741001 0.00047233884695354619 0.07536519274428366 -0.010096177423215473 -0.024056082971555433 0.0044898459094802456 0.019332021794013145 -0.0091735600499707852 -0.026801606124038011 0.00043552836412547936 0.0061672345961454747 -0.010638086133954601 0.0046910943568172362
leaf_weight=1193.6734298137017 730.96444847714156 446.87827791273594 1649.4039339730516 49.374351769685745 3383.8619676139206 469.39584945514798 13232.39931709785 2067.8542928509414 6465.2324140705168 2194.9177391659468 73588.637581928633 1197.024870922789 3238.9173995442688 17004.24707569927
leaf_count=71639 44792 2927 73790 424 210697 22522 186568 15255 237968 39947 786795 14392 34301 367963
internal_value=-2.79994e-05 0.000143965 -0.0111622 0.000406195 -0.00886713 -0.00496165 0.00067276 0.000197172 -0.00650351 0.000663635 -0.000251947 -0.0151668 0.00382271 0.00223842
internal_weight=126913 125719 2849.76 122869 3433.24 2118.8 119436 106204 6912.11 99291.6 76980.6 3391.94 22311 20243.2
internal_count=2109980 2038341 141104 1897237 211121 96312 1686116 1499548 240895 1258653 841134 54339 417519 402264
is_linear=0
shrinkage=0.03


Tree=124
num_leaves=15
num_cat=0
split_feature=9 9 1 0 4 0 1 5 0 9 0 5 3 10
split_gain=422.245 283.282 393.78 333.908 420.936 301.489 354.892 306.067 239.389 222.678 210.478 402.46 185.823 182.282
threshold=0.22337984293699267 0.53168705105781566 13.59487819671631 1015.0820312500001 1.0000000180025095e-35 808.33984375000011 8.1240162849426287 441.28549194335943 552.99609375000011 0.83271777629852306 680.03320312500011 164.06769561767581 -0.012531449552625416 -0.012849870603531597
decision_type=2 2 2 2 2 2 2 2 2 2 2 2 2 2
left_child=-1 2 3 4 -2 6 8 10 -3 -7 13 -12 -4 -8
right_child=1 5 12 -5 -6 9 7 -9 -10 -11 11 -13 -14 -15
leaf_value=-0.019766273738558993 0.0053401580703729776 -5.5773346871056031e-07 -0.010286136144229213 -0.014674476981971609 -0.0059401006622941156 0.002871089110346732 0.012723221244698378 -0.0054223877060115746 -0.0079592556353515684 0.013552355600297217 0.011719680531710406 0.0011149141923705393 -0.0005678928990730098 0.00015581113084106498
leaf_weight=967.95019367337227 8966.7788284933195 6057.6653257450089 6709.9716407638043 1240.2686895979568 4457.250484761782 22856.325431216508 1065.2671909537166 6332.4466089550406 7757.1655430328101 1902.851592682302 4833.7111527146772 9652.3001170055941 2405.6404413552955 41669.137311445549
leaf_count=62755 111335 140365 165998 20750 186361 193813 15887 60303 100470 15562 66417 95319 45120 829525
internal_value=-2.77846e-05 0.000123962 -0.00282502 0.000218708 0.00159471 0.000810621 -0.000111473 0.000835843 -0.00446945 0.00369199 0.00152843 0.00465353 -0.00772146 0.000469087
internal_weight=126875 125907 23779.9 14664.3 13424 102127 77367.7 63552.9 13814.8 24759.2 57220.4 14486 9115.61 42734.4
internal_count=2109980 2047225 529564 318446 297696 1517661 1308286 1067451 240835 209375 1007148 161736 211118 845412
is_linear=0
shrinkage=0.03


Tree=125
num_leaves=15
num_cat=0
split_feature=12 6 12 7 2 12 12 12 12 5 11 12 12 12
split_gain=412.862 366.443 360.477 300.87 232.721 308.51 599.502 542.72 1125.44 482.587 942.677 918.077 644.316 862.602
threshold=1.0000000180025095e-35 58.500000000000007 1.5000000000000002 201.47727966308597 -0.60760971903800953 3.5000000000000004 2.5000000000000004 14.500000000000002 13.500000000000002 463.79670715332037 2.5000000000000004 4.5000000000000009 5.5000000000000009 7.5000000000000009
decision_type=2 2 2 2 2 2 2 2 2 2 2 2 2 2
left_child=3 4 -3 -1 -2 6 -6 8 9 10 -7 -12 -11 -14
right_child=1 2 -4 -5 5 7 -8 -9 -10 12 11 -13 13 -15
leaf_value=-0.016859745505169246 0.0022732085887029619 0.069046529462147163 -0.010413689395730671 0.005206747788827357 -0.00068792595406316835 0.0032014404893801235 -0.015537229346008251 -0.0019261406443284944 0.035767352473680812 -0.021636967523463262 0.057733804514615905 0.0028979746030972022 0.011903316376699872 -0.013569098032594564
leaf_weight=2164.6903917281888 43373.339348799549 52.146930076181889 3508.3717296216637 748.35324906185269 8677.0716708377004 17967.396477462724 3407.9757773205638 38515.167313656304 947.17722803354263 1531.9630808718503 580.63503158465028 521.65950364619493 2715.2117785140872 2139.1477646976709
leaf_count=119826 535811 429 225684 29141 99165 154821 38742 851708 4362 11506 3080 2701 15326 17678
internal_value=-2.72964e-05 0.000235095 -0.00924992 -0.0111909 0.000515645 -0.00047433 -0.00487542 0.000344966 0.0036579 0.00246316 0.00485354 0.0317828 -0.00467457 0.000678507
internal_weight=126850 123937 3560.52 2913.04 120377 77003.4 12085 64918.4 26403.2 25456 19069.7 1102.29 6386.32 4854.36
internal_count=2109980 1961013 226113 148967 1734900 1199089 137907 1061182 209474 205112 160602 5781 44510 33004
is_linear=0
shrinkage=0.03


Tree=126
num_leaves=15
num_cat=0
split_feature=0 6 0 11 11 0 8 1 0 0 6 6 0 2
split_gain=359.709 351.459 221.184 226.6 211.393 217.249 167.567 311.783 263.775 281.954 362.676 228.259 843.855 205.894
threshold=61.859375000000007 40.500000000000007 1219.4902343750002 1.5000000000000002 1.0000000180025095e-35 487.52929687500006 5.5000000000000009 19.524925231933597 685.42578125000011 518.70312500000011 3.5000000000000004 2.5000000000000004 726.38281250000011 -0.31075993180274958
decision_type=2 2 2 2 2 2 2 2 2 2 2 2 2 2
left_child=-1 2 6 -4 -3 -6 11 8 9 10 -8 -2 -13 -9
right_child=1 4 3 -5 5 -7 7 13 -10 -11 -12 12 -14 -15
leaf_value=-0.025611226255165369 0.00037812057719578516 -0.0079912063550305595 -0.018586314599001081 0.009812913659105419 0.017415201280361916 -0.0088223427813841453 0.0089162548202550065 0.011024481628478159 0.0019758164942929287 -0.0085720715246699747 -0.0043864675146376535 0.0015836531910174774 0.018149721997193204 0.0008040382584179643
leaf_weight=492.66930488450453 58983.007623651996 6880.590653819032 1021.3032037084922 336.07383509725332 646.50834741815925 506.56960758939385 2421.4336942285299 2563.0775537407026 7703.1327058970928 8711.6659216377884 7741.6376241678372 19774.862144711427 3217.6994530409575 5761.9890503557399
leaf_count=41040 566863 403121 21090 3680 12430 9029 31573 32843 96680 141446 155183 458175 37199 99628
internal_value=-2.69235e-05 7.28994e-05 0.000485464 -0.0115549 -0.00599904 0.00588854 0.000625296 -0.00111555 -0.00270245 -0.00461174 -0.00121699 0.0013665 0.003902 0.00395065
internal_weight=126762 126270 118236 1357.38 8033.67 1153.08 116879 34902.9 26577.9 18874.7 10163.1 81975.6 22992.6 8325.07
internal_count=2109980 2068940 1644360 24770 424580 21459 1619590 557353 424882 328202 186756 1062237 495374 132471
is_linear=0
shrinkage=0.03


Tree=127
num_leaves=15
num_cat=0
split_feature=9 12 9 8 1 12 12 2 6 12 11 6 11 12
split_gain=397.198 286.098 232.823 224.496 222.073 419.764 555.901 318.463 221.741 218.176 564.315 511.675 518.542 685.279
threshold=0.38308379054069525 1.0000000180025095e-35 0.85682016611099254 6.5000000000000009 18.162634849548343 2.5000000000000004 1.5000000000000002 -0.85608792304992665 56.500000000000007 5.5000000000000009 1.5000000000000002 1.5000000000000002 2.5000000000000004 4.5000000000000009
decision_type=2 2 2 2 2 2 2 2 2 2 2 2 2 2
left_child=4 -2 3 8 5 6 -1 -8 9 11 -11 -3 13 -13
right_child=1 2 -4 -5 -6 -7 7 -9 -10 10 -12 12 -14 -15
leaf_value=-0.0078389059335021855 -0.0094639264173847736 -0.0040041593141671274 0.0043069571936562466 -0.003331260141170648 -0.019100118643743735 -0.0094398010863786588 0.063201736043575832 0.016700492926034604 -0.007805086433344966 0.00086069152658676325 0.0097030093260896573 -0.0021722387469129884 0.024822432616015539 0.019408361313632796
leaf_weight=788.90988717647269 2602.6952287396416 19233.637610681355 13444.709820149466 14644.127629157156 1148.4214696246199 4209.7383597525768 181.88066301494837 488.67953529395163 2690.5716547304764 50475.892533591948 7455.2037367857993 6706.9866247903556 1012.3974853120744 1650.0991600528359
leaf_count=22712 128500 167790 193945 248178 37311 161167 1606 5787 171844 844658 37339 67157 7492 14494
internal_value=-2.64896e-05 0.000373967 0.000592229 0.000111397 -0.00707019 -0.00463326 0.00923087 0.0293133 0.000676428 0.00094014 0.00199862 -0.00120364 0.00454526 0.00208883
internal_weight=126734 119916 117314 103869 6817.63 5669.21 1459.47 670.56 89224.8 86534.2 57931.1 28603.1 9369.48 8357.09
internal_count=2109980 1881397 1752897 1558952 228583 191272 30105 7393 1310774 1138930 881997 256933 89143 81651
is_linear=0
shrinkage=0.03


Tree=128
num_leaves=15
num_cat=0
split_feature=9 12 7 7 5 2 12 12 11 5 12 12 5 7
split_gain=388.839 364.582 317.727 269.396 197.878 182.307 290.315 512.163 441.69 593.053 324.235 486.061 467.689 298.137
threshold=0.22337984293699267 1.0000000180025095e-35 238.09085845947268 48.493501663208015 479.56861877441412 -0.31075993180274958 3.5000000000000004 2.5000000000000004 2.5000000000000004 448.24780273437506 4.5000000000000009 5.5000000000000009 496.96479797363287 211.07624816894534
decision_type=2 2 2 2 2 2 2 2 2 2 2 2 2 2
left_child=-1 2 -2 -3 -4 -5 7 -7 10 -10 -8 12 -12 -13
right_child=1 3 4 5 -6 6 8 -9 9 -11 11 13 -14 -15
leaf_value=-0.019324426993288232 -0.015433874649491659 -0.0021651731363961243 0.020527352408180106 0.0025977166926195458 -0.024590283072620681 -0.00060906251826484473 -0.010100377530262045 -0.017398109130751196 0.035553685921200756 -0.0028520295910037436 0.018441246389918824 -0.0011061810308847185 -0.020342196609198317 0.0059851962170072333
leaf_weight=932.74606709601358 2271.5674254097976 29039.957820580341 401.55695979762822 42407.138928850181 111.85889506153762 5930.2365494817495 2508.5322768446058 2257.9472859036177 757.10262737423182 693.16841135919094 2254.3645376488566 30318.827510880306 319.49829687923193 6475.3571449788287
leaf_count=62755 125212 653265 13235 501792 3863 67835 22841 25743 3845 3808 18128 538687 2328 66643
internal_value=-2.61006e-05 0.000117047 -0.0106165 0.000360153 0.0106975 0.00114096 -5.82355e-05 -0.00523876 0.000920812 0.0171974 0.000357122 0.00102347 0.013627 0.000141821
internal_weight=126680 125747 2784.98 122962 513.416 93922.2 51515 8188.18 43326.9 1450.27 41876.6 39368 2573.86 36794.2
internal_count=2109980 2047225 142310 1904915 17098 1251650 749858 93578 656280 7653 648627 625786 20456 605330
is_linear=0
shrinkage=0.03


Tree=129
num_leaves=15
num_cat=0
split_feature=0 6 0 0 6 1 0 10 1 2 1 0 6 3
split_gain=340.87 317.073 213.8 245.149 492.626 233.771 212.967 431.41 367.503 419.803 316.147 305.521 284.181 262.698
threshold=61.859375000000007 40.500000000000007 1040.9238281250002 752.83007812500011 1.5000000000000002 15.125865936279299 518.70312500000011 -0.081990677863359437 10.774470806121828 -0.25588513910770411 19.771273612976078 555.85742187500011 4.5000000000000009 -0.45036284625530237
decision_type=2 2 2 2 2 2 2 2 2 2 2 2 2 2
left_child=-1 2 3 6 -5 -4 7 -2 11 10 -10 -8 -9 -12
right_child=1 -3 5 4 -6 -7 8 12 9 -11 13 -13 -14 -15
leaf_value=-0.025409841985675866 0.015737082149852689 -0.0057306080634812115 -0.010600678017307213 0.0014316630089897665 0.011677114585090513 0.00035675249000529567 0.0031139799609333067 0.0048189226995579964 0.0016364622869910464 -0.0028666409033462834 0.02406394729224071 -0.0077726793580728416 -0.0013711593704441292 0.0061840868801874439
leaf_weight=474.32637090235949 1823.5481353243813 7947.6300976239145 3198.3485741466284 34631.7942714151 4810.4270629091188 3875.8475486314856 2910.3543493207544 10049.210862365551 7718.558337601833 14732.585173023865 1185.8541102381423 11438.130617689341 19878.762564381585 1965.0743757123128
leaf_count=41040 38150 424580 46540 310360 49730 44960 41270 124351 97860 225030 12780 159510 475429 18390
internal_value=-2.57032e-05 6.97295e-05 0.000459676 0.000781544 0.00268121 -0.00459726 -0.000263434 0.00157053 -0.00172102 0.000433036 0.00490544 -0.0055645 0.000707346 0.0129132
internal_weight=126640 126166 118218 111144 39442.2 7074.2 71702.1 31751.5 39950.6 25602.1 10869.5 14348.5 29928 3150.93
internal_count=2109980 2068940 1644360 1552860 360090 91500 1192770 637930 554840 354060 129030 200780 599780 31170
is_linear=0
shrinkage=0.03


Tree=130
num_leaves=15
num_cat=0
split_feature=9 12 7 7 3 12 12 12 12 12 9 11 1 12
split_gain=367.709 349.032 305.607 249.755 190.392 206.903 191.759 297.952 544.333 237.329 179.376 217.986 177.027 163.848
threshold=0.22337984293699267 1.0000000180025095e-35 211.07624816894534 48.493501663208015 -0.037400968372821801 14.500000000000002 6.5000000000000009 7.5000000000000009 9.5000000000000018 10.500000000000002 0.85682016611099254 1.5000000000000002 21.323174476623539 5.5000000000000009
decision_type=2 2 2 2 2 2 2 2 2 2 2 2 2 2
left_child=-1 2 -2 4 5 -3 13 -8 -9 -10 -5 -12 -4 -6
right_child=1 3 12 10 6 -7 7 8 9 -11 11 -13 -14 -15
leaf_value=-0.019022999221182144 -0.016042148287400679 4.5420230405519312e-05 0.014232096722893757 0.0006072846723329682 -0.0013330560585275183 -0.006461061604629937 0.022807006729494317 -0.026672625737895733 0.031780828377687115 0.0033547283331956082 0.0032676008643730014 0.017368743715527501 -0.027585669080071536 -0.017528196578427951
leaf_weight=910.35408259276301 2098.8088562856428 7219.3828736860305 552.69317780900747 82338.99729939457 2903.4536979943514 11257.7794345906 687.83106398209929 543.79882247000933 277.99554034136236 5380.3584185149521 10543.428690796718 1088.5132267400622 109.09198536258191 697.24662235751748
leaf_count=62755 118624 69351 19369 1088805 28314 397445 4961 5143 2270 140378 156008 6837 4317 5403
internal_value=-2.53004e-05 0.000112287 -0.0104372 0.000349175 -0.00208624 -0.00391885 0.00114153 0.00407365 0.00199609 0.00475131 0.00109993 0.00458718 0.00733865 -0.00446911
internal_weight=126610 125699 2760.59 122939 28967.8 18477.2 10490.7 6889.98 6202.15 5658.35 93970.9 11631.9 661.785 3600.7
internal_count=2109980 2047225 142310 1904915 653265 466796 186469 152752 147791 142648 1251650 162845 23686 33717
is_linear=0
shrinkage=0.03


Tree=131
num_leaves=15
num_cat=0
split_feature=9 10 9 1 0 10 10 6 0 10 0 6 1 3
split_gain=354.376 262.777 242.572 199.37 192.605 384.181 184.902 173.153 153.146 378.637 343.488 970.155 349.378 502.766
threshold=0.38308379054069525 -0.092771433293819414 0.22337984293699267 17.548924446105961 294.25976562500006 0.36544719338417059 0.46080835163593298 18.500000000000004 509.43359375000006 -0.019439334981143471 696.31445312500011 2.5000000000000004 17.359197616577152 0.13214714080095294
decision_type=2 2 2 2 2 2 2 2 2 2 2 2 2 2
left_child=1 2 -1 -4 5 7 -7 -2 9 -6 12 -12 13 -10
right_child=4 -3 3 -5 8 6 -8 -9 10 -11 11 -13 -14 -15
leaf_value=-0.019283954520672573 -0.0025923212637162254 -0.013151290707285854 0.0051325300350640755 -0.017128992709848006 0.014241444948317347 0.0060573317878216404 0.038659570186123246 -0.011957478909670999 -0.0079236185767058518 0.0015671745610469411 2.8513745778870099e-05 0.012233357910405104 0.0026675084995019106 0.0016225312674707114
leaf_weight=566.59667254239321 3930.3641758626327 3093.5695236767642 2643.7410111268982 419.5263845724985 2340.935781727545 1292.0615349318832 178.14997547399253 3242.818938812241 13923.309937244281 22618.90978054516 49491.880675664172 6649.1432811785489 8471.0194234903902 7717.67755962722
leaf_count=42535 101600 117570 56263 12215 50349 25983 3422 163367 271407 478606 456440 86419 120213 123591
internal_value=-2.4841e-05 -0.00672687 -0.00125162 0.00208373 0.000351114 -0.00396269 0.0100078 -0.00682608 0.00068638 0.00275587 8.75128e-05 0.00147401 -0.00249749 -0.00451924
internal_weight=126580 6723.43 3629.86 3063.27 119856 8643.39 1470.21 7173.18 111213 24959.8 86253 56141 30112 21641
internal_count=2109980 228583 111013 68478 1881397 294372 29405 264967 1587025 528955 1058070 542859 515211 394998
is_linear=0
shrinkage=0.03


Tree=132
num_leaves=15
num_cat=0
split_feature=9 1 4 7 9 3 1 3 6 5 5 8 3 3
split_gain=341.541 357.814 289.176 226.949 168.999 163.383 161.278 128.772 124.037 173.616 146.716 124.621 116.745 116.051
threshold=0.49213367700576788 14.125854015350344 1.0000000180025095e-35 147.09272003173831 0.12671289592981341 -0.22663002461194989 10.253931999206545 0.94203639030456554 33.500000000000007 83.241119384765639 543.45578002929699 5.5000000000000009 -0.085815403610467897 0.76752087473869335
decision_type=2 2 2 2 2 2 2 2 2 2 2 2 2 2
left_child=1 2 4 5 -1 8 -5 -8 10 -10 11 -2 -3 -7
right_child=3 12 -4 6 -6 13 7 -9 9 -11 -12 -13 -14 -15
leaf_value=-0.028278067182658788 0.0011118552260871422 -0.012279771194533646 -0.0073358512538540237 -0.00068815685044874863 0.003080276870541427 0.0022137298564528919 0.0043489272225504952 -0.0059544279979246014 -0.0086137512640383808 0.0050064707429332226 -0.0065643510761059501 -0.0028243821642420469 -0.0029785430938077165 -0.0020022496007992257
leaf_weight=157.77084295172244 20259.38381130062 4444.8134906934574 4086.8814210002311 9623.6224649222568 7881.652351421304 25388.009313301183 23963.703418230638 1143.8156495410949 4220.7728603165597 1052.2903787465766 3759.7119953837246 11263.375851164572 1671.1321357828565 7645.8330994462594
leaf_count=17759 293841 125377 186962 99895 108892 389519 248628 12071 212741 31709 34965 205154 36178 106289
internal_value=-2.45099e-05 -0.00382208 -0.000838222 0.000615039 0.00246488 -0.000328332 0.00261388 0.00387954 -0.0016041 -0.00589571 -0.000962706 -0.000294599 -0.00973829 0.00123792
internal_weight=126563 18242.3 12126.3 108321 8039.42 73589.4 34731.1 25107.5 40555.5 5273.06 35282.5 31522.8 6115.95 33033.8
internal_count=2109980 475168 313613 1634812 126651 1274218 360594 260699 778410 244450 533960 498995 161555 495808
is_linear=0
shrinkage=0.03


Tree=133
num_leaves=15
num_cat=0
split_feature=9 7 5 1 9 10 11 2 1 5 11 2 7 7
split_gain=331.323 250.407 165.506 140.366 400.301 243.743 251.905 235.599 213.884 234.915 175.488 164.031 148.833 138.001
threshold=0.22337984293699267 68.636592864990249 29.469375610351566 10.123858928680422 0.52326631546020519 0.031948057934641845 1.5000000000000002 -0.31075993180274958 20.287787437438968 960.92428588867199 1.5000000000000002 0.28756476938724523 313.95783996582037 140.84641265869143
decision_type=2 2 2 2 2 2 2 2 2 2 2 2 2 2
left_child=-1 2 -2 5 -5 -3 -7 8 -6 10 12 -8 -10 -12
right_child=1 3 -4 4 7 6 11 -9 9 -11 13 -13 -14 -15
leaf_value=-0.018456293746708707 -0.0073933931409437166 0.0039850633715849525 -0.0011154226362300361 -0.0047735847913023396 0.0031610857063136665 -0.005051973913495501 -0.00021009825338336342 0.0010739065246191432 0.016979070375125308 -0.0067850241487983571 -0.0041682288847302027 0.012266373143089305 0.00018498681871285784 0.011896628686294456
leaf_weight=871.63388048065826 4169.4907008763403 6801.8588225878775 40391.3704190813 7071.2912841085345 14435.674247283954 12208.386067434214 3790.5622241701931 28626.039763862267 3728.2374777523801 708.4224610272795 954.59990489855409 1264.8402755195275 544.26177158020437 970.53668121807277
leaf_count=62755 236137 91080 740347 121334 174809 189114 33056 387207 36187 4784 8332 11778 3954 9106
internal_value=-2.40042e-05 0.000103845 -0.00170284 0.00109648 0.00190715 -0.00082491 -0.00272002 0.00285258 0.00523835 0.00958045 0.0114511 0.00291146 0.0148397 0.00393069
internal_weight=126537 125666 44560.9 81104.7 57039.1 24065.6 17263.8 49967.8 21341.7 6906.06 6197.64 5055.4 4272.5 1925.14
internal_count=2109980 2047225 976484 1070741 745713 325028 233948 624379 237172 62363 57579 44834 40141 17438
is_linear=0
shrinkage=0.03


Tree=134
num_leaves=15
num_cat=0
split_feature=9 7 0 2 0 0 1 9 2 10 0 0 3 1
split_gain=317.34 235.703 242.23 197.297 168.225 211.874 131.877 380.925 232.272 229.32 337.316 260.575 225.751 200.614
threshold=0.22337984293699267 68.636592864990249 242.06445312500003 0.36618664860725408 1040.9238281250002 913.97460937500011 10.123858928680422 0.48645573854446417 -0.31075993180274958 0.031948057934641845 873.96679687500011 968.75000000000011 0.78130191564559948 20.287787437438968
decision_type=2 2 2 2 2 2 2 2 2 2 2 2 2 2
left_child=-1 2 3 -2 5 -4 9 -8 13 -3 -11 -12 -10 -9
right_child=1 6 4 -5 -6 -7 7 8 12 10 11 -13 -14 -15
leaf_value=-0.018221027025138101 -0.01604568745211429 0.0038547264548518066 -0.0011709061651417572 0.0011032086457511046 -0.010747745664078368 0.009672802938644769 -0.0060928147132615715 0.002940383657435357 0.001775424366052029 -0.004498028203562484 0.012327274023906045 -0.0084134584827844985 -0.0066591934652836041 0.009007116665043868
leaf_weight=856.6302031991072 1812.3969757324085 6820.5990013927221 38524.188519357704 905.44487740844488 1562.421504127793 1692.9392594397068 4965.0533678364009 15061.36273467401 26609.564613843337 14415.631742470898 2069.7573461830616 740.10340981185436 3199.2526657385752 7275.220466629602
leaf_count=62755 86312 91080 810407 37607 25819 16339 91455 182919 366727 208556 17341 8051 38644 65968
internal_value=-2.35262e-05 0.000100533 -0.0016542 -0.0103326 -0.00108965 -0.00071444 0.00106264 0.00184734 0.00260337 -0.000801076 -0.00264459 0.00686427 0.000870173 0.00491637
internal_weight=126511 125654 44497.4 2717.84 41779.5 40217.1 81156.5 57110.5 52145.4 24046.1 17225.5 2809.86 29808.8 22336.6
internal_count=2109980 2047225 976484 123919 852565 826746 1070741 745713 654258 325028 233948 25392 405371 248887
is_linear=0
shrinkage=0.03


Tree=135
num_leaves=15
num_cat=0
split_feature=0 6 0 0 11 2 0 6 5 0 5 0 5 10
split_gain=308.627 274.696 218.05 194.34 214.817 177.637 441.315 256.152 174.861 165.275 255.371 207.68 369.891 492.527
threshold=61.859375000000007 58.500000000000007 498.26757812500006 1219.4902343750002 1.5000000000000002 -0.13475812226533887 209.71289062500003 23.500000000000004 236.15476226806643 968.75000000000011 341.61886596679693 745.84960937500011 315.78330993652349 0.18873605877161029
decision_type=2 2 2 2 2 2 2 2 2 2 2 2 2 2
left_child=-1 3 -3 5 -5 6 8 9 -2 11 -11 -7 13 -13
right_child=1 2 -4 4 -6 7 -8 -9 -10 10 -12 12 -14 -15
leaf_value=-0.025032521631822194 -0.016551254278437597 -0.0023894012800342659 -0.018004903648969579 -0.018143017040472446 0.0096034896562267307 -0.001158517631441372 0.0020228426965826227 -0.0062788907633470007 0.017525928578186606 -0.017945322365440702 -0.00093630062645373377 0.0019909983004918622 -0.00036812904106166711 0.017655595383581253
leaf_weight=442.53379453253001 1537.2060450324789 2116.2959158020094 1298.6616982091218 991.59715445432812 336.29723738972098 30491.615454627667 58254.421721329447 6633.190425908193 148.62456737738103 1141.9955316768028 2610.2672768943012 4736.9282530369237 12822.492083985358 2920.0949070416391
leaf_count=41040 58090 140480 86330 21090 3680 488370 765930 258990 2800 14720 30470 49820 121640 26530
internal_value=-2.3092e-05 6.47177e-05 -0.00832776 0.000298439 -0.011116 0.000423399 0.00158494 -0.000711329 -0.013547 -3.64679e-05 -0.00611297 0.000410857 0.00274747 0.00796487
internal_weight=126482 126040 3414.96 122625 1327.89 121297 59940.3 61356.6 1685.83 54723.4 3752.26 50971.1 20479.5 7657.02
internal_count=2109980 2068940 226810 1842130 24770 1817360 826820 990540 60890 731550 45190 686360 197990 76350
is_linear=0
shrinkage=0.03


Tree=136
num_leaves=15
num_cat=0
split_feature=12 6 12 2 1 12 12 10 12 11 1 12 11 12
split_gain=348.797 261.497 324.243 176.694 326.12 558.855 306.839 557.316 403.488 298.005 289.399 495.627 907.171 370.102
threshold=1.0000000180025095e-35 58.500000000000007 1.5000000000000002 -0.75971361994743336 22.736704826354984 1.5000000000000002 2.5000000000000004 0.081160888075828566 3.5000000000000004 3.5000000000000004 12.694888591766359 6.5000000000000009 1.5000000000000002 13.500000000000002
decision_type=2 2 2 2 2 2 2 2 2 2 2 2 2 2
left_child=-1 3 -3 4 6 -6 7 -2 -8 10 11 -10 13 -13
right_child=1 2 -4 -5 5 -7 8 -9 9 -11 -12 12 -14 -15
leaf_value=-0.010472435680366637 0.018738959068734982 0.064829158956942662 -0.0092153574002642839 -0.00029146345140527687 -0.023193341146442364 0.011601800829675036 -0.013834038857102325 -0.0021960269684851378 -0.011512791375106086 0.037153211220056506 0.0047513085155702411 -0.010780407478217024 0.025345534603758119 0.0021135839428235658
leaf_weight=2810.8857897343114 2252.658886063844 54.09468974173069 3316.1906423680484 85228.012078832835 451.40293376334012 5213.9939326955937 1848.2617815230042 2326.3483364526182 3786.285205129534 200.47241989523172 8610.1127108340152 2973.1339898686856 1231.0186690054834 6143.2307049380615
leaf_count=148967 19479 429 225684 1310792 6713 38377 17067 19761 27980 1162 122280 27013 6659 137617
internal_value=-2.27242e-05 0.000214853 -0.00802691 0.000445819 0.00223927 0.00882942 0.000968117 0.00810301 -0.000349649 0.000736579 0.000415589 -0.0022257 0.00117261 -0.00209155
internal_weight=126446 123635 3370.29 120265 35036.9 5665.4 29371.5 4579.01 24792.5 22944.3 22743.8 14133.7 10347.4 9116.36
internal_count=2109980 1961013 226113 1734900 424108 45090 379018 39240 339778 322711 321549 199269 171289 164630
is_linear=0
shrinkage=0.03


Tree=137
num_leaves=15
num_cat=0
split_feature=12 0 0 0 7 9 0 12 0 12 12 12 11 12
split_gain=331.506 353.457 302.432 285.052 345.891 232.848 314.069 754.47 336.658 853.922 678.907 636.255 1225.55 1002.33
threshold=1.0000000180025095e-35 535.44335937500011 61.859375000000007 868.13085937500011 175.79376220703128 0.85491624474525463 294.25976562500006 1.5000000000000002 518.70312500000011 1.5000000000000002 1.5000000000000002 6.5000000000000009 1.5000000000000002 8.5000000000000018
decision_type=2 2 2 2 2 2 2 2 2 2 2 2 2 2
left_child=1 -1 -2 4 -3 6 7 -4 10 -10 -8 12 -12 -13
right_child=2 3 5 -5 -6 -7 8 -9 9 -11 11 13 -14 -15
leaf_value=-0.029002733792810945 -0.024877000540355153 -0.0083272716972490786 0.031139099801795581 -0.024241336238318267 0.020772289082990298 0.003926962382896664 0.019409167046743586 -0.0089344566524204548 -0.015361379891976886 -3.5929801011157056e-05 -0.018721525770767921 0.024485663751566182 0.0091096028481671542 0.0019864924282935017
leaf_weight=683.34313919441774 431.04377011070028 1043.6496865041554 452.17020794004202 488.3330702749081 567.54923146497458 14077.858416289091 2157.4545424692333 6517.0692000887357 3422.0586790405214 74699.820690155961 3307.5510644670576 2041.6846561022103 2500.5957322083414 14013.732316332869
leaf_count=45417 40960 55933 2913 27489 20128 200349 15649 263843 56220 869689 38264 17733 19067 436326
internal_value=-2.24215e-05 -0.0102621 0.000208087 -0.0041625 0.00192313 0.00029586 -0.000172631 -0.00633445 0.000247791 -0.000707247 0.0033538 0.00176948 -0.00673932 0.0048476
internal_weight=126404 2782.88 123621 2099.53 1611.2 123190 109112 6969.24 102143 78121.9 24021 21863.6 5808.15 16055.4
internal_count=2109980 148967 1961013 103550 76061 1920053 1719704 266756 1452948 925909 527039 511390 57331 454059
is_linear=0
shrinkage=0.03


Tree=138
num_leaves=15
num_cat=0
split_feature=12 0 0 0 7 6 12 0 9 0 12 0 12 6
split_gain=315.299 347.022 291.58 275.364 325.027 245.537 290.949 210.837 189.454 228.199 676.506 291.095 831.458 888.534
threshold=1.0000000180025095e-35 535.44335937500011 61.859375000000007 862.84179687500011 175.79376220703128 58.500000000000007 1.5000000000000002 616.81054687500011 0.85491624474525463 294.25976562500006 1.5000000000000002 518.70312500000011 1.5000000000000002 1.5000000000000002
decision_type=2 2 2 2 2 2 2 2 2 2 2 2 2 2
left_child=1 -1 -2 4 -3 8 -7 -6 9 10 -4 -11 13 -13
right_child=2 3 5 -5 7 6 -8 -9 -10 11 -12 12 -14 -15
leaf_value=-0.028946105696881681 -0.024730034359595969 -0.0080524656281499331 0.029659637993826007 -0.023368319801270219 -0.028606626236205912 0.059621276623314658 -0.008919099147249341 0.027114428433561915 0.0037969781399315033 0.0034365035395735092 -0.0080774452835459358 -0.026638556903710264 0.00022155980745241794 0.0054408983598869479
leaf_weight=664.42519374005497 420.75311016757041 1019.2254967037588 460.35443392395973 504.32634702138603 69.667184458114207 56.706074617803097 3271.3926207376644 497.88131036609411 13942.970099956729 22463.993496638723 5998.1303318087012 2147.0345373302698 73634.793730743229 1217.8502366747707
leaf_count=45417 40960 55124 2913 28701 3052 429 223884 16673 192665 422752 226410 41365 794919 14716
internal_value=-2.23988e-05 -0.0100591 0.000201334 -0.00405801 0.00207941 0.000286484 -0.00775127 0.0202746 0.000509656 7.69318e-05 -0.00538758 0.00043176 -0.000444849 -0.0150281
internal_weight=126370 2755.53 123614 2091.1 1586.77 123193 3328.1 567.548 119865 105922 6458.48 99463.7 76999.7 3364.88
internal_count=2109980 148967 1961013 103550 74849 1920053 224313 19725 1695740 1503075 229323 1273752 851000 56081
is_linear=0
shrinkage=0.03


Tree=139
num_leaves=15
num_cat=0
split_feature=12 9 7 9 8 12 8 12 12 12 12 12 8 12
split_gain=299.895 273.252 254.921 196.69 198.092 234.333 183.864 210.135 373.78 229.069 374.641 231.246 201.393 426.856
threshold=1.0000000180025095e-35 0.22337984293699267 201.47727966308597 0.85491624474525463 4.5000000000000009 3.5000000000000004 6.5000000000000009 2.5000000000000004 3.5000000000000004 7.5000000000000009 6.5000000000000009 5.5000000000000009 2.5000000000000004 7.5000000000000009
decision_type=2 2 2 2 2 2 2 2 2 2 2 2 2 2
left_child=2 -2 -1 6 -5 -6 12 -8 -9 10 11 -10 13 -3
right_child=1 3 -4 4 5 -7 7 8 9 -11 -12 -13 -14 -15
leaf_value=-0.015512003079641831 -0.017778311629054393 0.016138783569251001 0.0050137565654879814 0.010120323368183623 -0.017502968828677704 0.0026978578622779501 0.0062277987195289673 -0.026909908965206591 0.0065665950727413075 -0.0053984125059671467 0.027601875271263707 -0.015769792133128673 0.00087147070330981409 -0.0051992344296126472
leaf_weight=1977.4071972197853 756.63334696134552 919.97605931945145 751.53354570781812 3258.3856729455292 543.90085418149829 10379.515389064327 1849.2447297126055 641.40700673498213 1175.9768910780549 9992.5040656207129 515.88869221508503 646.4684090167284 82746.246427084319 10183.798831306398
leaf_count=119826 56098 14576 29141 46003 5649 150103 17825 7817 11411 207737 4245 5551 862572 571426
internal_value=-2.22306e-05 0.000194943 -0.00985933 0.000305638 0.00362849 0.00169201 -0.000127999 -0.00323315 -0.00458185 -0.00342042 0.00503221 -0.0013567 0.00036239 -0.00343133
internal_weight=126339 123610 2728.94 122853 14181.8 10923.4 108672 14821.5 12972.2 12330.8 2338.33 1822.45 93850 11103.8
internal_count=2109980 1961013 148967 1904915 201755 155752 1703160 254586 236761 228944 21207 16962 1448574 586002
is_linear=0
shrinkage=0.03


Tree=140
num_leaves=15
num_cat=0
split_feature=12 0 0 0 6 12 0 1 3 9 0 0 9 0
split_gain=284.959 342.692 277.308 268.717 226.811 263.848 181.361 176.96 196.653 196.625 167.177 163.757 156.46 219.528
threshold=1.0000000180025095e-35 535.44335937500011 61.859375000000007 868.13085937500011 58.500000000000007 1.5000000000000002 1219.4902343750002 11.032989025115969 -0.51569074392318714 0.66890603303909313 773.62695312500011 498.26757812500006 0.85682016611099254 294.25976562500006
decision_type=2 2 2 2 2 2 2 2 2 2 2 2 2 2
left_child=1 -1 -2 7 6 -6 12 -3 9 -9 -11 -7 13 -4
right_child=2 3 4 -5 5 11 -8 8 -10 10 -12 -13 -14 -15
leaf_value=-0.028865746990353092 -0.024528374037115878 0.014308820117185973 -0.0051404206765036297 -0.023855050421056824 0.055340885751613611 -0.0033512068271681281 -0.01066786925738415 -0.012981709910437686 -0.016847394755614548 0.0097505475209419216 0.065799813296833584 -0.017257847655509684 0.0036523670536687761 0.00056691456986209508
leaf_weight=638.4860301380977 407.16761864628643 640.9245573040098 6462.6716545899399 462.71955235535279 59.054667521268129 2000.8933554533869 1298.3153115008026 168.53466486185789 588.20312621165067 127.55648838914931 76.687517486512661 1230.8704269388691 13451.255004985258 98691.70783832483
leaf_count=45417 40960 28576 230526 27489 429 138218 23762 9699 28295 6316 3175 85666 185047 1256405
internal_value=-2.18876e-05 -0.00965757 0.00018884 -0.00371743 0.000270532 -0.00749949 0.000483784 0.00209943 -0.0060436 0.0110036 0.0307954 -0.00864778 0.000605855 0.000216148
internal_weight=126305 2703.11 123602 2064.63 123195 3290.82 119904 1601.91 960.982 372.779 204.244 3231.76 118606 105154
internal_count=2109980 148967 1961013 103550 1920053 224313 1695740 76061 47485 19190 9491 223884 1671978 1486931
is_linear=0
shrinkage=0.03


Tree=141
num_leaves=15
num_cat=0
split_feature=12 0 0 0 5 0 11 1 11 2 0 12 12 12
split_gain=270.988 336.056 267.293 259.151 206.196 173.869 229.223 164.97 181.555 152.883 373.962 384.713 1171.66 616.472
threshold=1.0000000180025095e-35 535.44335937500011 61.859375000000007 868.13085937500011 27.415250778198246 1219.4902343750002 1.5000000000000002 11.032989025115969 1.5000000000000002 -0.14801489561796186 259.68164062500006 13.500000000000002 14.500000000000002 7.5000000000000009
decision_type=2 2 2 2 2 2 2 2 2 2 2 2 2 2
left_child=1 -1 -2 7 -4 9 -7 8 -3 10 -6 13 -13 -12
right_child=2 3 4 -5 5 6 -8 -9 -10 -11 11 12 -14 -15
leaf_value=-0.02880723146817139 -0.024375934671501235 -0.015463099404220377 -0.0058124121777018388 -0.023684589523396835 -0.0092920606063664167 -0.017780983256371938 0.011486127256631671 -0.0059032512908318525 0.02231791483207923 -0.00042894218265866155 0.0023621754239285565 0.036319332832666189 0.0038945227428953777 -0.0076465722343569929
leaf_weight=620.85567474085838 397.56795388320461 148.34974389337003 4831.6877726973034 452.22740472853184 2638.0307138203643 963.63231314625591 321.10258805006742 955.62919850461185 501.29358028527349 59878.843488527462 28376.984333272092 1061.2872008010745 18252.980279072188 6881.7165415938944
leaf_count=45417 40960 8114 265101 27489 84805 20764 2871 47485 20462 910345 224345 4988 348025 58809
internal_value=-2.15382e-05 -0.0094623 0.000183032 -0.00362491 0.00026228 0.000510231 -0.0104661 0.00202617 0.0136904 0.000630665 0.00173968 0.00227295 0.00567621 0.00040869
internal_weight=126282 2678.36 123604 2057.5 123206 118375 1284.73 1605.27 649.643 117090 57211 54573 19314.3 35258.7
internal_count=2109980 148967 1961013 103550 1920053 1654952 23635 76061 28576 1631317 720972 636167 353013 283154
is_linear=0
shrinkage=0.03


Tree=142
num_leaves=15
num_cat=0
split_feature=12 7 5 1 5 12 5 12 12 3 1 12 5 5
split_gain=257.576 243.269 199.18 174.102 126.188 124.028 297.003 295.103 346.517 491.585 437.654 543.115 1129 810.103
threshold=1.0000000180025095e-35 201.47727966308597 27.415250778198246 21.171670913696293 479.56861877441412 4.5000000000000009 960.92428588867199 7.5000000000000009 6.5000000000000009 0.46702620387077337 12.114546775817873 5.5000000000000009 266.33035278320318 223.28328704833987
decision_type=2 2 2 2 2 2 2 2 2 2 2 2 2 2
left_child=1 -1 -2 4 -3 6 -4 8 9 10 -7 13 -13 -12
right_child=2 3 5 -5 -6 7 -8 -9 -10 -11 11 12 -14 -15
leaf_value=-0.0149487658389354 -0.0057928877138226451 0.018236658386474976 -0.00087229712973629578 -0.026373420039445379 -0.017128321868967202 -0.0022437540554852984 -0.024210463343344091 -3.4825058688021375e-05 0.0094354251285913519 -0.008485555649005945 0.015984130662050566 -0.0036919750102504759 0.028679894846277001 -0.015699006721048792
leaf_weight=1907.8071410884149 4832.4701944827102 506.16274042008445 28949.217213422991 129.47309357626364 110.65817719139159 5295.9569531735033 499.22464061621577 66423.311124570668 7072.2334670703858 3493.795250877738 1377.7987641673535 1575.9191043674946 2520.289449673146 1536.0680247321725
leaf_count=119826 268179 18149 282457 6442 4550 38094 5044 1245066 47521 25420 11968 12745 13532 10987
internal_value=-2.11767e-05 -0.00926818 0.000177425 0.00525353 0.0118922 0.000420397 -0.00126794 0.000977187 0.0039162 0.00144571 0.00426528 0.00918272 0.0162256 -0.000717887
internal_weight=126230 2654.1 123576 746.294 616.821 118744 29448.4 89295.4 22872.1 15799.8 12306 7010.08 4096.21 2913.87
internal_count=2109980 148967 1961013 29141 22699 1692834 287501 1405333 160267 112746 87326 49232 26277 22955
is_linear=0
shrinkage=0.03


Tree=143
num_leaves=15
num_cat=0
split_feature=0 7 0 0 0 6 0 6 1 4 0 10 1 8
split_gain=253.869 223.784 225.984 360.267 445.167 328.853 267.202 251.551 222.226 210.479 201.869 190.897 177.52 167.8
threshold=61.859375000000007 127.09816360473634 1040.9238281250002 696.31445312500011 550.36523437500011 1.5000000000000002 294.25976562500006 23.500000000000004 13.333006381988527 337.50000000000006 913.97460937500011 0.38462446630001074 10.907106399536135 4.5000000000000009
decision_type=2 2 2 2 2 2 2 2 2 2 2 2 2 2
left_child=-1 2 3 4 6 10 7 11 -8 12 -5 -2 -6 -14
right_child=1 -3 -4 5 9 -7 8 -9 -10 -11 -12 -13 13 -15
leaf_value=-0.024228137318426015 -0.003364212256651291 0.0016784986494755407 -0.0086988730902148263 -0.00080728656218987381 -0.01014346088658096 0.0079248966552021172 0.0038704281812400924 -0.01291553974346683 -0.0018341450626683008 -0.021003631540978267 0.0074926358311992406 0.016880098636738391 0.0020363898583419635 -0.0064461170838882725
leaf_weight=388.70620406325907 3206.8974494794384 47497.763284796849 3232.0312307551503 19839.46417491883 5066.1847443003207 6538.6720213312656 13045.0104988846 2589.8569016065449 11621.064418128692 855.66204965021461 3041.6724869986065 482.25530778989196 3472.1843172656372 5306.640283443965
leaf_count=41040 100055 532460 49690 189510 100990 87620 344060 149970 260050 55690 28310 8585 72199 89751
internal_value=-2.08828e-05 5.39173e-05 -0.000931604 -0.000597176 -0.0022657 0.00199159 -0.000223703 -0.00574893 0.0011828 -0.00656413 0.000296052 -0.000717825 -0.00567173 -0.00309113
internal_weight=126184 125795 78297.6 75065.6 45645.8 29419.8 30945.1 6279.01 24666.1 14700.7 22881.1 3689.15 13845 8778.82
internal_count=2109980 2068940 1536480 1486790 1181350 305440 862720 258610 604110 318630 217820 108640 262940 161950
is_linear=0
shrinkage=0.03


Tree=144
num_leaves=15
num_cat=0
split_feature=9 9 0 5 11 10 0 5 0 11 11 5 10 11
split_gain=258.201 184.106 239.523 237.845 308.185 237.529 209.693 330.589 315.953 459.88 302.393 970.155 282.054 186.859
threshold=0.22337984293699267 0.53168705105781566 808.33984375000011 463.79670715332037 2.5000000000000004 -0.0041426878888159982 525.78515625000011 315.78330993652349 846.30664062500011 2.5000000000000004 1.5000000000000002 496.96479797363287 -0.13221374154090879 1.0000000180025095e-35
decision_type=2 2 2 2 2 2 2 2 2 2 2 2 2 2
left_child=-1 5 3 4 -3 6 12 -8 9 10 -9 -12 -2 -14
right_child=1 2 -4 -5 -6 -7 7 8 -10 -11 11 -13 13 -15
leaf_value=-0.017125866453455076 0.020055162276325363 -8.3574698386838171e-05 0.0031971178142395158 -0.0055631227660186055 0.0099064117365204648 -0.0064382031385227774 -0.0074073559927764392 0.0084785267415683173 -0.0043896060783831792 -0.009876910373748134 0.010450955462167795 0.084397928433480957 -0.0045753700640584552 0.0097230888579604956
leaf_weight=789.24936435651034 937.90685513569042 67555.181089669932 24864.617600842379 6761.21182946302 2898.4745783917606 8177.778057361953 5572.9829158154316 1165.6950175464153 2576.7379816845059 732.05673330463469 527.51056125201285 228.99340523965657 1949.9924431196414 1422.7486591865309
leaf_count=62755 20325 1211689 209375 63798 32799 205228 112286 13167 36832 8080 6408 2497 106496 18245
internal_value=-2.05733e-05 8.71091e-05 0.000636261 -0.000188382 0.000327415 -0.00231956 -9.11705e-05 -0.00232317 0.00309341 0.0103579 0.0180642 0.0328347 0.00550299 0.00145626
internal_weight=126161 125372 102079 77214.9 70453.7 23292.4 15114.6 10804 5230.99 2654.26 1922.2 756.504 4310.65 3372.74
internal_count=2109980 2047225 1517661 1308286 1244488 529564 324336 179270 66984 30152 22072 8905 145066 124741
is_linear=0
shrinkage=0.03


Tree=145
num_leaves=15
num_cat=0
split_feature=9 12 12 1 1 3 10 3 7 12 1 9 6 3
split_gain=251.213 216.589 302.142 1016.42 881.463 538.262 432.791 320.833 297.8 292.83 264.774 335.415 257.715 361.959
threshold=0.36807131767272955 3.5000000000000004 2.5000000000000004 22.736704826354984 14.125854015350344 -0.12275395914912222 0.095782473683357253 0.16802885383367541 157.22706604003909 1.5000000000000002 9.3325610160827654 0.57358974218368541 5.5000000000000009 -0.2049366012215614
decision_type=2 2 2 2 2 2 2 2 2 2 2 2 2 2
left_child=-1 2 4 12 6 -5 -2 9 -7 -6 -3 -12 -4 -14
right_child=1 10 3 5 7 8 -8 -9 -10 -11 11 -13 13 -15
leaf_value=-0.006306598282121917 0.01212260488172609 -0.0016896357356384632 -0.01726239888883014 -0.0088123135712376965 -0.0050126643714284826 0.017179074516286811 -0.00083153041475751927 0.00056367275060901156 0.055812299967916604 -0.019671793882793984 -0.0027161696018453631 0.002764142376165523 0.015101820880394976 -0.021521855671984055
leaf_weight=5473.0449230568483 4852.5054490505718 26290.107224143576 4053.508107861504 463.62901547364891 2430.2368076569401 460.05038986541331 4449.5698754284531 2637.6460930961184 294.54766793549061 2475.8936270009726 12108.703200379387 59149.881628897041 579.70890507660806 417.99182795733213
leaf_count=203886 70517 422614 40194 4113 58728 3422 76637 42066 1766 23955 284417 865129 7407 5129
internal_value=-2.03001e-05 0.000264832 -0.0023462 -0.00796844 -0.000253796 0.0166282 0.0059261 -0.0078741 0.0322591 -0.0124104 0.000883545 0.00183289 -0.0139005 -0.000241856
internal_weight=126137 120664 23115.3 6269.44 16845.9 1218.23 9302.08 7543.78 754.598 4906.13 97548.7 71258.6 5051.21 997.701
internal_count=2109980 1906094 333934 62031 271903 9301 147154 124749 5188 82683 1572160 1149546 52730 12536
is_linear=0
shrinkage=0.03


Tree=146
num_leaves=15
num_cat=0
split_feature=12 0 0 7 0 6 12 0 0 0 0 12 6 12
split_gain=248.908 332.408 249.321 271.193 244.252 197.973 239.387 159.06 157.223 157.484 144.523 1274.31 478.348 493.934
threshold=1.0000000180025095e-35 535.44335937500011 862.84179687500011 358.32005310058599 61.859375000000007 58.500000000000007 1.5000000000000002 1219.4902343750002 498.26757812500006 654.35937500000011 752.83007812500011 1.5000000000000002 2.5000000000000004 3.5000000000000004
decision_type=2 2 2 2 2 2 2 2 2 2 2 2 2 2
left_child=1 -1 3 -3 -2 7 -7 10 -8 -10 -6 -12 -13 -14
right_child=4 2 -4 -5 5 6 8 -9 9 -11 11 12 13 -15
leaf_value=-0.028741648938030565 -0.023995579282862698 -0.00092088328140341332 -0.022686986683755069 0.049849848568360978 -0.00024663742384298899 0.051715835925938904 -0.0030247539054809648 -0.010123067692750273 -0.022107571730745679 0.0056429868303104818 -0.022311233148800867 0.0021146603458976447 -0.0052321152548768218 0.022130940192738924
leaf_weight=601.11275835521519 375.14392079226673 1471.8592783780769 463.64217667421326 101.19827237166464 74524.068494832143 61.145190048962831 1977.3708601603284 1268.0218154583126 965.24439275311306 227.41260530147702 1870.3759468644857 39242.295570448041 819.48126445710659 2155.1284218132496
leaf_count=45417 40960 72709 28701 2140 1304313 429 138218 23762 71538 14128 35890 303225 6682 21868
internal_value=-2.01269e-05 -0.00913875 -0.00335314 0.00234531 0.000174659 0.00024831 -0.00707941 0.000445818 -0.00821349 -0.0168162 0.000558806 0.00192031 0.00299386 0.0145926
internal_weight=126124 2637.81 2036.7 1573.06 123486 123111 3231.17 119879 3170.03 1192.66 118611 44087.3 42216.9 2974.61
internal_count=2109980 148967 103550 74849 1961013 1920053 224313 1695740 223884 85666 1671978 367665 331775 28550
is_linear=0
shrinkage=0.03


Tree=147
num_leaves=15
num_cat=0
split_feature=9 7 11 0 0 0 0 3 10 0 10 1 3 0
split_gain=238.268 190.326 219.915 220.037 211.572 413.673 305.68 278.587 255.829 215.066 227.192 212.865 199.126 191.976
threshold=0.22337984293699267 130.90686035156253 3.5000000000000004 831.09570312500011 693.53710937500011 550.36523437500011 1040.9238281250002 0.14342700690031054 -0.092771433293819414 294.25976562500006 0.36818085610866552 17.548924446105961 0.19340347498655322 913.97460937500011
decision_type=2 2 2 2 2 2 2 2 2 2 2 2 2 2
left_child=-1 2 4 -4 5 8 13 11 -2 10 -10 -7 -12 -6
right_child=1 -3 3 -5 6 7 -8 -9 9 -11 12 -13 -14 -15
leaf_value=-0.016696816071100712 0.012079481387084451 0.0016223124527425404 0.030981378195288695 -0.013344155012437874 0.00094900496925421013 -0.011978587972922412 -0.0078939126363604048 -0.0006330520422019926 -0.0081552651490300887 0.0003947304130991953 0.00032091914608923405 -0.0014394654546084483 0.034082785834527882 0.008396747463302285
leaf_weight=766.35655646305531 1428.292988170404 45809.219187316019 369.05430862400681 138.66326394956559 26674.91097614821 7232.6639120625332 3228.0531905051321 4858.2017922895029 5383.7443976858631 23545.420725931413 653.08055474516004 2264.9252183409408 207.07531585777178 3526.6963573219255
leaf_count=62755 39256 509796 5908 2637 277200 179716 48131 86701 239498 565926 14802 41686 3750 32218
internal_value=-1.99408e-05 8.20416e-05 -0.000805368 0.0188756 -0.000931848 -0.0022615 0.000880818 -0.00647633 -0.000323261 -0.000917929 -0.0058679 -0.00946528 0.00844881 0.00181869
internal_weight=126086 125320 79510.8 507.718 79003.1 45573.4 33429.7 14355.8 31217.6 29789.3 6243.9 9497.59 860.156 30201.6
internal_count=2109980 2047225 1537429 8545 1528884 1171335 357549 308103 863232 823976 258050 221402 18552 309418
is_linear=0
shrinkage=0.03


Tree=148
num_leaves=15
num_cat=0
split_feature=9 10 9 7 11 11 6 9 2 2 2 11 6 5
split_gain=229.326 272.195 181.885 167.762 203.17 158.36 235.146 136.994 126.741 125.158 112.036 101.737 100.032 148.559
threshold=0.40525792539119726 -0.078367158770561204 0.16052684932947162 147.09272003173831 3.5000000000000004 1.5000000000000002 2.5000000000000004 0.80911260843276989 0.039996689185500152 -0.78260952234268177 -0.84409263730049122 2.5000000000000004 33.500000000000007 73.39288711547853
decision_type=2 2 2 2 2 2 2 2 2 2 2 2 2 2
left_child=1 2 -1 4 10 -5 7 -7 -9 -4 -2 -8 -12 -14
right_child=3 -3 9 5 -6 6 11 8 -10 -11 12 -13 13 -15
leaf_value=-0.024079831665751093 0.001440961630066297 -0.01132777789463171 0.0097003115010507682 0.00060055952007873157 0.017567978498647024 0.0019049145984297397 0.011874199239921692 0.0046589778163136693 0.022869361811035382 -0.0017655190831642276 -0.00077764993107819712 0.031112271261506206 -0.0073311120861635102 0.0027074932599412752
leaf_weight=270.18856194848195 18823.246250729542 3425.1889565885067 1166.7416732087731 25065.860048627481 558.91048134397715 9481.3343638777733 1185.0714249126613 872.99709545727819 567.61919859889895 3225.6246866029687 54333.97448319057 312.67492066603154 4958.2602757960558 1811.505372107029
leaf_count=30804 292191 129780 23457 281247 9106 84235 10987 7266 4570 85593 810229 3949 276683 59883
internal_value=-1.96369e-05 -0.00490656 -0.000189432 0.000315395 -0.000456667 0.0019731 0.00474322 0.00321458 0.0118341 0.00128014 -0.000582709 0.0158904 -0.00120611 -0.00464491
internal_weight=126059 8087.74 4662.55 117971 80485.9 37485.6 12419.7 10922 1440.62 4392.37 79927 1497.75 61103.7 6769.77
internal_count=2109980 269634 139854 1840346 1448092 392254 111007 96071 11836 109050 1438986 14936 1146795 336566
is_linear=0
shrinkage=0.03


Tree=149
num_leaves=15
num_cat=0
split_feature=12 7 9 9 8 12 8 12 12 12 10 1 9 12
split_gain=241.188 226.439 211.77 165.255 181.531 218.457 166.722 196.527 359.538 205.056 185.108 160.284 154.75 154.46
threshold=1.0000000180025095e-35 201.47727966308597 0.22337984293699267 0.85491624474525463 4.5000000000000009 3.5000000000000004 6.5000000000000009 2.5000000000000004 3.5000000000000004 14.500000000000002 -0.046171706169843667 11.032989025115969 0.92389631271362316 5.5000000000000009
decision_type=2 2 2 2 2 2 2 2 2 2 2 2 2 2
left_child=1 -1 -2 6 -5 -6 13 10 -9 -10 -8 -3 -7 -4
right_child=2 11 3 4 5 12 7 8 9 -11 -12 -13 -14 -15
leaf_value=-0.014618920419300624 -0.016422405868616347 0.020837839226440162 -0.0014110153576169452 0.0094812627601667775 -0.017220004068779458 0.0031251068181805991 0.027803806295925531 -0.026633919549905915 0.0028062211426703862 -0.005755363743232998 0.0019051291483731712 -0.0071184643373972791 -0.016146028951866467 0.0011833055397698559
leaf_weight=1869.1255147084594 688.25533883739263 322.94189079664648 30736.901447260752 3289.880743149668 536.61041438579559 10060.401943865232 295.40513647533953 623.69324599392712 3539.2613105792552 8722.978234260343 1560.1941875685006 430.79081161739305 389.54341499693692 62964.850771067664
leaf_count=119826 56098 10066 287579 46003 5649 144134 2933 7817 32799 196145 14892 19075 5969 1160995
internal_value=-1.9231e-05 -0.00902136 0.000172096 0.000265164 0.00329929 0.00144812 -0.000134275 -0.00309992 -0.00441438 -0.00328423 0.00602811 0.0048596 0.00240674 0.000332293
internal_weight=126031 2622.86 123408 122720 14276.4 10986.6 108443 14741.5 12885.9 12262.2 1855.6 753.733 10449.9 93701.8
internal_count=2109980 148967 1961013 1904915 201755 155752 1703160 254586 236761 228944 17825 29141 150103 1448574
is_linear=0
shrinkage=0.03


Tree=150
num_leaves=15
num_cat=0
split_feature=12 7 6 12 1 2 12 11 12 12 12 12 12 12
split_gain=229.043 217.198 178.452 220.807 162.108 154.117 287.061 547.287 624.264 480.067 346.631 766.487 467.216 392.986
threshold=1.0000000180025095e-35 180.52028656005862 58.500000000000007 1.5000000000000002 21.171670913696293 -0.13475812226533887 3.5000000000000004 2.5000000000000004 4.5000000000000009 2.5000000000000004 14.500000000000002 13.500000000000002 4.5000000000000009 5.5000000000000009
decision_type=2 2 2 2 2 2 2 2 2 2 2 2 2 2
left_child=1 -1 5 -4 -3 -2 9 10 -9 -7 11 12 -8 -14
right_child=2 4 3 -5 -6 6 7 8 -10 -11 -12 -13 13 -15
leaf_value=-0.015055068891322477 0.0014350398726977708 0.0090301177044582633 0.048824810403070684 -0.0079461496578034328 -0.025291063171917635 -0.0013910837659788175 -0.009397248287346038 0.039958006520189153 0.00085951368086634454 -0.016754356558692052 -0.0023209659432035122 0.034613069001580642 0.01358250433689457 0.0014139564725983342
leaf_weight=1715.830588247627 59654.793435242958 735.22213543159887 62.897583704441786 3133.689919217024 148.95023337705061 6702.4336071414873 2879.9626982398331 656.47859406843781 835.00276863574982 2518.3217222634703 31041.549664324149 659.38249083980918 2964.1143709030002 12301.988598285243
leaf_count=112637 781198 28441 429 225684 7889 78288 26836 3539 4326 29847 685531 3103 23975 98257
internal_value=-1.8905e-05 -0.00883073 0.000166742 -0.0068291 0.00324827 0.000352767 -0.000713343 0.000162003 0.0180688 -0.00558702 -0.000373789 0.00284035 0.00168581 0.00377664
internal_weight=126011 2600 123411 3196.59 884.172 120214 60559.2 51338.5 1491.48 9220.76 49847 18805.4 18146.1 15266.1
internal_count=2109980 148967 1961013 226113 36330 1734900 953702 845567 7865 108135 837702 152171 149068 122232
is_linear=0
shrinkage=0.03


Tree=151
num_leaves=15
num_cat=0
split_feature=12 7 5 3 12 12 12 12 1 10 5 12 12 12
split_gain=217.465 209.217 181.7 165.965 500.639 1579.39 956.198 389.692 866.135 440.599 404.422 395.014 377.8 1502.19
threshold=1.0000000180025095e-35 242.93949127197268 479.56861877441412 -0.037400968372821801 9.5000000000000018 7.5000000000000009 6.5000000000000009 2.5000000000000004 22.945831298828129 0.12109070643782617 624.52273559570324 3.5000000000000004 14.500000000000002 13.500000000000002
decision_type=2 2 2 2 2 2 2 2 2 2 2 2 2 2
left_child=1 -1 -3 -2 5 6 7 9 10 -5 -9 -10 13 -6
right_child=3 2 -4 4 12 -7 -8 8 11 -11 -12 -13 -14 -15
leaf_value=-0.013004521524024626 -0.00069870369762747397 0.017312609025870659 -0.025222541564650213 0.011990476806453227 0.0033713604957478736 -0.023074639706254084 0.016691688792455237 -0.0056804432749634091 0.03175343375024741 -0.0036329031763509753 -0.024689560152470317 0.0037545007345185762 0.0029824881723832003 0.046968138259564231
leaf_weight=2045.1032748487778 76566.944265821483 417.41370804840699 115.36717258859426 3488.3068330371752 3196.8427900988609 2685.0410344488919 3116.7895460668951 9478.6775042749941 717.31939527764916 3040.6268994044513 1127.0591738391668 1233.0129976943135 17803.02712422004 914.87283804826438
leaf_count=130688 1341009 13008 5271 34975 28671 23476 20787 78781 4881 28652 8163 8061 379194 4363
internal_value=-1.86296e-05 -0.00864233 0.00810214 0.00016157 0.00156897 -0.00134267 0.00128556 -0.00123043 -0.00432165 0.00471442 -0.00770052 0.0140523 0.00487548 0.0130718
internal_weight=125946 2577.88 532.781 123369 46801.6 24886.8 22201.8 19085 12556.1 6528.93 10605.7 1950.33 21914.7 4111.72
internal_count=2109980 148967 18279 1961013 620004 207776 184300 163513 99886 63627 86944 12942 412228 33034
is_linear=0
shrinkage=0.03


Tree=152
num_leaves=15
num_cat=0
split_feature=0 12 0 0 3 12 12 12 11 0 11 0 12 12
split_gain=223.482 209.481 330.963 241.58 151.629 487.955 1510.81 892.576 780.257 574.704 468.87 452.196 1335.59 802.634
threshold=61.859375000000007 1.0000000180025095e-35 535.44335937500011 868.13085937500011 -0.037400968372821801 9.5000000000000018 7.5000000000000009 6.5000000000000009 1.5000000000000002 530.67773437500011 2.5000000000000004 873.96679687500011 2.5000000000000004 2.5000000000000004
decision_type=2 2 2 2 2 2 2 2 2 2 2 2 2 2
left_child=-1 2 -2 -4 -3 6 7 11 -7 -8 -9 12 -6 -13
right_child=1 4 3 -5 5 8 9 10 -10 -11 -12 13 -14 -15
leaf_value=-0.0236818641551097 -0.028628378232593496 -0.00059893103022335727 0.0027005394171104565 -0.023029684443544609 0.0087836887402375011 0.004066208310847641 0.0046959861170264676 0.011614950634949424 0.046395357596923842 -0.029882121508141662 0.046255850783894575 -0.010657409816151462 -0.010110223897684928 0.017168696348276488
leaf_weight=358.17356389993802 568.83943158108741 76249.593568040058 1571.7980454843491 415.15236566867679 5127.2815992683172 21479.397819025908 545.01449378766119 2737.3320334944874 399.20726649090648 2097.3026484567672 403.48956133425236 1422.8032857906073 9809.1938944961876 2709.7421230748296
leaf_count=41040 45337 1312433 76061 27489 47772 398143 5322 19027 1713 18154 1760 15843 81120 18766
internal_value=-1.84486e-05 4.90667e-05 -0.00845182 -0.00267552 0.000225733 0.00157132 -0.001305 0.00124631 0.00483857 -0.0227499 0.0160651 -0.00119447 -0.00362446 0.00758838
internal_weight=125894 125536 2555.79 1986.95 122980 46730.8 24852.2 22209.8 21878.6 2642.32 3140.82 19069 14936.5 4132.55
internal_count=2109980 2068940 148887 103550 1920053 607620 207764 184288 399856 23476 20787 163501 128892 34609
is_linear=0
shrinkage=0.03


Tree=153
num_leaves=15
num_cat=0
split_feature=9 10 9 7 11 11 6 3 11 2 2 3 11 7
split_gain=211.54 299.092 181.113 152.328 205.871 156.061 172.628 135.8 182.905 148.153 118.359 117.818 115.432 265.619
threshold=0.44734695553779608 -0.046171706169843667 0.22337984293699267 171.17118835449222 3.5000000000000004 1.5000000000000002 2.5000000000000004 -0.24881964176893231 1.0000000180025095e-35 -0.080734517425298677 -0.75971361994743336 0.76752087473869335 2.5000000000000004 358.32005310058599
decision_type=2 2 2 2 2 2 2 2 2 2 2 2 2 2
left_child=1 2 -1 4 7 -5 12 8 9 -2 -4 -9 13 -7
right_child=3 -3 10 5 -6 6 -8 11 -10 -11 -12 -13 -14 -15
leaf_value=-0.016065816259080615 -0.00016697658754894973 -0.010161622954422304 0.0071937656165991229 0.00069576974396986146 0.016758427597253902 0.0049678393034127306 0.017417032264897991 0.0018090110426033815 0.00055990056995929547 -0.0050099564571987462 -0.0013695231436711439 -0.0021342177709003738 -0.00021592284819312406 0.031028678436024526
leaf_weight=604.95616965787485 8935.1166649446823 4282.8526858310215 2015.9581327061169 18771.073618120514 635.71001638285816 4821.2444716300815 967.14859630074352 30270.547143586911 21101.622541400138 15628.69636581745 5198.7226808741689 8802.5298025715165 3435.2670690054074 379.70660938695073
leaf_count=53853 253171 141928 37740 199510 10248 37776 9310 456358 218260 407329 126471 121234 33520 3272
internal_value=-1.8358e-05 -0.00378908 -0.000298806 0.000382835 -0.00025007 0.00228714 0.0053977 -0.000377668 -0.00148857 -0.00324832 0.00102327 0.000920666 0.00405168 0.00687047
internal_weight=125851 12102.5 7819.64 113749 85374.2 28374.4 9603.37 84738.5 45665.4 24563.8 7214.68 39073.1 8636.22 5200.95
internal_count=2109980 359992 218064 1749988 1466600 283388 83878 1456352 878760 660500 164211 577592 74568 41048
is_linear=0
shrinkage=0.03


Tree=154
num_leaves=15
num_cat=0
split_feature=12 6 12 5 2 12 12 12 12 1 12 6 5 1
split_gain=198.408 166.225 178.622 146.38 136.03 271.839 501.002 667.246 455.496 342.825 476.309 450.524 273.732 501.606
threshold=1.0000000180025095e-35 61.500000000000007 1.5000000000000002 122.4913673400879 -0.14801489561796186 3.5000000000000004 14.500000000000002 13.500000000000002 2.5000000000000004 16.064110755920414 1.5000000000000002 1.0000000180025095e-35 420.05364990234381 16.4814567565918
decision_type=2 2 2 2 2 2 2 2 2 2 2 2 2 2
left_child=3 4 -3 -1 -2 8 7 12 9 -6 11 -11 -7 -14
right_child=1 2 -4 -5 5 6 -8 -9 -10 10 -12 -13 13 -15
leaf_value=-0.022707374694903488 0.0013412358258977281 0.047357071180338696 -0.0081602467774358218 -0.00471319633398654 0.0037168618908575168 0.0050827538306361733 -0.002214599737144158 0.033498889809813165 -0.016354762434545617 -0.025314169007035751 -0.022474777790497891 0.016452471651175839 -0.0080979730690540382 0.011904300750279274
leaf_weight=508.77380708232522 59482.31314389687 53.174801751971245 2727.572920571547 2031.4915306116454 4318.976057975553 14077.524651218206 31292.187921572477 659.88239336386323 2498.3382219523191 329.97462855372578 1329.0715113217011 786.32297963183373 4179.2376476116478 1545.6738944295794
leaf_count=38349 785350 348 201658 110618 47054 118728 702958 3149 30083 7956 15751 8136 29872 9970
internal_value=-1.80073e-05 0.000153001 -0.00709862 -0.00831714 0.000320346 -0.000674864 0.000172257 0.00382238 -0.00540808 -0.00136504 -0.0103406 0.00410636 0.00283346 -0.00269754
internal_weight=125821 123280 2780.75 2540.27 120500 61017.2 51754.5 20462.3 9262.68 6764.35 2445.37 1116.3 19802.4 5724.91
internal_count=2109980 1961013 202006 148967 1759007 973657 864677 161719 108980 78897 31843 16092 158570 39842
is_linear=0
shrinkage=0.03


Tree=155
num_leaves=15
num_cat=0
split_feature=9 1 12 12 2 12 12 1 1 8 3 10 8 10
split_gain=202.488 175.359 201.409 388.72 204.442 172.65 287.245 897.106 850.247 793.43 489.523 454.692 303.937 363.219
threshold=0.35151721537113195 19.396832466125492 2.5000000000000004 1.5000000000000002 -0.65920469164848317 3.5000000000000004 2.5000000000000004 22.736704826354984 15.987113952636721 4.5000000000000009 -0.12275395914912222 0.12109070643782617 4.5000000000000009 0.23408189415931704
decision_type=2 2 2 2 2 2 2 2 2 2 2 2 2 2
left_child=1 2 3 -1 -5 6 8 -8 11 10 -9 -2 -10 -14
right_child=5 -3 -4 4 -6 -7 7 9 12 -11 -12 -13 13 -15
leaf_value=-0.0095823284219362821 0.010005046662644804 -0.021524063707473215 -0.0080828130684405201 0.052425475154786953 0.011429739770213157 0.00076256530944568857 -0.01332596841276542 -0.0017318892797309211 -0.014606730364765005 -0.028822221195237308 0.043621841003173165 -0.0023493940507113746 0.0077494331601871691 -0.016720780954441593
leaf_weight=539.26666215900332 6430.7545824479312 592.52309006638825 2809.5389626431279 184.48424357175827 269.28428137674928 98086.434786695521 4973.9581871889532 323.81701178848743 3643.3344881637022 284.20670498907566 632.63425021246076 4598.1665027230047 1553.6711290697567 841.67420562682673
leaf_count=18404 93196 23357 131922 1673 3609 1590946 53406 2689 60842 3078 3598 81700 24262 17298
internal_value=-1.77713e-05 -0.00634352 -0.00397806 0.00763527 0.028097 0.000211302 -0.00211114 -0.00763336 -0.000100394 0.015189 0.0282668 0.00485425 -0.00914945 -0.000848888
internal_weight=125764 4395.1 3802.57 993.035 453.769 121369 23282.2 6214.62 17067.6 1240.66 956.451 11028.9 6038.68 2395.35
internal_count=2109980 178965 155608 23686 5282 1931015 340069 62771 277298 9365 6287 174896 102402 41560
is_linear=0
shrinkage=0.03


Tree=156
num_leaves=15
num_cat=0
split_feature=0 12 0 0 7 0 2 7 3 12 12 12 12 12
split_gain=211.232 188.466 325.665 233.659 228.642 183.251 216.324 163.492 136.607 177.366 224.573 487.118 217.745 151.512
threshold=61.859375000000007 1.0000000180025095e-35 535.44335937500011 857.10546875000011 175.79376220703128 616.81054687500011 0.65262129902839672 48.493501663208015 -0.037400968372821801 6.5000000000000009 7.5000000000000009 9.5000000000000018 10.500000000000002 5.5000000000000009
decision_type=2 2 2 2 2 2 2 2 2 2 2 2 2 2
left_child=-1 2 -2 4 -4 -6 -7 8 -3 13 -11 -12 -13 -10
right_child=1 7 3 -5 5 6 -8 -9 9 10 11 12 -14 -15
leaf_value=-0.023432566968620391 -0.028545084910044215 -0.0033434479639723918 -0.0060105179218877614 -0.021216468410274532 -0.028530062210747949 0.03451436391914129 -0.011584125370722606 0.0008176444529809136 -0.0014660133925725304 0.019620272626788067 -0.025901413981553861 0.030095859178631269 0.003108901881783175 -0.017127597293429504
leaf_weight=345.79787363577634 547.6044784206897 18180.830120989587 924.04227088438347 455.70012620138004 67.607349567115307 400.77132545690984 118.76659641321748 94159.491980751045 2912.3590199192986 719.36933159269392 519.28220476582646 283.13212812691927 5421.9060421637259 687.08095395751297
leaf_count=41040 45337 478872 54198 29971 3052 12226 4103 1249389 28605 5003 5239 2290 145174 5481
internal_value=-1.76778e-05 4.68912e-05 -0.00808355 -0.00238682 0.00329128 0.0179303 0.0239762 0.00021326 -0.00176796 0.000948841 0.00375036 0.00191621 0.00444822 -0.00445558
internal_weight=125744 125398 2514.49 1966.89 1511.19 587.145 519.538 122883 28724 10543.1 6943.69 6224.32 5705.04 3599.44
internal_count=2109980 2068940 148887 103550 73579 19381 16329 1920053 670664 191792 157706 152703 147464 34086
is_linear=0
shrinkage=0.03


Tree=157
num_leaves=15
num_cat=0
split_feature=0 9 0 5 11 0 6 10 0 11 0 11 9 5
split_gain=204.043 172.775 202.998 232.489 294.621 202.868 284.357 175.071 164.764 298.689 159.427 171.286 149.666 148.164
threshold=48.958984375000007 0.53168705105781566 808.33984375000011 448.24780273437506 2.5000000000000004 968.75000000000011 15.500000000000002 -0.019439334981143471 489.65820312500006 1.0000000180025095e-35 766.55859375000011 3.5000000000000004 0.83271777629852306 347.21105957031256
decision_type=2 2 2 2 2 2 2 2 2 2 2 2 2 2
left_child=-1 5 3 4 -3 6 -2 -4 9 -8 11 -6 -9 -14
right_child=1 2 7 -5 10 -7 8 12 -10 -11 -12 -13 13 -15
leaf_value=-0.029145411714338418 0.00093434298711585 -5.1121003636282919e-05 -0.0085600121730573485 -0.0052043288488901503 0.0094709092778763829 -0.0093167229655625235 -0.0075069108181149086 0.0027640945517079874 -0.013820541747483468 0.014924179048852876 -0.0033882934386292723 0.030378852209713581 0.020400117893169086 0.0037735217893425234
leaf_weight=216.07063371362165 15037.974417703692 66703.72844347544 1140.183479285799 7518.4327544886619 1726.443859432824 3189.5672878487967 2653.413523377385 21816.14546084078 2040.8542811200023 668.96927528176457 631.25333733763546 443.17088886816055 896.91070404462516 1043.6586673660204
leaf_count=32410 218517 1200890 10118 71712 19394 55949 177028 183695 101352 11032 6083 6238 6691 8871
internal_value=-1.74183e-05 3.27265e-05 0.000568231 -0.000192971 0.000349116 -0.00228083 -0.00118082 0.00292315 -0.00711153 -0.00299036 0.00988092 0.0137416 0.00347427 0.0114582
internal_weight=125727 125511 101920 77023 69504.6 23590.8 20401.2 24896.9 5363.24 3322.38 2800.87 2169.61 23756.7 1940.57
internal_count=2109980 2077570 1513692 1304317 1232605 563878 507929 209375 289412 188060 31715 25632 199257 15562
is_linear=0
shrinkage=0.03


Tree=158
num_leaves=15
num_cat=0
split_feature=0 12 0 0 7 1 9 0 12 0 12 12 12 7
split_gain=197.734 180.903 318.724 224.39 207.849 182.454 159.405 243.2 645.549 298.453 726.994 538.716 594.436 792.295
threshold=48.958984375000007 1.0000000180025095e-35 535.44335937500011 868.13085937500011 175.79376220703128 10.907106399536135 0.83271777629852306 294.25976562500006 1.5000000000000002 518.70312500000011 1.5000000000000002 1.5000000000000002 4.5000000000000009 284.69360351562506
decision_type=2 2 2 2 2 2 2 2 2 2 2 2 2 2
left_child=-1 2 -2 4 -4 -6 7 8 -3 11 -11 -9 -13 -14
right_child=1 6 3 -5 5 -7 -8 9 -10 10 -12 12 13 -15
leaf_value=-0.029105802577952252 -0.028490730788272703 0.028415535031536335 -0.0061016561258517739 -0.022605424996093307 0.034248828312589338 0.0015271644852298987 0.002569410265918524 0.017209715775251207 -0.0087543936205877124 -0.014698966124291338 -0.00020495739394284245 -0.010535054592932124 0.002651056900802556 0.041339766554935695
leaf_weight=209.9658639007248 534.83007711917162 453.59021770209074 950.84065738553181 394.22119717346504 278.44348056055605 341.41310500539839 21068.799667867832 2198.6752877607942 5768.0746347084641 3259.4825540482998 70048.554407611024 3090.9694312494248 16613.324250131845 490.45218622684479
leaf_count=32410 45409 2818 55933 27489 7569 12559 293296 15392 257234 55394 819756 33329 447772 3620
internal_value=-1.71192e-05 3.15505e-05 -0.00795807 -0.0023693 0.00270966 0.0162259 0.000193936 -0.000297105 -0.00604452 7.65411e-05 -0.000849402 0.00310775 0.00157241 0.00376046
internal_weight=125702 125492 2499.75 1964.92 1570.7 619.857 122992 101923 6221.66 95701.5 73308 22393.4 20194.7 17103.8
internal_count=2109980 2077570 148959 103550 76061 20128 1928611 1635315 260052 1375263 875150 500113 484721 451392
is_linear=0
shrinkage=0.03


Tree=159
num_leaves=15
num_cat=0
split_feature=0 7 3 0 0 0 0 6 6 8 5 0 0 3
split_gain=191.612 161.893 162.761 145.501 275.868 180.447 175.172 198.824 142.455 123.287 113.797 113.754 108.227 114.689
threshold=48.958984375000007 62.030387878417976 -0.037400968372821801 708.09960937500011 518.70312500000011 1015.0820312500001 242.06445312500003 3.5000000000000004 48.500000000000007 4.5000000000000009 168.4545593261719 416.06054687500006 1173.1386718750002 0.76752087473869335
decision_type=2 2 2 2 2 2 2 2 2 2 2 2 2 2
left_child=-1 2 3 4 6 10 7 -2 -6 -8 -5 -11 13 -3
right_child=1 12 -4 5 8 -7 9 -9 -10 11 -12 -13 -14 -15
leaf_value=-0.029065501255048851 0.017995884169957711 0.0012928208494234843 0.00096428639425894772 0.0078302208057842784 -0.0081642035409000974 -0.01257538256793264 -0.0034200589385209022 -0.013410376751990574 -0.022628926942211042 -0.0011382829304182418 -0.00053024831254994988 0.0089475299327743934 -0.006351205710398676 -0.0023714077535603021
leaf_weight=204.03873405326158 203.55979799991474 75532.885972038843 14533.058035818394 1934.3110496266745 5280.7722955602221 914.03622387303039 4201.4720439873636 1667.8322642087005 693.21038947859779 2004.2035987256095 6042.3331670779735 2021.6172362114303 1883.6609050007537 8558.8359495489858
leaf_count=32410 4660 1034750 267460 27900 110650 16960 195563 90510 55470 45250 60220 37017 27840 103320
internal_value=-1.70539e-05 3.01839e-05 -0.00155972 -0.00302913 -0.00473257 5.03663e-05 -0.00170965 -0.00999418 -0.00984266 0.000174766 0.00149714 0.00392644 0.000760572 0.000919877
internal_weight=125676 125472 39496.4 24963.3 16072.7 8890.68 10098.7 1871.39 5973.98 8227.29 7976.64 4025.82 85975.4 84091.7
internal_count=2109980 2077570 911660 644200 539120 105080 373000 95170 166120 277830 88120 82267 1165910 1138070
is_linear=0
shrinkage=0.03


Tree=160
num_leaves=15
num_cat=0
split_feature=12 6 12 2 1 12 12 12 12 12 10 6 3 12
split_gain=170.453 146.639 160.202 124.911 270.77 784.407 512.872 647.368 875.365 771.937 556.285 524.591 405.399 380.405
threshold=1.0000000180025095e-35 61.500000000000007 1.5000000000000002 -0.13475812226533887 18.264666557312015 2.5000000000000004 2.5000000000000004 6.5000000000000009 7.5000000000000009 9.5000000000000018 0.028155446983873848 3.5000000000000004 -0.576673924922943 1.5000000000000002
decision_type=2 2 2 2 2 2 2 2 2 2 2 2 2 2
left_child=-1 3 -3 4 6 -6 10 -8 11 12 13 -9 -10 -2
right_child=1 2 -4 -5 5 -7 7 8 9 -11 -12 -13 -14 -15
leaf_value=-0.0078007646964691714 0.0061934505414317957 0.043992189909937904 -0.0077665256720142401 -0.00066554946943479104 -0.010813915493139689 0.0079041875425488253 -0.0070012433982271204 0.0094801884096542555 0.0049664734444871067 0.0013266517615064266 0.0009504012213359355 0.038237369740286901 -0.021916650715441036 0.02947888718887999
leaf_weight=2481.8476766389795 1162.0710733672604 54.922444358468056 2681.1236473391764 60500.130883096252 2413.0608849599957 12212.48135043541 11952.531589029357 2692.7061017528176 662.75427258387208 20564.954411657527 4053.54546036385 724.53153565526009 2119.0102769974619 1382.7563345357776
leaf_count=148967 12541 348 201658 966966 26202 131625 97022 15847 5857 431833 34714 6463 19299 10638
internal_value=-1.67487e-05 0.000140089 -0.00672754 0.000296101 0.00126673 0.0048159 0.000121225 -0.00119635 0.00139606 -0.000679647 0.00785221 0.0155774 -0.0155118 0.0188458
internal_weight=125658 123177 2736.05 120441 59940.4 14625.5 45314.9 38716.5 26764 23346.7 6598.37 3417.24 2781.76 2544.83
internal_count=2109980 1961013 202006 1759007 792041 157827 634214 576321 479299 456989 57893 22310 25156 23179
is_linear=0
shrinkage=0.03


Tree=161
num_leaves=15
num_cat=0
split_feature=0 12 0 0 7 9 0 12 0 12 0 12 12 11
split_gain=185.64 163.515 313.897 217.232 196.777 149.221 209.635 570.956 275.009 733.475 504.941 482.74 602.506 1140.5
threshold=48.958984375000007 1.0000000180025095e-35 535.44335937500011 868.13085937500011 358.32005310058599 0.85682016611099254 294.25976562500006 1.5000000000000002 518.70312500000011 1.5000000000000002 769.98632812500011 1.5000000000000002 6.5000000000000009 1.5000000000000002
decision_type=2 2 2 2 2 2 2 2 2 2 2 2 2 2
left_child=-1 2 -2 4 -4 6 7 -3 11 10 -10 -8 13 -13
right_child=1 5 3 -5 -6 -7 8 -9 9 -11 -12 12 -14 -15
leaf_value=-0.02902420194023651 -0.028410094641405155 0.026262253325132563 -0.0001280542149897156 -0.02235739964829727 0.04084606792922061 0.0031272233217174549 0.016121435233455137 -0.0076651516895367543 -0.002990078851902746 -0.00010731022786111568 -0.026509909288434483 -0.01841639169351484 0.004544876947743747 0.0083924842568815633
leaf_weight=198.24728099722415 516.7000398770906 480.19815177470446 1449.9423366864212 382.95244168071076 113.76346965599805 13754.681262593716 2266.2395779937506 6346.4160407446325 1666.0422250749543 74776.055935265031 1620.640266539529 3271.6797523740679 16253.664352979511 2534.593085296452
leaf_count=32410 45409 2931 73904 27489 2157 192721 15667 273483 22993 873937 33291 38449 456017 19122
internal_value=-1.67098e-05 2.91364e-05 -0.00762382 -0.00210653 0.00285291 0.000182442 -0.000188426 -0.00527863 0.000150955 -0.000716973 -0.0145875 0.00293613 0.0015816 -0.0067136
internal_weight=125632 125434 2463.36 1946.66 1563.71 122970 109216 6826.61 102389 78062.7 3286.68 24326.2 22059.9 5806.27
internal_count=2109980 2077570 148959 103550 76061 1928611 1735890 276414 1459476 930221 56284 529255 513588 57571
is_linear=0
shrinkage=0.03


Tree=162
num_leaves=15
num_cat=0
split_feature=0 9 0 5 0 6 9 0 0 3 8 8 5 3
split_gain=179.882 156.661 198.39 231.1 185.889 265.007 164.962 156.429 207.897 128.193 121.551 132.282 116.319 106.977
threshold=48.958984375000007 0.53168705105781566 812.70703125000011 463.79670715332037 968.75000000000011 15.500000000000002 0.83271777629852306 489.65820312500006 281.94335937500006 0.34647959470748907 4.5000000000000009 6.5000000000000009 325.53985595703131 0.045093994587659843
decision_type=2 2 2 2 2 2 2 2 2 2 2 2 2 2
left_child=-1 4 3 -3 5 -2 13 8 -7 -9 -5 -12 -8 -4
right_child=1 2 6 10 -6 7 12 9 -10 -11 11 -13 -14 -15
leaf_value=-0.028982422077227059 0.00090364294344470394 0.00031186611749641353 0.00066453505308073561 -0.0023415946250919637 -0.0089649382954575686 -0.016167825085044416 0.020433089099461035 -0.016673346974977545 0.0013848582492177704 0.004639610517897335 -0.018149812440022749 -0.0045461518742162289 0.0051311174351799443 0.0050146571556355024
leaf_weight=192.66137753194198 15032.596363676712 70892.526671034284 14387.541680087801 4330.2013875031844 3148.0050709634088 802.21688874578103 771.10023025143892 1707.2006656052545 2499.4593661609106 298.38405502028763 1149.6524626389146 1460.7305404962972 1064.0252265725285 7871.3075146717019
leaf_count=32410 218517 1245204 122452 36814 55949 60244 5640 89447 127816 11905 12149 17005 8839 65589
internal_value=-1.67122e-05 2.77847e-05 0.000536769 -0.000199623 -0.00218098 -0.00113103 0.00291561 -0.00689415 -0.00287996 -0.0135025 -0.00542408 -0.0105374 0.0115608 0.00220285
internal_weight=125608 125415 101927 77833.1 23487.9 20339.9 24094 5307.26 3301.68 2005.58 6940.58 2610.38 1835.13 22258.8
internal_count=2109980 2077570 1513692 1311172 563878 507929 202520 289412 188060 101352 65968 29154 14479 188041
is_linear=0
shrinkage=0.03


Tree=163
num_leaves=15
num_cat=0
split_feature=7 3 8 5 2 8 11 10 8 3 5 3 11 11
split_gain=145.856 112.002 126.524 105.553 116.333 122.758 115.058 144.018 119.512 113.043 110.122 165.835 113.781 127.619
threshold=48.493501663208015 0.14342700690031054 2.5000000000000004 1167.5230712890627 -0.31075993180274958 7.5000000000000009 1.5000000000000002 -0.05718878656625747 5.5000000000000009 0.7951304316520692 226.29542541503909 0.76752087473869335 2.5000000000000004 3.5000000000000004
decision_type=2 2 2 2 2 2 2 2 2 2 2 2 2 2
left_child=1 2 -1 4 -2 6 8 -8 9 -6 11 12 -9 -14
right_child=3 -3 -4 -5 5 -7 7 10 -10 -11 -12 -13 13 -15
leaf_value=-0.0078812348855513276 0.0017866098848087599 0.0009214082533814254 -0.0019318112078846757 -0.010015411133189355 0.00077677598813144283 0.019706698003829695 -0.0053175198321615382 0.0063294184112668911 -0.0033509895175038371 -0.0054460616886930404 0.0013005551941079841 -0.014830630378642972 0.028198926285373474 0.0048952333883387602
leaf_weight=4019.1464797426015 43364.815331449267 8904.455327689182 16121.468598795589 844.48103945422918 22521.661171116633 274.17565441504121 1938.6975554022938 2360.2435095887631 14626.700878161937 2974.2783751951065 6487.0678710495122 266.97767033334821 532.90340284164995 350.67475831788033
leaf_count=275777 564020 163420 268593 7240 396157 3844 28653 23232 264705 40570 61356 2747 6261 3405
internal_value=-1.64037e-05 -0.00188035 -0.00311904 0.000544368 0.000637552 -0.000314588 -0.000420032 0.00216571 -0.0011893 5.08388e-05 0.0036168 0.00789662 0.00976715 0.0189501
internal_weight=125588 29045.1 20140.6 96542.7 95698.2 52333.4 52059.2 11936.6 40122.6 25495.9 9997.87 3510.8 3243.82 883.578
internal_count=2109980 707790 544370 1402190 1394950 830930 827086 125654 701432 436727 97001 35645 32898 9666
is_linear=0
shrinkage=0.03


Tree=164
num_leaves=15
num_cat=0
split_feature=0 12 0 0 7 0 2 11 0 9 0 12 0 12
split_gain=174.176 156.945 305.879 208.611 193.357 185.011 190.077 177.56 393.579 139.686 208.855 562.542 261.471 661.369
threshold=48.958984375000007 1.0000000180025095e-35 535.44335937500011 857.10546875000011 151.96003723144534 610.64257812500011 0.65262129902839672 1.5000000000000002 693.53710937500011 0.83271777629852306 294.25976562500006 1.5000000000000002 518.70312500000011 1.5000000000000002
decision_type=2 2 2 2 2 2 2 2 2 2 2 2 2 2
left_child=-1 2 -2 4 -4 -6 7 -7 -9 10 11 -3 -12 -14
right_child=1 9 3 -5 5 6 -8 8 -10 -11 12 -13 13 -15
leaf_value=-0.028938777308387988 -0.028346348676697615 0.025972940049524714 -0.0068284745008217107 -0.020592250709691267 -0.029152130247177541 -0.013637840262689964 -0.010895573243781624 0.10248809799962195 0.023557588737016071 0.0023956490085170214 0.0028884091717783205 -0.0082744988447914659 -0.014193628703406144 -0.00020214183631854176
leaf_weight=187.11384364916012 503.02381965145469 467.36612487211823 814.78611473646015 428.28689070977271 77.252499720081687 74.763714802917093 138.89459559973329 68.129383431281894 343.64105898048729 21145.209793419577 22493.677898779977 5650.0763483871706 3178.6752118431032 69995.419893539976
leaf_count=32410 45409 2818 49114 29971 3726 3199 5187 2256 10097 293296 500113 257234 55394 819756
internal_value=-1.60494e-05 2.71144e-05 -0.00749323 -0.0021022 0.0031164 0.0146479 0.020058 0.0288946 0.036617 0.00017692 -0.000284007 -0.00565803 5.96335e-05 -0.000809931
internal_weight=125566 125379 2448.78 1945.75 1517.47 702.681 625.429 486.534 411.77 122930 101785 6117.44 95667.8 73174.1
internal_count=2109980 2077570 148959 103550 73579 24465 20739 15552 12353 1928611 1635315 260052 1375263 875150
is_linear=0
shrinkage=0.03


Tree=165
num_leaves=15
num_cat=0
split_feature=0 9 1 0 4 1 0 0 0 11 3 9 0 11
split_gain=168.766 141.541 308.355 274.189 290.427 222.707 361.427 289.256 287.055 351.625 221.322 147.02 144.427 142.91
threshold=48.958984375000007 0.53168705105781566 13.59487819671631 1015.0820312500001 1.0000000180025095e-35 9.3325610160827654 873.96679687500011 552.99609375000011 968.75000000000011 1.5000000000000002 0.7951304316520692 0.7098783850669862 696.31445312500011 2.5000000000000004
decision_type=2 2 2 2 2 2 2 2 2 2 2 2 2 2
left_child=-1 2 3 4 13 6 7 -3 9 -8 -7 -11 -9 -2
right_child=1 5 -4 -5 -6 10 8 12 -10 11 -12 -13 -14 -15
leaf_value=-0.028895384204476984 0.006458108056320115 0.0010041206437737542 -0.0065303302789539268 -0.013326017598610835 -0.0045647681257302009 0.0018301892779651031 0.0020507420988826234 -0.010670929143495551 -0.008585652334093417 0.014531353813403092 -0.0038503555885802646 0.035089031015071596 -0.0040160739775268054 -0.0039150483387423596
leaf_weight=181.85240289964713 7691.660443238914 8195.869630899746 8759.9216722887941 1173.0516065759584 4366.4432126018219 69390.782848461065 1846.9869745951146 4310.7278180439025 909.27450363663957 832.55268712434918 6775.6319196484983 501.79608000721782 9196.9013998955488 1415.2579267821275
leaf_count=32410 95517 187536 223961 22762 204249 1040633 14510 76332 10122 7742 86560 4381 85876 17389
internal_value=-1.59298e-05 2.59616e-05 -0.00207791 0.000585049 0.00179621 0.000508933 -0.00190038 -0.00344208 0.00627941 0.0105281 0.00132486 0.0222623 -0.00613986 0.00484607
internal_weight=125549 125367 23406.3 14646.4 13473.4 101961 25794.1 21703.5 4090.61 3181.34 76166.4 1334.35 13507.6 9106.92
internal_count=2109980 2077570 563878 339917 317155 1513692 386499 349744 36755 26633 1127193 12123 162208 112906
is_linear=0
shrinkage=0.03


Tree=166
num_leaves=15
num_cat=0
split_feature=0 7 0 6 0 10 0 0 4 0 2 6 1 1
split_gain=163.519 145.075 188.802 388.782 386.382 210.517 196.993 245.137 181.333 163.312 296.755 215.808 174.826 162.332
threshold=48.958984375000007 130.90686035156253 693.53710937500011 2.5000000000000004 550.36523437500011 -0.092771433293819414 1040.9238281250002 913.97460937500011 337.50000000000006 294.25976562500006 0.41046576201915747 23.500000000000004 26.395590782165531 10.907106399536135
decision_type=2 2 2 2 2 2 2 2 2 2 2 2 2 2
left_child=-1 2 4 6 5 -2 7 -4 13 10 -7 -12 -13 -6
right_child=1 -3 3 -5 8 9 -8 -9 -10 -11 11 12 -14 -15
leaf_value=-0.028851146054821215 0.010635557113168791 0.0013666969206048061 -0.00079308740687548745 0.0081767479308938879 -0.0096633989494868712 -0.0098513065525366542 -0.0075312978245897447 0.0077675660222458406 -0.020182994465912804 0.00041572787135547103 0.011802447598695068 -0.012333830465416772 0.042054098625726219 -0.0028224313428739209
leaf_weight=176.74440170568414 1550.3141601961106 45944.69051012164 21399.581675933674 5592.7982576671056 4870.7968959049322 4005.169128197711 3167.9784035021439 3503.3506657322869 776.75770665286109 23807.013673462905 1270.5723948567174 716.25398145616055 57.458820085041225 8694.3286304101348
leaf_count=32410 46488 511490 206360 80640 100390 177120 49230 32790 55270 575169 35553 42343 2407 162320
internal_value=-1.57041e-05 2.49518e-05 -0.000751326 0.000953926 -0.00200612 -0.000143038 -0.000485136 0.000411227 -0.00608601 -0.000702723 -0.00510427 0.00419613 -0.00829478 -0.0052788
internal_weight=125534 125357 79412.4 33663.7 45748.7 31406.8 28070.9 24902.9 14341.9 29856.5 6049.45 2044.29 773.713 13565.1
internal_count=2109980 2077570 1566080 369020 1197060 879080 288380 239150 317980 832592 257423 80303 44750 262710
is_linear=0
shrinkage=0.03


Tree=167
num_leaves=15
num_cat=0
split_feature=0 12 0 0 7 1 9 0 0 12 12 12 0 12
split_gain=158.43 150.134 298.8 202.419 174.803 160.717 132.269 180.919 176.494 489.746 261.614 313.291 235.029 679.748
threshold=48.958984375000007 1.0000000180025095e-35 535.44335937500011 868.13085937500011 175.79376220703128 9.4613656997680682 0.86072671413421642 685.42578125000011 294.25976562500006 1.5000000000000002 8.5000000000000018 12.500000000000002 518.70312500000011 1.5000000000000002
decision_type=2 2 2 2 2 2 2 2 2 2 2 2 2 2
left_child=-1 2 -2 4 -4 -6 8 -8 9 -3 -11 -12 -10 -14
right_child=1 6 3 -5 5 -7 7 -9 12 10 11 -13 13 -15
leaf_value=-0.028806031662696917 -0.028283999795858633 0.023847272916026171 -0.0056538920241967034 -0.022050394523023424 0.035501088988270355 0.003826016544275179 0.00082011219219059722 0.0087854449862083753 0.0026950188667303272 -0.029301111024481151 0.044510248056119445 -0.0063668279594178935 -0.014148322276541784 -8.0392690860984684e-05
leaf_weight=171.78542202245444 490.25323158036917 496.93476825207472 934.06290699495003 369.68632941413671 219.59038693830371 419.74202713696286 9057.6924829231575 3580.9949686368927 24752.60693609016 443.48975285887718 111.02043998427689 5784.0514859841205 3223.2631575772539 75459.783407668583
leaf_count=32410 45409 2949 55933 27489 5752 14376 142698 34453 533771 7313 1881 266910 56423 882213
internal_value=-1.55134e-05 2.39447e-05 -0.00735513 -0.00207463 0.00261889 0.0147054 0.000170034 0.00307698 -0.000163145 -0.00483194 -0.00708035 -0.00540867 0.000145391 -0.000656688
internal_weight=125515 125343 2433.33 1943.08 1573.4 639.332 122910 12638.7 110271 6835.5 6338.56 5895.07 103436 78683
internal_count=2109980 2077570 148959 103550 76061 20128 1928611 177151 1751460 279053 276104 268791 1472407 938636
is_linear=0
shrinkage=0.03


Tree=168
num_leaves=15
num_cat=0
split_feature=9 12 12 12 12 1 12 2 12 3 3 12 12 12
split_gain=154.886 139.44 260.197 2140.69 462.393 359.075 426.813 525.111 390.901 356.909 344.792 434.324 1270.72 847.509
threshold=0.22337984293699267 4.5000000000000009 14.500000000000002 13.500000000000002 10.500000000000002 15.746350288391115 11.500000000000002 0.64463478326797496 12.500000000000002 -0.11061397939920424 -0.098165124654769884 9.5000000000000018 7.5000000000000009 6.5000000000000009
decision_type=2 2 2 2 2 2 2 2 2 2 2 2 2 2
left_child=-1 -2 3 4 10 8 -7 -8 -6 -4 -3 12 13 -12
right_child=1 2 9 -5 5 6 7 -9 -10 -11 11 -13 -14 -15
leaf_value=-0.014474848709980318 -0.0016508217182632334 0.0049602079066956252 -0.0024405065661819055 0.035069074803633485 -0.0073878559761630987 -0.015545819479968569 0.0026591513212933363 0.06062558072247811 -0.03195213473575173 0.0026390362891938967 -0.0042174475740200919 0.014739461963755099 -0.021263664126935356 0.014256268921076041
leaf_weight=663.20511257252656 31874.644831690006 18033.257053101435 35788.702009639237 1739.0991865992546 2241.6623222883791 461.88666250370443 411.25322513654828 213.75573293119669 787.99751044623554 19090.189484023489 6772.3290645964444 1373.8442623466253 2707.1402977202088 3335.9245526604354
leaf_count=62755 430809 133964 936008 8423 22209 4692 4050 1927 7883 392097 48411 10647 24467 21638
internal_value=-1.53779e-05 6.14423e-05 0.000648572 0.00255401 0.000997923 -0.00846995 0.00632282 0.0224839 -0.0137769 -0.000673535 0.00220748 -0.00129099 -0.00300949 0.00187925
internal_weight=125495 124832 92957 38078.1 36339.1 4116.56 1086.9 625.009 3029.66 54878.9 32222.5 14189.2 12815.4 10108.3
internal_count=2109980 2047225 1616416 288311 279888 40761 10669 5977 30092 1328105 239127 105163 94516 70049
is_linear=0
shrinkage=0.03


Tree=169
num_leaves=15
num_cat=0
split_feature=6 8 1 6 11 8 1 8 1 6 6 2 11 8
split_gain=131.625 133.517 315.007 219.63 342.726 173.425 199.967 186.829 182.007 185.849 179.388 156.925 227.576 220.348
threshold=46.500000000000007 5.5000000000000009 20.287787437438968 2.5000000000000004 3.5000000000000004 2.5000000000000004 18.701701164245609 4.5000000000000009 3.618039727210999 14.500000000000002 10.500000000000002 -0.29731735587120051 1.0000000180025095e-35 6.5000000000000009
decision_type=2 2 2 2 2 2 2 2 2 2 2 2 2 2
left_child=1 3 -3 -1 5 8 7 -7 -5 -10 -9 12 -4 -14
right_child=-2 2 11 4 -6 6 -8 10 9 -11 -12 -13 13 -15
leaf_value=-0.00012655789023751477 -0.0045300270244534114 -0.0027770823347960465 0.021218807800828236 -0.019519857025143042 0.045507516048989748 0.00453293094220821 -0.0020573581599093072 0.0056227806136949334 0.0074167387273361514 -0.0027826326756253822 0.021022833034324964 0.0011963382736067387 0.013719973138497571 -0.010849035945378241
leaf_weight=59912.68244960811 5554.4565199841745 28388.290043147281 1022.3944363407791 436.05090818926692 171.60426820116118 10233.74905167846 3130.5464903828688 1352.3927768296562 2343.924159092363 5120.3802340077236 1370.7540977359749 5043.3270985097624 711.13973520090804 610.62553880224004
leaf_count=592827 352880 469593 15544 30194 2463 120733 41620 16649 77606 264395 20958 90384 8192 5942
internal_value=-1.52941e-05 0.000193945 -0.00134105 0.000847141 0.00326181 0.00295959 0.00474715 0.00639121 -0.000680414 0.000420151 0.0133747 0.00417728 0.0105906 0.00236965
internal_weight=125402 119848 35775.8 84072.1 24159.4 23987.8 16087.4 12956.9 7900.36 7464.3 2723.15 7387.49 2344.16 1321.77
internal_count=2109980 1757100 589655 1167445 574618 572155 199960 158340 372195 342001 37607 120062 29678 14134
is_linear=0
shrinkage=0.03


Tree=170
num_leaves=15
num_cat=0
split_feature=0 12 0 0 7 2 0 11 0 12 12 0 6 12
split_gain=150.712 141.316 292.347 195.359 170.802 209.132 127.295 219.516 154.398 1071.27 432.914 691.093 417.668 429.014
threshold=48.958984375000007 1.0000000180025095e-35 535.44335937500011 900.09765625000011 270.86636352539068 0.32168045639991766 1219.4902343750002 1.5000000000000002 752.83007812500011 1.5000000000000002 1.5000000000000002 367.66406250000006 2.5000000000000004 3.5000000000000004
decision_type=2 2 2 2 2 2 2 2 2 2 2 2 2 2
left_child=-1 2 -2 4 -4 -6 8 -8 10 -10 11 -3 -11 -14
right_child=1 6 3 -5 5 -7 7 -9 9 12 -12 -13 13 -15
leaf_value=-0.028734592622062956 -0.028214313827713704 0.033372263258313183 -0.0029336366729564864 -0.026181455776673659 0.037125500927056472 -0.015214347982135199 -0.01688416764521947 0.012138827683551108 -0.021426487517971191 0.0017981832297903567 -0.0010933354753927681 0.0028823034489306098 -0.0052301059496133624 0.020191269968001579
leaf_weight=164.23598287464119 476.62971173459664 823.89123179391026 1351.1050758189522 260.02340370463207 226.8939429433085 98.54822150664404 914.36096892692149 315.46413123421371 1734.7366606965661 39266.63483143039 73162.95461495081 3560.2289722096175 817.61481163278222 2218.9875549213029
leaf_count=32410 45409 4989 75213 20950 4683 2704 20891 2871 35893 303225 1496163 35195 6685 22699
internal_value=-1.50787e-05 2.25868e-05 -0.00716684 -0.00198662 0.00176586 0.0212763 0.000163852 -0.00943944 0.000260989 0.00167962 -0.000544635 0.00861217 0.00262714 0.0133465
internal_weight=125392 125228 2413.2 1936.57 1676.55 325.442 122815 1229.83 121585 44038 77547.1 4384.12 42303.2 3036.6
internal_count=2109980 2077570 148959 103550 82600 7387 1928611 23762 1904849 368502 1536347 40184 332609 29384
is_linear=0
shrinkage=0.03


Tree=171
num_leaves=15
num_cat=0
split_feature=9 10 12 11 12 10 10 5 7 3 12 12 3 3
split_gain=146.117 230.336 167.093 261.873 246.371 694.415 473.927 360.999 306.586 225.395 135.928 1994.53 341.052 336.53
threshold=0.38308379054069525 -0.092771433293819414 3.5000000000000004 3.5000000000000004 2.5000000000000004 0.16000020503997806 0.15072802454233172 434.05041503906256 158.9755783081055 0.35948707163333898 14.500000000000002 13.500000000000002 0.57840690016746532 -0.11061397939920424
decision_type=2 2 2 2 2 2 2 2 2 2 2 2 2 2
left_child=1 -1 4 10 5 -2 -6 9 -9 -8 11 12 -4 -12
right_child=2 -3 3 -5 6 -7 7 8 -10 -11 13 -13 -14 -15
leaf_value=0.00073163393430098411 0.0048936468581164891 -0.010947350576674642 0.0019471448919432313 0.020879708851680237 -0.015888220518305483 -0.0077062290901076073 0.00014932438800118727 0.0021821764714910563 0.037677919500592322 -0.021512856075651281 -0.0021532925485594676 0.034686640564341585 -0.0049029151634999981 0.002864592452440922
leaf_weight=3374.5855979870539 9735.4326173192821 2765.1997847922612 33772.151884157211 578.61510593444109 2953.4478374682367 6609.1987742488272 1615.745936056599 529.10079609788954 373.66010127216578 590.20819201134145 34175.502372004557 1606.1104621700943 8112.8647858053446 18562.346901447978
leaf_count=111013 148022 117570 258203 2963 31559 118608 16661 4032 2531 6477 853114 7820 64342 367065
internal_value=-1.5015e-05 -0.00452828 0.000217427 0.000757773 -0.00211711 -0.000201303 -0.00728247 0.000893467 0.0168742 -0.00564644 0.000636782 0.00187839 0.000620331 -0.000387128
internal_weight=125354 6139.79 119214 96807.6 22406.8 16344.6 6062.16 3108.72 902.761 2205.95 96229 43491.1 41885 52737.8
internal_count=2109980 228583 1881397 1553507 327890 266630 61260 29701 6563 23138 1550544 330365 322545 1220179
is_linear=0
shrinkage=0.03


Tree=172
num_leaves=15
num_cat=0
split_feature=0 12 0 0 3 1 0 0 11 0 12 12 0 6
split_gain=145.744 132.482 285.936 189.119 174.25 159.845 128.063 120.333 209.507 144.234 1023.43 402.85 634.83 391.68
threshold=48.958984375000007 1.0000000180025095e-35 535.44335937500011 900.09765625000011 -0.51569074392318714 11.423842906951906 742.84570312500011 1219.4902343750002 1.5000000000000002 752.83007812500011 1.5000000000000002 1.5000000000000002 367.66406250000006 2.5000000000000004
decision_type=2 2 2 2 2 2 2 2 2 2 2 2 2 2
left_child=-1 2 -2 4 -4 6 -6 9 -9 11 -11 12 -3 -12
right_child=1 7 3 -5 5 -7 -8 8 -10 10 13 -13 -14 -15
leaf_value=-0.028684201488159769 -0.028141242978180412 0.031760648896032861 0.014190801239079821 -0.026054230713544173 0.026546668590706125 -0.016896071068846795 -0.0050852424032420823 -0.01662160682231981 0.011723498007703106 -0.021184496983611821 0.0017344335525633272 -0.001058704153024877 0.0027602219727332926 0.012876970856721476
leaf_weight=159.38384515885264 463.02423498546705 839.03505469113588 632.22343440447003 253.22579696401954 182.80677877273411 549.76020738855004 311.42801898345351 899.68688598833978 317.5063294460997 1702.2707186099142 39277.237627929077 73059.273013283033 3569.4230116307735 3060.4996783495881
leaf_count=32410 45409 4989 32073 20950 8803 28866 12858 20891 2871 35893 303225 1496163 35195 29384
internal_value=-1.4805e-05 2.17162e-05 -0.00696999 -0.00188936 0.00176122 -0.00576589 0.00661472 0.000158016 -0.00922775 0.000252038 0.00162289 -0.000527284 0.0082797 0.0025399
internal_weight=125277 125117 2392.47 1929.44 1676.22 1044 494.235 122725 1217.19 121508 44040 77467.7 4408.46 42337.7
internal_count=2109980 2077570 148959 103550 82600 50527 21661 1928611 23762 1904849 368502 1536347 40184 332609
is_linear=0
shrinkage=0.03


Tree=173
num_leaves=15
num_cat=0
split_feature=9 12 11 12 6 12 1 1 12 6 9 9 3 11
split_gain=139.237 128.654 250.826 649.929 472.626 424.209 1225.05 580.686 492.662 624.925 419.63 377.411 376.174 374.422
threshold=0.22337984293699267 4.5000000000000009 2.5000000000000004 3.5000000000000004 1.0000000180025095e-35 2.5000000000000004 14.125854015350344 24.310859680175785 1.5000000000000002 1.5000000000000002 0.54440361261367809 0.69585913419723522 -0.39616636931896204 1.5000000000000002
decision_type=2 2 2 2 2 2 2 2 2 2 2 2 2 2
left_child=-1 2 5 -4 -5 6 8 11 -2 10 -10 -7 -9 -13
right_child=1 -3 3 4 -6 7 -8 12 9 -11 -12 13 -14 -15
leaf_value=-0.013942735816120488 -0.00021814053977732049 0.00062114973271422467 -0.001216537134736978 0.0096651882230950857 0.047769031361054058 -0.015420142353983557 -0.0090690072385652409 -0.013313128735328179 0.03386000166330301 -0.0019558359964109585 0.011810618139746806 -0.011703743152373984 0.017926109636718521 0.0056375768956241313
leaf_weight=642.66215166565962 3255.0459775915369 92822.136284639128 4825.4035842008889 859.43124332278967 444.49068174883723 5289.1839478816837 6445.6256347629242 485.57313628867269 1511.056308735162 1344.1332976873964 1598.6614218782634 2398.4474712070078 1214.9545862581581 2103.2041699923575
leaf_count=62755 80630 1616416 81675 5367 2249 55221 111636 4432 12498 13187 12634 26636 8320 16324
internal_value=-1.47124e-05 5.71271e-05 -0.0015905 0.00386163 0.0226543 -0.00289355 0.000582935 -0.00717573 0.00865319 0.0151367 0.0225247 -0.00998626 0.00900598 -0.00360175
internal_weight=125240 124597 31775.2 6129.33 1303.92 25645.9 14154.5 11491.4 7708.9 4453.85 3109.72 9790.84 1700.53 4501.65
internal_count=2109980 2047225 430809 89291 7616 341518 230585 110933 118949 38319 25132 98181 12752 42960
is_linear=0
shrinkage=0.03


Tree=174
num_leaves=15
num_cat=0
split_feature=9 1 1 3 6 7 3 3 5 2 6 2 5 8
split_gain=138.77 263.13 217.432 197.398 174.657 152.775 181.422 143.039 128.863 186.049 110.009 98.4283 97.2681 102.713
threshold=0.53168705105781566 13.59487819671631 8.7819914817810076 0.82451578974723827 33.500000000000007 155.54254150390628 -0.28166593611240381 -0.012531449552625416 434.05041503906256 -0.05308971740305423 60.500000000000007 -0.797564536333084 960.92428588867199 4.5000000000000009
decision_type=2 2 2 2 2 2 2 2 2 2 2 2 2 2
left_child=1 4 10 5 -1 6 8 -3 9 -4 -2 -9 13 -8
right_child=2 7 3 -5 -6 -7 12 11 -10 -11 -12 -13 -14 -15
leaf_value=0.0016186546610025075 -0.0018291023658201287 -0.0086057178100013964 0.0032660388498266277 -0.0039012723866642222 -0.0080286713305014537 0.0037027780272195694 0.0052353061984799264 0.0068641474527472547 -0.0053413944407705019 -0.0020699962856472508 -0.017106901404956892 -0.0054668329179322524 -0.010173434485998814 0.00099839822756922362
leaf_weight=12767.504067504779 22341.040450862143 6303.6689338861033 9824.2620957484469 6267.0630395812914 1946.4266139739193 22492.421228248626 10541.087512262166 1055.5926988550927 4721.18404261861 14650.467360296752 432.38864751486108 1300.1843560321722 504.04142742045224 10068.080095209181
leaf_count=226686 311877 177678 199907 80338 140220 225395 157556 18998 45954 310588 30344 28737 3340 152362
internal_value=-1.47306e-05 -0.00209943 0.000463721 0.00120765 0.000342462 0.00164745 0.000728541 -0.00624864 -0.000803458 7.19113e-05 -0.00211917 5.85171e-05 0.00284703 0.00316547
internal_weight=125215 23373.4 101842 79068.6 14713.9 72801.5 50309.1 8659.45 29195.9 24474.7 22773.4 2355.78 21113.2 20609.2
internal_count=2109980 592319 1517661 1175440 366906 1095102 869707 225413 556449 510495 342221 47735 313258 309918
is_linear=0
shrinkage=0.03


Tree=175
num_leaves=15
num_cat=0
split_feature=0 7 0 0 0 1 0 4 6 10 1 0 6 0
split_gain=139.941 129.924 162.522 226.518 306.546 194.451 213.721 160.321 156.675 129.481 128.052 120.461 117.599 136.734
threshold=48.958984375000007 92.737846374511733 1040.9238281250002 690.82226562500011 552.99609375000011 11.168995857238771 228.82226562500003 378.50000000000006 1.5000000000000002 0.37106169760227209 17.093500137329105 913.97460937500011 39.500000000000007 302.49023437500006
decision_type=2 2 2 2 2 2 2 2 2 2 2 2 2 2
left_child=-1 2 3 4 5 6 -2 -6 11 -7 -4 -5 -8 -14
right_child=1 -3 10 8 7 9 12 -9 -10 -11 -12 -13 13 -15
leaf_value=-0.028622890960201503 -0.015052729775800994 0.00094211264691214456 -0.013309096298224479 -0.00070987277006131502 -0.0056497203750037646 -0.0033862819396727251 0.0061915284279026881 -0.021696799989640875 0.0061264160479427609 0.0052416567930539349 0.0030986142858898382 0.0068221946897485432 -0.02420832792559751 0.00067092805260457185
leaf_weight=153.69745477195829 547.28816605126485 65540.471917461138 1624.4370821819175 14898.536446900107 9552.2766062999144 13911.325079726521 6564.7970110834576 595.24334851978347 5380.239192080684 1763.9198403032497 581.2717240464408 2192.1930558630265 225.70680361520499 1668.5412077195942
leaf_count=32410 31480 804760 29360 145840 202130 432068 133350 46300 75490 31152 8880 20450 18140 98170
internal_value=-1.4467e-05 2.06963e-05 -0.000994164 -0.000686559 -0.00220163 -0.000396991 0.00311597 -0.00659103 0.00166175 -0.00241539 -0.00898516 0.00025625 0.00429146 -0.00229353
internal_weight=125200 125046 59505.8 57300.1 34829.1 24681.6 9006.33 10147.5 22471 15675.2 2205.71 17090.7 8459.05 1894.25
internal_count=2109980 2077570 1272810 1234570 992790 744360 281140 248430 241780 463220 38240 166290 249660 116310
is_linear=0
shrinkage=0.03


Tree=176
num_leaves=15
num_cat=0
split_feature=0 7 0 0 1 0 0 11 4 1 2 0 11 10
split_gain=135.562 123.65 101.356 187.707 129.482 111.617 101.322 168.62 104.123 98.9455 236.215 221.642 212.17 261.013
threshold=48.958984375000007 48.493501663208015 685.42578125000011 576.12695312500011 11.168995857238771 228.82226562500003 1196.7246093750002 1.5000000000000002 3.5000000000000004 11.423842906951906 -0.26925390958786005 348.76367187500006 1.5000000000000002 -0.01503553334623575
decision_type=2 2 2 2 2 2 2 2 2 2 2 2 2 2
left_child=-1 2 3 4 5 -2 9 8 -8 12 11 -11 13 -3
right_child=1 6 -4 -5 -6 -7 7 -9 -10 10 -12 -13 -14 -15
leaf_value=-0.028572923365927066 -0.015776488241140849 0.004899380189996215 0.00053022414645734412 -0.0087612397937366152 -0.003724053951609249 0.0033902320084643416 -0.016775200889015046 0.00857490843665051 0.014307180812210442 -0.0051126599885337031 -0.00021621121531599649 0.0045460441860236062 0.0027705445434410472 -0.0035284958476760088
leaf_weight=149.41194493276998 289.70400970010087 3944.9034884553403 11179.119510268793 4081.4897236535326 8383.3346136407927 4873.9128135642968 956.93188521522097 433.21758163673803 107.93859775736928 2361.8660936234519 33835.946176906815 22583.823388893623 11539.517078353092 20460.962432469707
leaf_count=32410 18640 70473 135140 112190 282030 157150 18367 4703 2480 62950 518980 244120 110261 340086
internal_value=-1.42449e-05 1.98823e-05 -0.00170435 -0.00312142 -0.00142222 0.00231489 0.000536078 -0.00720493 -0.0136246 0.000658501 0.0014167 0.00363155 -0.000581385 -0.00216623
internal_weight=125182 125033 28807.6 17628.4 13547 5163.62 96225.1 1498.09 1064.87 94727 58781.6 24945.7 35945.4 24405.9
internal_count=2109980 2077570 705150 570010 457820 175790 1372420 25550 20847 1346870 826050 307070 520820 410559
is_linear=0
shrinkage=0.03


Tree=177
num_leaves=15
num_cat=0
split_feature=9 12 12 6 10 2 12 11 12 11 12 12 7 12
split_gain=131.186 253.095 355.527 393.004 390.271 383.473 345.44 270.233 202.681 232.549 692.184 1190.62 492.447 213.053
threshold=0.48346233367919927 2.5000000000000004 1.5000000000000002 2.5000000000000004 -0.0041426878888159982 -0.02581597305834293 4.5000000000000009 1.5000000000000002 3.5000000000000004 2.5000000000000004 6.5000000000000009 4.5000000000000009 164.83314514160159 5.5000000000000009
decision_type=2 2 2 2 2 2 2 2 2 2 2 2 2 2
left_child=1 2 3 -1 5 7 -3 -4 -2 -10 11 12 -11 -13
right_child=8 6 4 -5 -6 -7 -8 -9 9 10 -12 13 -14 -15
leaf_value=-0.015506742171210801 -0.0024576958784951592 -0.017491231029391801 0.051119886741539042 0.010541749034394062 -0.011070168776269694 0.0030410677752473162 -0.0027617451695917811 0.018702554076010815 0.00064679381289344689 0.041277023604714108 0.033796310292733833 -0.028962471994893966 0.0031764082499189787 -0.0062055297548850533
leaf_weight=1321.1467212557327 18992.439546616049 1676.2591589391232 369.47688705008477 861.01305310148746 528.10864530131221 817.14316737186164 9873.5691010858864 619.43668323010206 86611.207069890574 650.08650560677052 763.35406124591827 676.49019023776054 575.66474970430136 817.92258514091372
leaf_count=48109 276010 20834 3416 18048 6056 9490 340810 4452 1364405 3702 3364 4279 3203 3802
internal_value=-1.40036e-05 -0.0025449 0.00347657 -0.00522881 0.011615 0.0182484 -0.00489948 0.0308143 0.000358743 0.000952463 0.00855235 0.00146819 0.0233834 -0.0165071
internal_weight=125153 16066.2 4516.33 2182.16 2334.17 1806.06 11549.8 988.914 109087 90094.7 3483.52 2720.16 1225.75 1494.41
internal_count=2109980 451215 89571 66157 23414 17358 361644 7868 1658765 1382755 18350 14986 6905 8081
is_linear=0
shrinkage=0.03


Tree=178
num_leaves=15
num_cat=0
split_feature=0 7 0 6 0 3 5 8 1 1 0 0 0 6
split_gain=131.049 119.412 165.821 385.327 356.312 254.842 262.026 235.205 223.727 221.557 173.706 242.121 165.798 210.331
threshold=48.958984375000007 143.8728942871094 696.31445312500011 2.5000000000000004 550.36523437500011 0.14342700690031054 320.70698547363287 4.5000000000000009 6.8152356147766122 17.359197616577152 1040.9238281250002 913.97460937500011 277.51171875000006 23.500000000000004
decision_type=2 2 2 2 2 2 2 2 2 2 2 2 2 2
left_child=-1 2 4 10 12 9 7 8 -7 -6 11 -4 13 -2
right_child=1 -3 3 -5 5 6 -8 -9 -10 -11 -12 -13 -14 -15
leaf_value=-0.028518800808730958 -0.00027336886815185001 0.0013604269375506676 -0.00080405432427346898 0.0079746759342561643 -0.010852926301522861 -0.010755797785342179 -0.011439858700701076 -0.0018365792141384883 0.019032597954230863 -0.00062482122364196748 -0.0068356423314071182 0.0073418707603670787 0.00096792182938409878 -0.01221582098688122
leaf_weight=144.98817807459272 3622.6071900657844 40419.414210322779 22810.670137103181 5842.2974739512429 7635.7633826220408 281.20381929446012 1392.702954409644 2543.0134746385738 1175.4135992117226 2540.1434161262587 3395.9937659869902 3836.2104393262416 27381.294797378127 2094.7588346335106
leaf_count=32410 111520 438620 219290 81320 195690 7923 15250 42394 30033 47290 52510 35630 665830 134270
internal_value=-1.38822e-05 1.91884e-05 -0.00062198 0.000925189 -0.0017628 -0.00550568 -0.000232954 0.00366938 0.0132819 -0.00829975 -0.000445692 0.000368671 -2.3129e-06 -0.00464891
internal_weight=125116 124971 84552.1 35885.2 48666.9 15568.2 5392.33 3999.63 1456.62 10175.9 30042.9 26646.9 33098.7 5717.37
internal_count=2109980 2077570 1638950 388750 1250200 338580 95600 80350 37956 242980 307430 254920 911620 245790
is_linear=0
shrinkage=0.03


Tree=179
num_leaves=15
num_cat=0
split_feature=12 0 11 12 12 12 12 10 11 0 5 0 0 12
split_gain=130.874 400.985 538.1 797.995 465.282 874.095 321.245 659.316 612.681 1643.63 872.727 389.38 362.582 337.266
threshold=4.5000000000000009 951.10351562500011 2.5000000000000004 1.5000000000000002 2.5000000000000004 3.5000000000000004 2.5000000000000004 0.16000020503997806 2.5000000000000004 857.10546875000011 325.53985595703131 464.57617187500006 360.03906250000006 3.5000000000000004
decision_type=2 2 2 2 2 2 2 2 2 2 2 2 2 2
left_child=1 6 4 -4 -3 -6 7 12 11 10 -10 -8 -1 -13
right_child=-2 2 3 -5 5 -7 8 -9 9 -11 -12 13 -14 -15
leaf_value=0.027493362490023314 0.00055376216665363844 -0.031171422196308522 -0.030671594641140193 0.058325791414304169 0.018194234475915914 -0.035625286886942623 -0.023853393635951087 -0.0060109805531353795 0.018801330755064755 0.058761338299320356 -0.023121610416683921 -0.011678979710918639 0.0050581662917106029 -0.0001227012368224025
leaf_weight=693.05779537931085 93215.920924097067 1194.6960500092246 156.98161704232916 214.67445665597916 651.55610551685095 465.72943111881614 1146.2988640395924 5850.9842398979235 842.38305749371648 485.87022119015455 951.93484583124518 4124.0588108394295 10043.205653708428 5063.6067836862057
leaf_count=10869 1669775 25232 6979 1995 6044 4576 14659 108526 5577 3056 7555 43647 158680 42810
internal_value=-1.37375e-05 -0.00167282 -0.0127705 0.0207347 -0.0181565 -0.0042399 -0.000652936 0.00209104 -0.00426118 0.00981412 -0.00343994 -0.00736689 0.00650643 -0.00530996
internal_weight=125101 31885 2683.64 371.656 2311.98 1117.29 29201.4 16587.2 12614.2 2280.19 1794.32 10334 10736.3 9187.67
internal_count=2109980 440205 44826 8974 35852 10620 395379 278075 117304 16188 13132 101116 169549 86457
is_linear=0
shrinkage=0.03


Tree=180
num_leaves=15
num_cat=0
split_feature=0 9 8 0 2 3 0 10 8 0 4 11 3 9
split_gain=127.013 115.342 177.311 174.232 254.089 282.354 187.299 332.68 264.241 239.085 211.154 173.476 162.499 150.227
threshold=48.958984375000007 0.83271777629852306 4.5000000000000009 294.25976562500006 0.47963404655456549 0.15508673340082171 518.70312500000011 0.033929467201232917 6.5000000000000009 685.42578125000011 513.50000000000011 1.0000000180025095e-35 -0.023950741626322266 0.65186765789985668
decision_type=2 2 2 2 2 2 2 2 2 2 2 2 2 2
left_child=-1 3 -3 4 12 -6 7 13 10 -10 -8 -7 -2 -5
right_child=1 2 -4 6 5 11 8 -9 9 -11 -12 -13 -14 -15
leaf_value=-0.028467613703664848 -0.006700991739389801 0.0064014271740984617 0.00032452371988142233 0.0072856161113371183 -0.0022270818271459712 0.0095611418871870552 -5.058711130873247e-05 8.257409232487157e-05 -0.012770649717642879 -0.0019914245620927034 -0.018821988761724529 0.049781184789712073 -0.022133860695712011 0.031390247417371668
leaf_weight=141.03430673200637 3399.3154747169465 5990.019001822453 15511.590688834898 5936.3713012696244 1471.0421694349498 232.30333731183782 66066.139344831696 16700.360829071607 2946.8510948726907 4984.0852787857875 543.7610763120465 165.11713590379804 749.41879254439846 242.19003420183435
leaf_count=32410 158851 81527 231802 168166 63437 9290 804489 358728 55898 63057 45217 2337 32230 2541
internal_value=-1.39259e-05 1.81935e-05 0.00201746 -0.000397396 -0.0053516 0.00383453 -9.13967e-05 0.00228295 -0.00082016 -0.0059966 -0.000203825 0.0262714 -0.00948875 0.00823048
internal_weight=125080 124939 21501.6 103437 6017.2 1868.46 97419.8 22878.9 74540.8 7930.94 66609.9 397.42 4148.73 6178.56
internal_count=2109980 2077570 313329 1764241 266145 75064 1498096 529435 968661 118955 849706 11627 191081 170707
is_linear=0
shrinkage=0.03


Tree=181
num_leaves=15
num_cat=0
split_feature=12 0 3 12 1 12 1 9 0 12 0 0 2 3
split_gain=126.164 381.71 550.556 334.172 372.141 301.89 824.983 590.236 536.55 493.791 458.431 449.534 437.501 543.918
threshold=4.5000000000000009 951.10351562500011 -0.23699139803647992 2.5000000000000004 24.310859680175785 2.5000000000000004 14.125854015350344 0.69585913419723522 431.06054687500006 3.5000000000000004 766.55859375000011 476.33789062500006 0.62778976559638988 0.021491772495210174
decision_type=2 2 2 2 2 2 2 2 2 2 2 2 2 2
left_child=1 5 -3 -4 -5 6 -1 -7 -9 -10 -11 12 -8 -14
right_child=-2 2 3 4 -6 7 11 8 9 10 -12 -13 13 -15
leaf_value=0.0074825167667442434 0.00054306152869697233 -0.027017619461282331 -0.013219133495080601 -0.01103800952254466 0.035114776743684073 -0.010433218441796163 -0.0045233950829052455 -0.026427589895350979 -0.0066047050836740753 0.0022148015029246418 0.023914128063782392 -0.010664436945602773 -0.0037865834264535245 0.052381027658082953
leaf_weight=9933.7227208672557 93227.150461403187 1250.047384824371 754.86841996456496 267.08288664929569 382.31111191213131 6510.0333888167515 1056.3351777931675 524.19403792731464 1994.6228507719934 1930.4915859717876 1604.5343135669827 4999.8349254159257 282.07009294861928 344.90099266311154
leaf_count=157362 1669775 24124 15468 3211 2023 63843 17338 6631 20387 17473 8970 92881 5196 5298
internal_value=-1.37486e-05 -0.00164434 -0.0125363 0.000354634 0.0161331 -0.000653589 0.0019997 -0.00416281 0.00258012 0.00532996 0.012064 -0.00614987 0.0072595 0.0271116
internal_weight=125062 31835 2654.31 1404.26 649.394 29180.7 16616.9 12563.9 6053.84 5529.65 3535.03 6683.14 1683.31 626.971
internal_count=2109980 440205 44826 20702 5234 395379 278075 117304 53461 46830 26443 120713 27832 10494
is_linear=0
shrinkage=0.03


Tree=182
num_leaves=15
num_cat=0
split_feature=9 10 1 4 11 0 11 0 0 1 2 0 9 0
split_gain=123.782 226.426 167.619 115.942 137.943 120.773 111.279 423.424 336.368 328.726 292.781 446.928 155.098 338.238
threshold=0.40525792539119726 -0.092771433293819414 16.313149452209476 1.0000000180025095e-35 2.5000000000000004 907.12695312500011 1.5000000000000002 371.04492187500006 525.78515625000011 19.524925231933597 -0.82465642690658558 453.68554687500006 0.7795189917087556 711.26171875000011
decision_type=2 2 2 2 2 2 2 2 2 2 2 2 2 2
left_child=1 2 3 4 5 -1 9 -8 -9 -2 11 -11 -10 -14
right_child=6 -3 -4 -5 -6 -7 7 8 12 10 -12 -13 13 -15
leaf_value=0.013137838755125194 -0.0013231148083753836 -0.0090961744024937886 -0.013173569570653101 -0.0054862757022028537 -0.011958366158974713 -0.0045735356654053247 -0.031421459681009678 0.01031104953942974 -0.00029141073660858275 -0.013414191139586206 0.0011305610636045105 0.013681718015557195 -0.0043168261438272289 0.011423987363973785
leaf_weight=1785.0040978621691 67299.264090650715 3664.5717054272536 617.11265600519255 890.10997087974101 300.58597799576819 429.9694742874708 340.65250557707623 3988.4441544753499 19708.260721132625 639.44641740247607 16308.182224198477 3825.2822191063315 1966.8735611164011 3273.1784743396565
leaf_count=41276 1262901 146728 23809 43772 5800 8249 5214 40580 187713 12600 252310 32146 19518 27364
internal_value=-1.37942e-05 -0.00370172 0.00121238 0.00381913 0.00711178 0.00969972 0.000227795 0.00183008 0.00222153 -0.000304846 0.0029941 0.00980099 0.000928275 0.00551561
internal_weight=125037 7687.35 4022.78 3405.67 2515.56 2214.97 117350 29277.4 28936.8 88072.2 20772.9 4464.73 24948.3 5240.05
internal_count=2109980 269634 122906 99097 55325 49525 1840346 280389 275175 1559957 297056 44746 234595 46882
is_linear=0
shrinkage=0.03


Tree=183
num_leaves=15
num_cat=0
split_feature=0 7 0 0 8 1 5 0 0 3 5 8 1 1
split_gain=123.411 110.719 142.666 233.495 162.648 176.723 156.169 127.433 327.484 233.915 231.818 207.471 176.703 174.693
threshold=48.958984375000007 127.09816360473634 1040.9238281250002 913.97460937500011 5.5000000000000009 14.474240779876711 574.94784545898449 690.82226562500011 550.36523437500011 0.14342700690031054 296.74700927734381 4.5000000000000009 6.8152356147766122 17.548924446105961
decision_type=2 2 2 2 2 2 2 2 2 2 2 2 2 2
left_child=-1 2 3 7 5 -4 -7 8 -2 13 11 12 -11 -10
right_child=1 -3 4 -5 -6 6 -8 -9 9 10 -12 -13 -14 -15
leaf_value=-0.028419124684284248 -8.096767716847048e-05 0.0011542468452322449 -0.010984957329641458 0.0071458313772591354 -0.027439684252955805 0.016741302469059308 -0.0059440471915513937 0.00083998767623688587 -0.010958748370308738 -0.0096689298560162298 -0.011060172758307295 -0.0017702282347198221 0.019380450016368334 -0.0010854778720002637
leaf_weight=137.50318639399484 30660.437965534627 47681.34734307183 1621.7842026632279 3494.9049283708446 315.76022102031857 510.36886435747147 587.51051718508825 26634.783727768809 6665.3796053007245 232.98967940872535 1274.9898715615273 2071.8689819173887 985.97706803400069 2127.7124588112347
leaf_count=32410 868120 535690 26446 32440 8514 8242 6488 284530 181350 7249 14290 36202 27059 40950
internal_value=-1.36157e-05 1.76647e-05 -0.000684468 -0.000423509 -0.00705916 -0.00469293 0.00460164 -0.000797926 -0.00178898 -0.00570908 -0.000200045 0.00400756 0.013828 -0.00856966
internal_weight=125003 124866 77184.5 74149 3035.42 2719.66 1097.88 70654.1 44019.4 13358.9 4565.83 3290.84 1218.97 8793.09
internal_count=2109980 2077570 1541880 1492190 49690 41176 14730 1459750 1175220 307100 84800 70510 34308 222300
is_linear=0
shrinkage=0.03


Tree=184
num_leaves=15
num_cat=0
split_feature=9 9 9 5 11 5 2 9 5 11 11 3 11 9
split_gain=120.588 103.359 127.473 103.383 107.114 89.7843 103.116 117.119 137.478 175.352 140.334 276.638 122.465 109.722
threshold=0.16052684932947162 0.83271777629852306 0.92389631271362316 387.66351318359381 2.5000000000000004 1167.5230712890627 -0.10812770202755927 0.53930574655532848 585.43490600585949 2.5000000000000004 1.5000000000000002 -0.66653937101364125 1.5000000000000002 0.69970890879631054
decision_type=2 2 2 2 2 2 2 2 2 2 2 2 2 2
left_child=-1 5 3 4 -3 6 -2 8 -8 10 -10 -12 -9 -14
right_child=1 2 -4 -5 -6 -7 7 12 9 -11 11 -13 13 -15
leaf_value=-0.020064343387145793 0.00065435312472467502 0.0027517668861901093 -0.014002964355350209 -0.0026917691990068549 0.016812612412501222 -0.0098232261148629273 -0.0049759926744330158 -0.0013211456710451729 0.0031420863167262595 -0.020888348634007781 0.0022362246193608046 0.058458291454735599 -0.00021326758130472967 0.0068437739937244075
leaf_weight=269.36503048916347 52023.436509084888 17370.387171235867 443.17320300964639 3221.8790854192339 501.68535995669663 895.3874467429705 10580.357555474853 30335.930538368179 750.92732068384066 192.21368906227872 179.78401283640414 140.18310413416475 4590.7704486739822 3490.451673691161
leaf_count=38219 812286 268877 8256 32256 5225 7710 295978 545741 11028 2613 2745 1822 43136 34088
internal_value=-1.34314e-05 2.98749e-05 0.0019202 0.00225474 0.00314647 -0.000364702 -0.000281902 -0.001251 -0.00385921 0.00549546 0.0102311 0.0268681 -0.00044692 0.00283482
internal_weight=124986 124717 21537.1 21094 17872.1 103179 102284 50260.6 11843.5 1263.11 1070.89 319.967 38417.2 8081.22
internal_count=2109980 2071761 314614 306358 274102 1757147 1749437 937151 314186 18208 15595 4567 622965 77224
is_linear=0
shrinkage=0.03


Tree=185
num_leaves=15
num_cat=0
split_feature=0 7 5 3 0 0 0 8 8 6 0 2 0 5
split_gain=117.818 105.577 95.6178 91.0072 112.8 190.243 92.8554 93.9485 218.059 104.634 89.4954 90.7231 221.918 124.506
threshold=48.958984375000007 48.493501663208015 1167.5230712890627 0.14342700690031054 711.26171875000011 552.99609375000011 144.01171875000003 4.5000000000000009 5.5000000000000009 12.500000000000002 1196.7246093750002 -0.31075993180274958 200.59179687500003 232.80513763427737
decision_type=2 2 2 2 2 2 2 2 2 2 2 2 2 2
left_child=-1 3 10 4 5 6 -2 -8 9 -9 11 12 13 -3
right_child=1 2 -4 -5 -6 -7 7 8 -10 -11 -12 -13 -14 -15
leaf_value=-0.028340863466445064 -0.015217648648171843 -0.017885869540613584 -0.0096331407055206385 0.00094489616307960188 0.00041849503116139612 -0.0099703941335507144 -0.004336206685606258 0.0059083729418322956 -0.0024380628322003637 0.024159518983145022 -0.0067722805377582193 -0.00014695004323175839 0.002038208297429997 0.016862947133699454
leaf_weight=131.99972143303603 455.09934230451472 736.87554450752214 831.96676452457905 8867.7032113457099 6801.9009765489027 3824.9744891137816 4496.4476691223681 769.61946274572983 3010.3856104006991 446.84626553859562 1466.5118403858505 51641.335707617691 41384.466979502933 106.17258993955329
leaf_count=32410 27020 26680 7240 163190 81370 114930 222936 10240 76840 8624 25480 801780 509280 1960
internal_value=-1.31673e-05 1.67849e-05 0.000493162 -0.00158095 -0.00271189 -0.00434936 -0.00200686 -0.00131765 0.00189344 0.0126126 0.000581532 0.00069642 0.0017278 -0.0135096
internal_weight=124972 124840 96167.3 28673 19805.3 13003.4 9178.4 8723.3 4226.85 1216.47 95335.4 93868.9 42227.5 843.048
internal_count=2109980 2077570 1372420 705150 541960 460590 345660 318640 95704 18864 1365180 1339700 537920 28640
is_linear=0
shrinkage=0.03


Tree=186
num_leaves=15
num_cat=0
split_feature=9 9 9 8 11 2 3 8 8 2 5 8 3 9
split_gain=113.589 98.0283 133.064 114.202 135.147 141.303 116.944 100.169 98.8856 89.7245 133.502 132.345 103.969 103.175
threshold=0.16052684932947162 0.86072671413421642 0.92389631271362316 6.5000000000000009 1.0000000180025095e-35 0.21786211431026462 0.10726509615778924 4.5000000000000009 7.5000000000000009 -0.094386298209428773 960.92428588867199 2.5000000000000004 0.78130191564559948 0.57600057125091564
decision_type=2 2 2 2 2 2 2 2 2 2 2 2 2 2
left_child=-1 3 7 9 6 -6 8 -3 -5 10 -2 -11 13 -13
right_child=1 2 -4 4 5 -7 -8 -9 -10 11 -12 12 -14 -15
leaf_value=-0.019749906780613623 0.0012653333270361328 0.0080696132071255977 -0.013744086674003691 -0.0076898283082684699 -0.0023003857390035271 0.0072889406992040426 0.00059253700732247907 0.0016269221995772424 0.015685587873848633 -0.0052497524719212017 -0.008363397199121346 -0.0022293248331015517 -0.0047750538983907824 0.0012737026769921523
leaf_weight=261.88228063029237 48681.680849650875 2805.426732186228 437.9155063717626 6420.5186196188442 4481.3051089243963 2000.3082498903386 2439.17238540994 9617.8042054064572 167.11524338182062 5374.2677230907138 1331.4066538577899 10640.796747135231 4098.6290384591557 26196.625339055434
leaf_count=38219 751376 40571 8256 154040 50901 28041 48547 140778 2493 323785 11109 160540 47611 303713
internal_value=-1.29312e-05 2.85207e-05 0.0025089 -0.000256734 -0.00264596 0.000659002 -0.00501906 0.00308182 -0.00709684 0.00012794 0.00100901 -0.000823571 -0.000242482 0.000261824
internal_weight=124955 124693 12861.1 111832 15508.4 6481.61 9026.81 12423.2 6587.63 96323.4 50013.1 46310.3 40936.1 36837.4
internal_count=2109980 2071761 189605 1882156 284022 78942 205080 181349 156533 1598134 762485 835649 511864 464253
is_linear=0
shrinkage=0.03


Tree=187
num_leaves=15
num_cat=0
split_feature=12 12 12 12 6 12 12 9 2 12 12 12 6 2
split_gain=134.316 206.497 1932.34 432.452 465.708 344.961 509.8 201.692 199.164 249.472 382.459 423.535 553.382 395.161
threshold=4.5000000000000009 14.500000000000002 13.500000000000002 10.500000000000002 2.5000000000000004 11.500000000000002 12.500000000000002 0.59478959441185009 0.49933458864688879 9.5000000000000018 7.5000000000000009 6.5000000000000009 3.5000000000000004 -0.33798502385616297
decision_type=2 2 2 2 2 2 2 2 2 2 2 2 2 2
left_child=-1 2 3 8 -5 -6 -7 -3 9 10 11 -2 -13 -12
right_child=1 7 -4 4 5 6 -8 -9 -10 -11 13 12 -14 -15
leaf_value=-0.0016950598636970536 -0.0016022907844273208 -0.0038548122908909719 0.033338253701423029 -0.014817103924515152 -0.011933810760777507 0.040525658413939632 -0.012597902432217862 0.00040475256969148488 0.0058205648576727274 0.010477430462568361 -0.014538309260857644 0.0035488286064443066 0.026845708228929274 0.0037367392929722491
leaf_weight=31828.821615267778 11477.023505134508 13157.783647315577 1719.1350188590586 2920.4433390945196 485.87579523772001 441.80640938691795 257.24302178993821 41748.350310948212 8751.6009485181421 2067.3799107819796 2999.7673857472837 4260.0574965197593 1169.5716275330633 1650.9380376413465
leaf_count=440205 81476 531509 8496 27208 5858 4894 3161 847493 65883 16574 26816 25287 10353 14767
internal_value=-1.26832e-05 0.000562441 0.00225624 0.000791554 -0.008381 0.00748184 0.0209767 -0.000616016 0.00195465 0.000522549 -0.000432138 0.00166364 0.0085671 -0.00805091
internal_weight=124936 93107 38200.8 36481.7 4105.37 1184.93 699.049 54906.1 32376.3 23624.7 21557.4 16906.7 5429.63 4650.71
internal_count=2109980 1669775 290773 282277 41121 13913 8055 1379002 241156 175273 158699 117116 35640 41583
is_linear=0
shrinkage=0.03


Tree=188
num_leaves=15
num_cat=0
split_feature=0 7 11 0 0 6 0 3 1 6 6 0 2 3
split_gain=112.035 99.9454 191.036 201.842 164.572 442.449 332.986 212.774 345.61 199.39 192.847 161.818 351.608 275.721
threshold=48.958984375000007 160.91887664794925 3.5000000000000004 831.09570312500011 693.53710937500011 3.5000000000000004 518.70312500000011 0.10726509615778924 19.524925231933597 7.5000000000000009 38.500000000000007 277.51171875000006 0.41046576201915747 0.15508673340082171
decision_type=2 2 2 2 2 2 2 2 2 2 2 2 2 2
left_child=-1 2 4 -4 6 -6 11 8 10 -9 -8 12 -2 -14
right_child=1 -3 3 -5 5 -7 7 9 -10 -11 -12 -13 13 -15
leaf_value=-0.028253039767587265 -0.0094521324941972077 0.0014027555560993338 0.025715676607232833 -0.011853799155566244 -0.00043203925362261808 0.0088321015722881823 -0.0077745060870668351 -0.0042908253446171402 0.0035152526356273983 0.0058607252153309135 -0.019973594986419853 0.0013451555613546902 -0.00036831280848755005 0.025024387338754901
leaf_weight=126.30284188617952 3923.8950380005408 34018.169578675181 479.5657633850351 175.91130481194705 33730.301577338949 5379.7682748199441 9348.9235409856774 4937.1119571393356 2303.7844320801087 2690.1584084969945 1332.5068083149381 24309.726796376985 1598.6756731187925 506.87262849323452
leaf_count=32410 175360 358530 7279 3361 341212 78278 173155 59421 38511 72930 94250 595603 66690 12990
internal_value=-1.25864e-05 1.60089e-05 -0.000504009 0.0156331 -0.000621456 0.000842286 -0.00174501 -0.00468735 -0.00702336 -0.000710347 -0.00929634 0.000254013 -0.00414529 0.00574452
internal_weight=124862 124735 90717.2 655.477 90061.7 39110.1 50951.7 20612.5 12985.2 7627.27 10681.4 30339.2 6029.44 2105.55
internal_count=2109980 2077570 1719040 10640 1708400 419490 1288910 438267 305916 132351 267405 850643 255040 79680
is_linear=0
shrinkage=0.03


Tree=189
num_leaves=15
num_cat=0
split_feature=12 0 11 12 12 12 1 12 1 11 0 5 0 2
split_gain=131.043 355.845 526.53 738.731 450.578 824.684 492.46 285.847 772.404 558.877 1488.39 825.438 426.017 407.04
threshold=4.5000000000000009 951.10351562500011 2.5000000000000004 1.5000000000000002 2.5000000000000004 3.5000000000000004 22.945831298828129 2.5000000000000004 14.125854015350344 2.5000000000000004 862.84179687500011 325.53985595703131 485.30468750000006 0.62778976559638988
decision_type=2 2 2 2 2 2 2 2 2 2 2 2 2 2
left_child=1 7 4 -4 -3 6 -6 8 -1 -9 11 -11 13 -10
right_child=-2 2 3 -5 5 -7 -8 9 12 10 -12 -13 -14 -15
leaf_value=0.0071185662482244061 0.00055581656896724668 -0.030932623887848492 -0.030602724589310418 0.055881547809309325 -0.014110889234847105 -0.035431807447241427 0.038809861499048845 -0.0071403768677924867 -0.0046400890109397266 0.017882175343740068 0.05737591291165281 -0.022508195201069697 -0.010658569409879623 0.024949535765070675
leaf_weight=10004.993939691922 93037.433435809566 1142.8711192018818 149.16983399051242 219.97091695293784 266.1762563418597 448.2736419858411 390.32770300656557 10244.78491545748 1113.7860496118665 884.25192104466259 461.81326293945312 938.89364593476057 4874.5401828219183 670.16532332147472
leaf_count=157362 1669775 25232 6979 1995 3692 4576 2352 101116 18294 5757 2844 7587 91382 11037
internal_value=-1.25016e-05 -0.00167471 -0.0122728 0.0209332 -0.0177263 -0.00406468 0.0173534 -0.000724733 0.00184942 -0.00414814 0.00926778 -0.00291828 -0.00606795 0.00647565
internal_weight=124847 31810 2616.79 369.141 2247.65 1104.78 656.504 29193.2 16663.5 12529.7 2284.96 1823.15 6658.49 1783.95
internal_count=2109980 440205 44826 8974 35852 10620 6044 395379 278075 117304 16188 13344 120713 29331
is_linear=0
shrinkage=0.03


Tree=190
num_leaves=15
num_cat=0
split_feature=0 0 11 0 6 11 6 7 1 0 10 6 7 0
split_gain=108.562 97.3701 181.892 116.416 273.351 254.537 223.17 208.242 218.242 426.242 191.356 173.577 162.046 150.914
threshold=48.958984375000007 1219.4902343750002 1.5000000000000002 762.95898437500011 2.5000000000000004 3.5000000000000004 1.0000000180025095e-35 302.71090698242193 7.6590754985809335 582.01757812500011 0.075557094067335143 28.500000000000004 62.030387878417976 705.26171875000011
decision_type=2 2 2 2 2 2 2 2 2 2 2 2 2 2
left_child=-1 3 -3 5 -5 7 -7 8 9 10 11 -2 -10 -9
right_child=1 2 -4 4 -6 6 -8 13 12 -11 -12 -13 -14 -15
leaf_value=-0.028196050428750851 0.010524463222124922 -0.015804733074919596 0.010544533404227254 0.00070960345310624681 0.010172925773176585 0.0061764917710747198 0.041585817142291079 0.011941924892617067 -0.0023664329238069167 -0.011051835274448378 -0.0037661687635157895 -0.0068106149030335746 0.00078135556735507716 -0.0051941628988633913
leaf_weight=122.88692754483782 2111.4513600608334 856.8433442665264 325.30402693292126 39836.077019392513 2950.5802648961544 546.31796975340694 226.65230980468914 1898.0458569847979 22570.637670461321 5348.4452515696175 4419.3667271640152 689.65434456709772 42309.702553290641 611.57319420482963
leaf_count=32410 35741 21090 3680 374740 30860 6671 3343 20046 647930 89923 107438 44786 686206 5116
internal_value=-1.27042e-05 1.50692e-05 -0.00855393 9.70797e-05 0.0013622 -0.000573413 0.0165593 -0.000739037 -0.00101463 -0.0046328 0.000121992 0.00625643 -0.0003137 0.007766
internal_weight=124824 124701 1182.15 123519 42786.7 80731.8 772.97 79958.9 77449.3 12568.9 7220.47 2801.11 64880.3 2509.62
internal_count=2109980 2077570 24770 2052800 405600 1647200 10014 1637186 1612024 277888 187965 80527 1334136 25162
is_linear=0
shrinkage=0.03


Tree=191
num_leaves=15
num_cat=0
split_feature=0 0 0 6 1 0 6 10 2 0 0 10 6 0
split_gain=105.126 92.4164 109.5 255.049 166.105 355.346 205.682 220.855 180.459 348.875 245.67 282.677 263.87 149.74
threshold=48.958984375000007 1219.4902343750002 762.95898437500011 2.5000000000000004 7.407992124557496 582.01757812500011 24.500000000000004 0.081160888075828566 -0.20168393105268476 200.59179687500003 500.39843750000006 -0.085478655993938432 39.500000000000007 648.37500000000011
decision_type=2 2 2 2 2 2 2 2 2 2 2 2 2 2
left_child=-1 2 4 -4 5 6 7 -2 9 -6 11 -10 -12 -14
right_child=1 -3 3 -5 8 -7 -8 -9 10 -11 12 -13 13 -15
leaf_value=-0.028136622081720866 0.010919748903565741 -0.0083684970535354772 0.00068801761389994647 0.0098001855498860285 -0.013682229800531465 -0.0097485671575030415 -0.0081072880219993562 -0.001593359671971113 0.019253842899473659 0.0022883790572349734 -0.0026878642796216499 0.00053872240931884417 -0.023198534810730621 0.00062470672991490797
leaf_weight=119.50318436324596 2179.6559313992038 1172.463501624763 39853.053672216134 2970.6068943822756 1282.0774043574929 5173.6212456091307 1808.7238822118379 3039.9971944908611 765.00663582840934 30918.640457688831 19913.48592926655 14375.23015738558 911.42325620027259 321.11408914858475
leaf_count=32410 33534 24770 374740 30860 54800 85990 93670 50546 22388 524130 306850 394712 63870 16710
internal_value=-1.25491e-05 1.44061e-05 9.39822e-05 0.00132011 -0.000556757 -0.00378149 0.000610901 0.00363194 1.77791e-05 0.00165251 -0.00143289 0.00148436 -0.0035216 -0.0169918
internal_weight=124805 124685 123513 42823.7 80689 12202 7028.38 5219.65 68487 32200.7 36286.3 15140.2 21146 1232.54
internal_count=2109980 2077570 2052800 405600 1647200 263740 177750 84080 1383460 578930 804530 417100 387430 80580
is_linear=0
shrinkage=0.03


Tree=192
num_leaves=15
num_cat=0
split_feature=0 0 11 4 0 6 11 6 1 0 6 10 2 0
split_gain=101.276 87.7688 174.539 109.942 101.206 238.051 234.68 200.987 180.997 397.388 184.551 204.537 166.658 321.893
threshold=61.859375000000007 1219.4902343750002 1.5000000000000002 2.5000000000000004 762.95898437500011 2.5000000000000004 3.5000000000000004 1.0000000180025095e-35 7.6590754985809335 582.01757812500011 39.500000000000007 0.081160888075828566 -0.20168393105268476 200.59179687500003
decision_type=2 2 2 2 2 2 2 2 2 2 2 2 2 2
left_child=-1 4 3 -3 6 -6 8 -8 9 10 11 -2 13 -10
right_child=1 2 -4 -5 5 -7 7 -9 12 -11 -12 -13 -14 -15
leaf_value=-0.019903704752135709 0.0089167488647226619 -0.019018993362806463 0.010465534162030672 0.017264180247509375 0.00066709724702339573 0.0094436905630314663 0.0059184949903810912 0.039170759924485252 -0.013499202542208709 -0.010079815694962625 -0.011098447054391383 -0.0019491568397555998 -0.0014540375243914875 0.0021704803073647957
leaf_weight=229.94463326549158 2616.0147490659729 755.47008742182516 325.72911085933447 83.465704119997099 39869.51676848717 2989.9624258289114 548.81254431419075 233.06943312333897 1228.4230985958129 5468.118995770812 1053.5186180099845 3859.2017257655971 35671.975190320984 29850.30391387688
leaf_count=41040 47617 18350 3680 2740 374740 30860 6671 3343 51650 91667 68730 74019 787308 507565
internal_value=-1.24366e-05 2.42857e-05 -0.00817264 -0.0154092 0.000101656 0.00127937 -0.000525148 0.0158306 -0.000685507 -0.00392448 0.000546139 0.00244071 -5.48552e-05 0.00155112
internal_weight=124784 124554 1164.66 838.936 123389 42859.5 80529.4 781.882 79747.6 12996.9 7528.74 6475.22 66750.7 31078.7
internal_count=2109980 2068940 24770 21090 2044170 405600 1638570 10014 1628556 282033 190366 121636 1346523 559215
is_linear=0
shrinkage=0.03


Tree=193
num_leaves=15
num_cat=0
split_feature=12 5 2 11 12 10 12 12 12 2 12 8 5 8
split_gain=139.313 263.74 186.826 286.562 392.621 198.741 182.977 1840.37 404.514 319.352 271.209 212.726 352.737 395.324
threshold=4.5000000000000009 960.92428588867199 -0.70749208331108082 1.5000000000000002 1.5000000000000002 -0.15553469210863111 14.500000000000002 13.500000000000002 10.500000000000002 0.51868900656700145 12.500000000000002 4.5000000000000009 375.82019042968756 5.5000000000000009
decision_type=2 2 2 2 2 2 2 2 2 2 2 2 2 2
left_child=1 2 -1 4 -4 -5 7 8 -2 10 11 -10 13 -13
right_child=6 -3 3 5 -6 -7 -8 -9 9 -11 -12 12 -14 -15
leaf_value=0.0014921670312745875 0.0018641621493024009 -0.023697303522856261 0.0025292931124562719 -0.019049676427069385 -0.012036760798414519 0.00070089888980270378 -0.00053744758208747667 0.032618668369769017 -0.015111881549297525 0.0065323031353000409 -0.028389358366977924 0.048630254283648797 -0.029276663205080589 -0.00096810399093534691
leaf_weight=12316.399133335799 32408.312804581597 484.21466941642575 2389.0710254961159 479.16921200254001 5498.5856291707605 10646.684525391087 54755.754616020946 1706.4791286271065 1404.1831233371049 1003.4524115864187 768.81010646000504 208.95803704485297 221.80398713424802 469.81297919899225
leaf_count=148163 241156 6886 64416 13196 68013 139531 1379002 8496 13832 9831 8047 1835 2344 5232
internal_value=-1.22914e-05 -0.0017258 -0.00138622 -0.00325076 -0.00762489 -0.000149721 0.000574208 0.00216799 0.000743765 -0.0081623 -0.0129598 -0.00781283 0.00356791 0.0143006
internal_weight=124762 31814.1 31329.9 19013.5 7887.66 11125.9 92947.6 38191.8 36485.3 4077.02 3073.57 2304.76 900.575 678.771
internal_count=2109980 440205 433319 285156 132429 152727 1669775 290773 282277 41121 31290 23243 9411 7067
is_linear=0
shrinkage=0.03


Tree=194
num_leaves=15
num_cat=0
split_feature=9 1 10 9 11 5 4 9 9 1 2 10 1 2
split_gain=101.22 164.056 147.049 90.6939 91.9877 115.813 100.341 88.6361 120.12 114.863 88.1946 76.8244 73.2651 252.193
threshold=0.35151721537113195 19.396832466125492 -0.11515443399548529 0.16052684932947162 1.5000000000000002 488.03974914550787 1.0000000180025095e-35 0.92389631271362316 0.86072671413421642 7.6590754985809335 -0.8728823959827422 0.31286069750785833 22.347250938415531 -0.90990871191024769
decision_type=2 2 2 2 2 2 2 2 2 2 2 2 2 2
left_child=1 2 3 -1 6 -6 10 8 12 -10 -5 -11 -2 -14
right_child=7 -3 -4 4 5 -7 -8 -9 9 11 -12 -13 13 -15
leaf_value=-0.021985122848581787 -0.00045701021245999485 -0.020250486806402759 -0.0084611458589117748 0.036890007712820999 -0.01046829542171103 0.022903660496992797 -0.0017815759368450506 -0.013432995444281112 -0.0046560890842048163 -0.0058282054329777183 0.011619669262105075 0.0047166498359475905 0.0088857762519354497 -0.00022854706682152987
leaf_weight=115.47468099696562 91560.790228880243 528.50987236760557 1773.294204064412 161.40470244805329 479.55859497981146 116.28666758560576 375.60659905476496 431.13109457213432 1549.2209058413282 662.10950133996084 540.65417377022095 10217.321625193581 3481.5855303667486 12695.447234316496
leaf_count=24550 1539447 23357 88454 2408 9867 2112 16822 8256 25259 10207 11395 145883 32959 169004
internal_value=-1.21592e-05 -0.00465311 -0.00233904 0.00372936 0.0055037 -0.00395534 0.0107336 0.000145267 0.000193982 0.00298659 0.0174294 0.0040749 -0.000128173 0.00173302
internal_weight=124688 4090.79 3562.28 1788.99 1673.51 595.845 1077.67 120598 120166 12428.7 702.059 10879.4 107738 16177
internal_count=2109980 178965 155608 67154 42604 11979 30625 1931015 1922759 181349 13803 156090 1741410 201963
is_linear=0
shrinkage=0.03


Tree=195
num_leaves=15
num_cat=0
split_feature=12 0 2 12 12 10 12 0 0 5 7 0 2 0
split_gain=131.376 330.884 504.914 357.782 262.114 607.487 530.646 602.78 579.214 487.229 355.991 370.302 640.501 309.887
threshold=4.5000000000000009 951.10351562500011 -0.61844193935394276 2.5000000000000004 2.5000000000000004 0.16000020503997806 3.5000000000000004 450.82617187500006 926.42968750000011 597.72180175781261 252.84981536865237 711.26171875000011 -0.05308971740305423 360.03906250000006
decision_type=2 2 2 2 2 2 2 2 2 2 2 2 2 2
left_child=1 4 3 -3 5 13 8 -8 -6 10 11 12 -9 -1
right_child=-2 2 -4 -5 6 -7 7 9 -10 -11 -12 -13 -14 -15
leaf_value=0.024992493078022451 0.00055749340619182523 -0.01466721170293293 -0.027411011041888911 0.014860749386374576 -0.013246765689073592 -0.0060964329788046959 -0.028926951086254298 0.013761229081982308 0.031904644849707557 -0.025244108204528253 -0.013984538317531854 0.015473337417181302 -0.019487038114931715 0.0045451850136308813
leaf_weight=714.04056752612814 92911.822796785971 772.56561748799868 1096.5977493899409 707.54022355377674 5222.4082680670545 5859.2096612462774 542.99319274816662 1196.0259262621403 268.86966069787741 475.33156490325928 687.82026459276676 3157.497281037271 924.57803987897933 10141.286894356832
leaf_count=10869 1669775 15606 23801 5419 57096 108526 6689 11205 2241 3488 4783 21367 10435 158680
internal_value=-1.19278e-05 -0.00167738 -0.0119826 -0.000551856 -0.0007677 0.00168831 -0.00405824 0.00142796 -0.011036 0.00398686 0.00631582 0.00896128 -0.000734932 0.00589017
internal_weight=124679 31766.8 2576.7 1480.11 29190.1 16714.5 12475.5 6984.25 5491.28 6441.25 5965.92 5278.1 2120.6 10855.3
internal_count=2109980 440205 44826 21025 395379 278075 117304 57967 59337 51278 47790 43007 21640 169549
is_linear=0
shrinkage=0.03


Tree=196
num_leaves=15
num_cat=0
split_feature=9 1 1 3 11 10 10 6 11 8 3 3 11 3
split_gain=99.1841 219.429 192.677 248.286 234.444 168.862 149.686 134.048 257.443 131.242 127.664 92.0854 279.459 114.895
threshold=0.53168705105781566 14.260922908782961 11.54664182662964 0.76752087473869335 1.5000000000000002 -0.0041426878888159982 0.40456306934356695 1.0000000180025095e-35 2.5000000000000004 6.5000000000000009 -0.012531449552625416 0.32081319391727453 1.0000000180025095e-35 0.76752087473869335
decision_type=2 2 2 2 2 2 2 2 2 2 2 2 2 2
left_child=1 5 4 6 11 7 9 8 -1 -4 -3 -2 13 -13
right_child=2 10 3 -5 -6 -7 -8 -9 -10 -11 -12 12 -14 -15
leaf_value=0.0088356513785175558 -0.0038002417797888357 -0.0083104523701382407 0.0024088509390871003 -0.0044391984283402401 0.0025430850267393716 -0.0049023123069997405 0.0083604354219992821 -0.00085622539024248596 -0.0085583596652128221 -0.0011827506283374021 0.00035337655961005407 0.0013875585437368764 -0.0054176878118786581 0.012109203231761685
leaf_weight=4270.3647623986471 20097.826379821869 5569.6602539455052 42690.937530189753 5931.8690703851171 10424.002671403345 4135.0561644558329 3154.5525171174668 6028.036365745822 933.16004416067153 11657.007861209568 2110.8120066376869 2065.6495459582657 3997.2193786473945 1593.4402809171006
leaf_count=52007 380510 160572 609737 76577 94201 118880 43595 205817 11910 200708 43133 43396 38318 30619
internal_value=-1.20347e-05 -0.00178886 0.000390974 0.00140444 -0.00129293 0.000280637 0.00200726 0.00218881 0.00571634 0.00163849 -0.00592939 -0.00273367 6.60651e-05 0.00605656
internal_weight=124660 23047.1 101613 63434.4 38178.1 15366.6 57502.5 11231.6 5203.52 54347.9 7680.47 27754.1 7656.31 3659.09
internal_count=2109980 592319 1517661 930617 587044 388614 854040 269734 63917 810445 203705 492843 112333 74015
is_linear=0
shrinkage=0.03


Tree=197
num_leaves=15
num_cat=0
split_feature=12 0 0 8 7 0 11 0 0 12 0 11 5 11
split_gain=128.671 287.86 170.292 199.179 149.06 170.269 141.867 374.063 96.5403 82.8132 772.125 754.366 527.006 500.981
threshold=1.0000000180025095e-35 535.44335937500011 846.30664062500011 4.5000000000000009 151.96003723144534 610.64257812500011 1.5000000000000002 685.42578125000011 61.859375000000007 5.5000000000000009 951.10351562500011 2.5000000000000004 488.03974914550787 1.5000000000000002
decision_type=2 2 2 2 2 2 2 2 2 2 2 2 2 2
left_child=1 -1 4 -4 -3 -6 -7 -8 -2 10 -10 -12 -13 -11
right_child=8 2 3 -5 5 6 7 -9 9 13 11 12 -14 -15
leaf_value=-0.028145394265859717 -0.019586310045876035 -0.0060502596961562625 -0.023268643693133969 0.060155124369761254 -0.029156482298043053 -0.012707280941403143 0.08827217358962533 0.014536207012558472 0.00026613311077157561 -0.00010685246301679037 -0.021001487937472921 -0.012135610296364507 0.064236511924931614 0.0074601113614151966
leaf_weight=463.09595567896031 223.26732666813768 769.44359153043479 415.97155041364022 27.457949990872294 76.82247714465484 110.67427160032094 71.806885401252657 449.69726376933977 33185.981626419351 77108.759134257678 2645.3581884596497 157.14062203560024 168.53123916592449 8770.0590572617948
leaf_count=45417 40960 47336 30771 1783 3726 4890 2202 12842 306725 1530413 32327 2614 2443 45531
internal_value=-1.18726e-05 -0.00691309 -0.00179694 -0.0181029 0.0030937 0.0130172 0.0181421 0.0246891 0.000122753 0.000158811 -0.0010456 -0.0156975 0.027386 0.000665896
internal_weight=124644 2384.97 1921.87 443.43 1478.44 709.001 632.178 521.504 122259 122036 36157 2971.03 325.672 85878.8
internal_count=2109980 148967 103550 32554 70996 23660 19934 15044 1961013 1920053 344109 37384 5057 1575944
is_linear=0
shrinkage=0.03


Tree=198
num_leaves=15
num_cat=0
split_feature=12 0 0 5 0 2 5 11 10 6 0 12 0 0
split_gain=122.183 280.825 164.995 106.447 92.6195 87.6749 89.4561 90.5599 86.0175 81.4454 188.73 178.678 133.585 103.484
threshold=1.0000000180025095e-35 535.44335937500011 900.09765625000011 122.4913673400879 61.859375000000007 0.8664996623992921 515.25918579101574 3.5000000000000004 0.19070094823837283 61.500000000000007 489.65820312500006 1.5000000000000002 654.35937500000011 306.39843750000006
decision_type=2 2 2 2 2 2 2 2 2 2 2 2 2 2
left_child=1 -1 3 -3 -2 6 8 -8 -5 -6 11 -11 -12 -13
right_child=4 2 -4 5 9 -7 7 -9 -10 10 12 13 -14 -15
leaf_value=-0.028074333818850442 -0.01937198215885971 -0.016649151040236197 -0.025584748110454188 0.018946346263482589 0.00026739709123638336 -0.014727217215832016 -0.018408531380728645 0.02891807716170558 0.0014003573513234745 0.060251038881987636 -0.021288744322467069 -0.012864365729430399 0.0073992064125199403 0.0042255910718020356
leaf_weight=450.52989346859977 219.02985501731746 248.23834314662963 230.11746483342722 575.77826263988391 119458.64676110446 183.85077333031222 188.76019093533978 45.079037048853934 446.43808199558407 44.662112198770046 763.34176281746477 444.33088847994804 180.65559771005064 1129.4921240666881
leaf_count=45417 40960 14730 20950 25858 1719597 9759 10466 1747 20040 238 66992 40934 12109 80183
internal_value=-1.18762e-05 -0.00676021 -0.00175429 0.00149413 0.000118894 0.00462201 0.00745418 -0.00928501 0.0112834 0.000153881 -0.00513807 0.00107982 -0.0157986 -0.000599345
internal_weight=124609 2368.79 1918.26 1688.14 122240 1439.91 1256.06 233.839 1022.22 122021 2562.48 1618.49 943.997 1573.82
internal_count=2109980 148967 103550 82600 1961013 67870 58111 12213 45898 1920053 200456 121355 79101 121117
is_linear=0
shrinkage=0.03


Tree=199
num_leaves=15
num_cat=0
split_feature=9 7 0 0 0 3 8 5 0 2 3 5 8 8
split_gain=94.9959 88.1031 158.345 153.359 305.807 187.575 315.404 161.008 159.447 255.713 451.824 147.895 154.782 144.723
threshold=0.16052684932947162 171.17118835449222 1256.7421875000002 696.31445312500011 518.70312500000011 0.14342700690031054 4.5000000000000009 137.20600128173831 310.74609375000006 0.46971206367015844 0.15508673340082171 53.065372467041023 6.5000000000000009 5.5000000000000009
decision_type=2 2 2 2 2 2 2 2 2 2 2 2 2 2
left_child=-1 2 3 4 8 11 -7 -5 9 -2 -11 -6 -13 -8
right_child=1 -3 -4 7 5 6 13 -9 -10 10 -12 12 -14 -15
leaf_value=-0.018820275479662883 -0.0069560733641496914 0.001426048307172428 -0.021375671333461743 0.0053948906524465788 -0.013868269488078575 0.0071639645976241508 -0.014655255038420372 0.00021258546184573437 0.0017368681287147089 -0.0025897467320536078 0.02636934805584279 -0.0032726248911325289 -0.011770397334771239 -0.002347026874869262
leaf_weight=241.2093153486494 5331.5541492674965 30483.564311622176 323.71825491264462 6413.2645881450735 1960.1323784310371 3025.3757052994333 1116.3273952859454 34005.265300169121 23316.569098972715 1986.8722326632123 641.42578403255902 9597.0282979779877 2414.4075777917169 3741.2119026198052
leaf_count=38219 230165 319068 10012 85483 111461 59557 13045 338535 537786 80985 16712 163242 45277 60433
internal_value=-1.1698e-05 2.47842e-05 -0.00043025 -0.000357771 -0.0014172 -0.00413996 -0.000439825 0.00103487 0.000485337 -0.00318074 0.00447761 -0.00622762 -0.00498075 -0.00517562
internal_weight=124598 124357 93873.2 93549.4 53130.9 21854.5 7882.92 40418.5 31276.4 7959.85 2628.3 13971.6 12011.4 4857.54
internal_count=2109980 2071761 1752693 1742681 1318663 453015 133035 424018 865648 327862 97697 319980 208519 73478
is_linear=0
shrinkage=0.03


Tree=200
num_leaves=15
num_cat=0
split_feature=12 0 2 11 12 1 12 1 9 11 0 6 0 2
split_gain=122.282 292.618 494.931 702.871 542.696 447.095 251.328 720.556 539.059 555.336 571.372 454.025 448.495 417.764
threshold=4.5000000000000009 951.10351562500011 -0.57415318489074696 2.5000000000000004 2.5000000000000004 22.945831298828129 2.5000000000000004 15.987113952636721 0.69585913419723522 2.5000000000000004 838.95312500000011 1.0000000180025095e-35 485.30468750000006 0.60147005319595348
decision_type=2 2 2 2 2 2 2 2 2 2 2 2 2 2
left_child=1 6 3 4 -3 -6 7 -1 -8 -10 11 -11 13 -9
right_child=-2 2 -4 -5 5 -7 8 12 9 10 -12 -13 -14 -15
leaf_value=0.0057944395643505717 0.00053732259817884393 -0.030060713515657471 -0.027874093118002114 0.049032265433956258 -0.021512639541012801 0.027604126188596534 -0.010056813676670188 -0.0078321448414172216 -0.0018671663706065181 -0.013364880071342004 0.05312950519217919 0.033871606134343063 -0.012899830604118262 0.025875805474557083
leaf_weight=11552.737782703014 92893.573576598195 597.96474936464801 996.04132654843852 219.16370514989831 270.40633927565068 435.30454337596893 6413.134643333964 738.38902235915884 4926.7434339933097 428.05372390896082 353.43550784140825 320.06666731089354 3832.8164339549839 599.63542558974586
leaf_count=182276 1669775 11865 22747 4691 3097 2426 63843 12617 46899 2996 1740 1826 73547 9635
internal_value=-1.15977e-05 -0.00162097 -0.0114312 -0.000676438 -0.00903307 0.00878412 -0.000773693 0.00162835 -0.00400248 0.00243835 0.0216949 0.0068442 -0.00767956 0.00727407
internal_weight=124577 31683.9 2518.88 1522.84 1303.68 705.711 29165 16723.6 12441.4 6028.3 1101.56 748.12 5170.84 1338.02
internal_count=2109980 440205 44826 22079 17388 5523 395379 278075 117304 53461 6562 4822 95799 22252
is_linear=0
shrinkage=0.03


Tree=201
num_leaves=15
num_cat=0
split_feature=12 0 0 7 2 10 0 1 0 12 6 12 12 10
split_gain=117.585 275.416 158.156 135.843 167.924 143.812 89.2249 116.173 85.3625 632.683 792.603 577.819 664.396 643.131
threshold=1.0000000180025095e-35 535.44335937500011 900.09765625000011 270.86636352539068 0.32168045639991766 0.16000020503997806 114.50195312500001 23.820373535156254 509.43359375000006 1.5000000000000002 1.5000000000000002 1.5000000000000002 4.5000000000000009 -0.19221760332584378
decision_type=2 2 2 2 2 2 2 2 2 2 2 2 2 2
left_child=1 -1 3 -3 5 -5 7 -2 11 10 -10 -8 -13 -14
right_child=6 2 -4 4 -6 -7 8 -9 9 -11 -12 12 13 -15
leaf_value=-0.02801921394424764 -0.018068042480381401 -0.0028871281067668476 -0.0254360033568456 0.051372811869026244 -0.01506929909794986 0.0050864805406587573 0.014452896795230473 0.0037782549212626499 -0.025430265781943191 0.00019746851963389219 0.0044621462324518583 -0.012510633839726589 0.074258535182162522 0.0015056350895661249
leaf_weight=441.16220118221827 542.32536826026626 1348.2485847957432 223.67251287819818 140.20332181733102 97.595459604635835 106.15573421493173 2826.3139894157648 367.54576609306969 1949.6260114475153 84277.873816827312 1351.8756298925728 3267.6438681120053 109.79230250697583 27502.091914434452
leaf_count=45417 57340 75213 20950 2594 2704 2089 17878 16031 42337 1004776 16160 37924 2243 766324
internal_value=-1.16967e-05 -0.00664861 -0.00172767 0.00140606 0.0182347 0.0314281 0.000116324 -0.00924315 0.000186538 -0.000307207 -0.0131901 0.00146946 0.000281119 0.00179492
internal_weight=124552 2357.04 1915.88 1692.2 343.955 246.359 122195 909.871 121285 87579.4 3301.5 33705.8 30879.5 27611.9
internal_count=2109980 148967 103550 82600 7387 4683 1961013 73371 1887642 1063273 58497 824369 806491 768567
is_linear=0
shrinkage=0.03


Tree=202
num_leaves=15
num_cat=0
split_feature=7 11 6 11 1 1 8 11 8 1 11 5 2 6
split_gain=84.8451 139.862 95.7856 224.524 153.278 94.2938 92.1552 108.075 87.9073 149.567 156.548 174.823 107.384 104.484
threshold=143.8728942871094 3.5000000000000004 2.5000000000000004 2.5000000000000004 10.19052839279175 13.849936485290529 5.5000000000000009 1.0000000180025095e-35 5.5000000000000009 21.323174476623539 1.0000000180025095e-35 262.32067871093756 -0.21488947421312329 56.500000000000007
decision_type=2 2 2 2 2 2 2 2 2 2 2 2 2 2
left_child=1 8 -2 4 6 -5 7 -4 13 -10 11 12 -11 -1
right_child=2 -3 3 5 -6 -7 -8 -9 9 10 -12 -13 -14 -15
leaf_value=0.00027121727221140812 0.00031715401391297932 0.013954708048174011 -0.0066141650630980389 0.044269275118182475 0.0051571105343633803 0.013396041093218208 -0.010027018193451483 0.01139190605965491 -0.0030840265728976977 0.024161862516188043 -0.0037268231711236003 -0.0071433045794449326 0.0080113268578204232 -0.0060129371568775824
leaf_weight=54876.536358802114 31123.54398783599 593.67020959267393 630.54110854910687 158.83847002312541 6667.2400771258399 202.60076061682776 1112.2677911929786 572.30649182572961 21989.268107304815 510.46851350739598 1729.9429751834832 526.27749067172408 1351.4522459562868 2489.215848099906
leaf_count=925166 308160 9453 26488 2195 95979 2379 16763 5676 429031 10536 23191 6640 35957 212366
internal_value=-1.17557e-05 -0.000555044 0.00111687 0.00378067 0.00284782 0.0269636 -0.00380265 0.001953 -0.000658239 -0.00210137 0.00314565 0.00812388 0.0124392 -1.46488e-06
internal_weight=124534 84066.8 40467.3 9343.79 8982.36 361.439 2315.12 1202.85 83473.2 26107.4 4118.14 2388.2 1861.92 57365.8
internal_count=2109980 1652340 457640 149480 144906 4574 48927 32164 1642887 505355 76324 53133 46493 1137532
is_linear=0
shrinkage=0.03


Tree=203
num_leaves=15
num_cat=0
split_feature=12 0 0 3 9 1 5 5 0 0 9 0 2 5
split_gain=112.901 268.154 152.34 162.552 144.501 135.796 101.066 126.902 195.692 99.0196 98.9302 148.971 275.916 146.114
threshold=1.0000000180025095e-35 535.44335937500011 900.09765625000011 -0.51569074392318714 0.53168705105781566 9.3325610160827654 123.95690536499025 515.25918579101574 812.70703125000011 732.52539062500011 0.86072671413421642 195.95117187500003 0.31008784472942358 243.38281250000003
decision_type=2 2 2 2 2 2 2 2 2 2 2 2 2 2
left_child=1 -1 3 4 -3 9 -6 8 -8 -5 11 12 13 -2
right_child=10 2 -4 5 6 -7 7 -9 -10 -11 -12 -13 -14 -15
leaf_value=-0.027949364012696726 -0.017271070136552352 -0.010733057937235516 -0.025307508293804477 0.030922710277316887 -0.009700670735994385 -0.013781356834812859 0.021323554401497719 -0.012318373149423762 0.073310887206075329 -0.0022935485621651745 0.0026197316674312107 -1.6217593463169856e-06 0.0047295559853664975 0.019601455934654677
leaf_weight=429.72115587373264 1521.5744572591502 168.53801106568426 218.43333314894699 121.99840578250587 77.82805541716516 689.22517852531746 251.192765917629 60.609191658906639 87.993557003326714 239.02537971409038 12702.299705809448 106787.11618454428 1063.2211022330448 103.28850542288274
leaf_count=45417 96669 10823 20950 5575 3995 35180 10509 3238 3508 9772 178363 1633126 48806 4049
internal_value=-1.15523e-05 -0.00653251 -0.00172623 0.00131014 0.0131495 -0.00597397 0.0215769 0.0276656 0.0348104 0.008931 0.000113584 -0.000177202 -0.00715232 -0.0149272
internal_weight=124522 2344.57 1914.84 1696.41 646.162 1050.25 477.624 399.796 339.186 361.024 122177 109475 2688.08 1624.86
internal_count=2109980 148967 103550 82600 32073 50527 21250 17255 14017 15347 1961013 1782650 149524 100718
is_linear=0
shrinkage=0.03


Tree=204
num_leaves=15
num_cat=0
split_feature=12 5 12 12 12 6 12 3 3 12 12 12 11 11
split_gain=108.968 248.911 160.168 1758.04 374.828 437.982 326.769 507.772 313.913 412.557 1163.76 788.899 727.273 596.08
threshold=4.5000000000000009 960.92428588867199 14.500000000000002 13.500000000000002 10.500000000000002 2.5000000000000004 11.500000000000002 0.28058727085590368 -0.098165124654769884 9.5000000000000018 7.5000000000000009 6.5000000000000009 1.5000000000000002 1.5000000000000002
decision_type=2 2 2 2 2 2 2 2 2 2 2 2 2 2
left_child=1 -1 3 4 8 -6 -7 -8 -2 10 11 13 -11 -10
right_child=2 -3 -4 -5 5 6 7 -9 9 12 -12 -13 -14 -15
leaf_value=-0.0012081115686316758 0.0042921764563876898 -0.02328059171570708 -0.0005350416867522024 0.031882911503123133 -0.014338925795398258 -0.011731396166059416 0.0054914335118355032 0.063963813669576694 0.0035011803151846735 0.00032896355394699384 -0.020978562877953289 0.013130379611440318 0.048615703014526418 -0.014320625278549173
leaf_weight=31093.260481813457 18227.612947255373 466.71906224056147 54728.859288907144 1692.8976650927216 2865.8145960755646 481.27741644904017 526.86519287526608 179.09906526096165 3718.210168318823 1001.3103119619191 2665.7038762550801 3381.5409247428179 390.09335622936487 3095.0103260204196
leaf_count=433319 135161 6886 1379002 8496 27208 5858 6205 1850 30459 9002 24664 21809 1689 18372
internal_value=-1.14275e-05 -0.00153453 0.000505697 0.00199576 0.00061081 -0.00799141 0.00733048 0.0203255 0.00168427 -0.00165115 -0.00333006 0.00128464 0.0138666 -0.00459465
internal_weight=124514 31560 92954.3 38225.4 36532.5 4053.06 1187.24 705.964 32479.5 14251.9 12860.5 10194.8 1391.4 6813.22
internal_count=2109980 440205 1669775 290773 282277 41121 13913 8055 241156 105995 95304 70640 10691 48831
is_linear=0
shrinkage=0.03


Tree=205
num_leaves=15
num_cat=0
split_feature=0 8 7 8 0 0 6 0 8 6 7 3 0 0
split_gain=82.5335 104.797 87.9394 80.1182 218.032 139.953 127.068 500.479 293.517 296.884 211.969 187.178 273.221 182.316
threshold=114.50195312500001 2.5000000000000004 238.09085845947268 5.5000000000000009 1062.3691406250002 873.96679687500011 2.5000000000000004 714.43945312500011 4.5000000000000009 10.500000000000002 105.56882858276369 0.34647959470748907 416.06054687500006 436.72460937500006
decision_type=2 2 2 2 2 2 2 2 2 2 2 2 2 2
left_child=1 -1 -3 6 5 -5 -2 8 11 -10 -9 13 -13 -8
right_child=3 2 -4 4 -6 -7 7 10 9 -11 -12 12 -14 -15
leaf_value=-0.025246581344257786 -0.000234087760224376 -0.0059077605165625763 0.034460352543164603 -0.001131085106294937 -0.025855805924877937 0.01487705645351025 0.001394675969462258 0.0071381168442038118 0.00030290408195637024 0.016400962488934696 0.021621580396453954 -0.0076302805788112885 0.01049409130272356 -0.0051392045575329006
leaf_weight=257.13740185648203 59430.465649105376 592.08594907517545 52.907793337013572 35558.074023506138 318.10806875256822 498.4125516875647 6584.3109430309851 2809.3364365180023 2219.8058147751726 1925.3362783472985 1344.7552176245954 1060.9874101309106 2542.157380876597 9233.2172900103033
leaf_count=48518 584307 23862 1640 611184 8854 5560 311784 36829 27218 31425 14250 39704 58671 306174
internal_value=-1.13742e-05 -0.00905248 -0.00259643 5.46551e-05 -0.00112796 -0.000909803 0.000548254 0.00222556 0.000533117 0.00778013 0.0118267 -0.00101368 0.00515716 -0.00241937
internal_weight=124427 902.131 644.994 123525 36374.6 36056.5 87150.4 27719.9 23565.8 4145.14 4154.09 19420.7 3603.14 15817.5
internal_count=2109980 74020 25502 2035960 625598 616744 1410362 826055 774976 58643 51079 716333 98375 617958
is_linear=0
shrinkage=0.03


Tree=206
num_leaves=15
num_cat=0
split_feature=7 11 2 1 11 1 10 11 6 1 10 8 11 7
split_gain=81.1537 146.774 90.183 217.382 124.113 93.8188 94.7176 89.0121 163.69 161.745 150.371 125.98 123.957 258.354
threshold=171.17118835449222 3.5000000000000004 -0.9145790934562682 23.820373535156254 1.5000000000000002 9.4613656997680682 0.081160888075828566 1.5000000000000002 2.5000000000000004 15.280001640319826 -0.01503553334623575 7.5000000000000009 2.5000000000000004 293.22462463378912
decision_type=2 2 2 2 2 2 2 2 2 2 2 2 2 2
left_child=1 2 3 5 -5 6 -1 9 12 11 -11 -2 13 -9
right_child=7 -3 -4 4 -6 -7 -8 8 -10 10 -12 -13 -14 -15
leaf_value=0.0016518679555656691 -0.0029559603395802564 0.012979324522092767 -0.0009875651614812775 0.015802017897917974 0.0010038621730958273 0.0020729455439349137 -0.0061768380514606496 0.0016553795979329089 0.014592202414725617 -0.0094815796318747109 0.0040302204588975425 0.023470803870962578 -0.0020107269939588176 0.016748592356213319
leaf_weight=2405.2664818821941 9912.6549063408747 726.99449132150039 76562.69471378671 1366.8245232943445 813.78052810649388 8723.183978034649 3298.0564414509572 4639.9293886299711 1082.7078372118995 808.69435625476763 8891.7223308151588 165.05454916832969 3712.0436336714774 1308.5421574935317
leaf_count=42973 124512 11310 1502702 12836 8354 147548 51727 40073 10681 13957 91615 1909 38831 10952
internal_value=-1.12702e-05 -0.000448098 -0.00055287 0.00145117 0.0102795 0.000116751 -0.00287523 0.0013326 0.00353081 0.00013856 0.00290378 -0.00252314 0.0022911 0.00497558
internal_weight=124418 93896.8 93169.8 16607.1 2180.61 14426.5 5703.32 30521.3 10743.2 19778.1 9700.42 10077.7 9660.52 5948.47
internal_count=2109980 1777450 1766140 263438 21190 242248 94700 332530 100537 231993 105572 126421 89856 51025
is_linear=0
shrinkage=0.03


Tree=207
num_leaves=15
num_cat=0
split_feature=12 1 12 12 3 12 12 12 9 2 10 12 1 2
split_gain=108.758 201.573 214.448 501.637 293.22 336.749 337.561 365.024 244.06 252.677 181.545 167.958 649.272 369.254
threshold=4.5000000000000009 11.54664182662964 14.500000000000002 13.500000000000002 0.46702620387077337 9.5000000000000018 7.5000000000000009 6.5000000000000009 0.59478959441185009 -0.28315255045890803 0.31534752249717718 5.5000000000000009 17.269112586975101 0.88402786850929271
decision_type=2 2 2 2 2 2 2 2 2 2 2 2 2 2
left_child=-1 -2 3 4 11 6 7 -6 -4 10 -10 12 -3 -14
right_child=1 2 8 -5 5 -7 -8 -9 9 -11 -12 -13 13 -15
leaf_value=-0.0015326545504893651 -0.0012176460669084794 0.012778268161242562 -0.0047711781062225577 0.028547104632775388 -0.01098426530428393 0.012365062922533553 -0.025953348126507552 0.012286843244807579 0.0023478712747461087 -0.00057574985047066066 0.011027459283940649 0.0065926816393391766 -0.021435978154752313 0.014200221203378712
leaf_weight=31554.096028844826 36836.393924813019 1553.8990738186985 7085.5979153190274 725.45872773230076 1794.1556245200336 924.26006853021681 741.94057413004339 916.5359358843416 6050.9672491250094 18480.545031846035 3380.5355672838632 12725.204990532249 1307.6872269343585 327.15858757309616
leaf_count=440205 707492 11995 272137 3643 13460 8138 6863 6072 119127 360730 51126 96342 9952 2698
internal_value=-1.10656e-05 0.000506029 0.00163957 0.00403495 0.00315857 -0.00371804 -0.00802344 -0.00311586 0.000201122 0.00146336 0.0054589 0.00504988 -0.00110692 -0.0143046
internal_weight=124404 92850.3 56013.9 21016.3 20290.8 4376.89 3452.63 2710.69 34997.6 27912 9431.5 15913.9 3188.74 1634.85
internal_count=2109980 1669775 962283 159163 155520 34533 26395 19532 803120 530983 170253 120987 24645 12650
is_linear=0
shrinkage=0.03


Tree=208
num_leaves=15
num_cat=0
split_feature=12 7 5 9 9 9 2 12 12 3 5 12 2 12
split_gain=106.369 143.559 95.8065 92.3951 88.7712 117.849 88.1323 88.0444 185.79 104.954 73.1904 369.31 76.9148 168.487
threshold=1.0000000180025095e-35 175.79376220703128 479.56861877441412 0.12671289592981341 0.85682016611099254 0.92389631271362316 0.8664996623992921 3.5000000000000004 4.5000000000000009 -0.86039662361145008 1167.5230712890627 6.5000000000000009 -0.094386298209428773 4.5000000000000009
decision_type=2 2 2 2 2 2 2 2 2 2 2 2 2 2
left_child=1 -1 6 -2 10 7 -3 -6 -9 -10 12 -12 -5 -14
right_child=3 2 -4 4 5 -7 -8 8 9 -11 11 -13 13 -15
leaf_value=-0.012324868576629833 -0.024223463780100048 0.011121134206244769 -0.017403026589769686 0.00070539878361472908 -0.0073344735259600752 -0.013160632132487918 -0.022958882020426355 0.019550751970969248 -0.0030295153287406827 0.0040181202790233149 -0.030179170968281512 0.0090841974226709733 -0.0041051780877141199 1.3103637155678848e-07
leaf_weight=1419.1654392702039 140.27411353169009 663.04886371851899 169.38660079822876 54686.352560339496 718.09446367621422 424.89002428017557 76.135163847357035 614.82476554811001 2361.1919889342971 9773.5414567627013 396.38661910314113 472.7407167237252 11533.477526330389 40918.292789364001
leaf_count=110835 30121 24713 9684 799198 7164 8151 3735 4434 38764 135432 3708 3426 130208 800407
internal_value=-1.09785e-05 -0.00636369 0.00294753 0.00011019 0.000138192 0.0023955 0.00761093 0.00288628 0.00346195 0.00264678 -0.000152157 -0.00882281 -8.1819e-05 -0.000902574
internal_weight=124368 2327.74 908.571 122040 121900 13892.5 739.184 13467.7 12749.6 12134.7 108007 869.127 107138 52451.8
internal_count=2109980 148967 38132 1961013 1930892 193945 28448 185794 178630 174196 1736947 7134 1729813 930615
is_linear=0
shrinkage=0.03


Tree=209
num_leaves=15
num_cat=0
split_feature=12 0 0 5 1 9 9 0 12 0 0 12 12 0
split_gain=100.773 262.875 146.655 103.371 109.474 89.0254 83.71 144.179 143.011 152.568 140.435 130.838 349.145 124.404
threshold=1.0000000180025095e-35 535.44335937500011 857.10546875000011 122.4913673400879 9.2716250419616717 0.12671289592981341 0.86072671413421642 680.03320312500011 6.5000000000000009 453.68554687500006 587.66406250000011 3.5000000000000004 4.5000000000000009 294.25976562500006
decision_type=2 2 2 2 2 2 2 2 2 2 2 2 2 2
left_child=1 -1 3 -3 -5 -2 13 8 -8 -10 -11 -9 -13 -7
right_child=5 2 -4 4 -6 6 7 11 9 10 -12 12 -14 -15
leaf_value=-0.027853645049668724 -0.024059200306798957 -0.0157936610449847 -0.018694863578219333 0.018241141310937101 -0.00025070885773786553 -0.0041211157993870061 -0.010708881572797832 -0.010611598384558826 0.0068368562829775829 -0.0055722537158804887 0.0049287015628068703 0.036678137847097274 0.0057799019514531615 0.0001226426233707523
leaf_weight=414.66140399873257 137.043844255968 234.28819696279243 361.0111077579204 430.01419872464612 873.27396861929446 6618.1331882430241 939.89557144790888 332.8721845895052 3126.6047440124676 3065.6525822868571 1830.6525632925332 368.55243791639805 3077.8638419508934 102548.31007982325
leaf_count=45417 30121 14416 29971 16599 42564 286287 9098 3014 58960 47434 26369 2117 31371 1466242
internal_value=-1.07936e-05 -0.00621383 -0.00148758 0.00255255 0.0058506 0.000106779 0.000133945 0.00243495 0.000362728 0.00165978 -0.00164611 0.00734934 0.00908409 -0.000134632
internal_weight=124359 2313.25 1898.59 1537.58 1303.29 122046 121909 12742.1 8962.81 8022.91 4896.31 3779.29 3446.42 109166
internal_count=2109980 148967 103550 73579 59163 1961013 1930892 178363 141861 132763 73803 36502 33488 1752529
is_linear=0
shrinkage=0.03


Tree=210
num_leaves=15
num_cat=0
split_feature=7 3 5 3 8 3 5 10 2 7 5 3 2 10
split_gain=76.9443 75.7725 79.6391 74.3348 77.5629 65.4587 121.525 180.604 129.384 119.961 99.9231 91.5631 90.3984 87.7467
threshold=48.493501663208015 0.92904508113861095 1167.5230712890627 0.14342700690031054 2.5000000000000004 0.09513940662145616 479.56861877441412 0.11736135557293893 -0.12158433347940444 293.22462463378912 693.67755126953136 -0.30180253088474268 0.6697448492050172 0.44594994187355047
decision_type=2 2 2 2 2 2 2 2 2 2 2 2 2 2
left_child=3 2 5 4 -1 6 8 -8 -2 -10 12 -9 -7 -14
right_child=1 -3 -4 -5 -6 10 7 11 9 -11 -12 -13 13 -15
leaf_value=-0.0062904724107853208 0.0023881971754711345 -0.0033928983257123261 -0.008845334168764981 0.00090012357310412716 -0.0014935761731241504 0.00033838119999964424 0.0011473533936566637 -0.0088887991999963903 -0.0010758727360611461 0.0074649241996411694 0.0085817329949531979 0.00025046787899121498 0.0037315960735254347 0.022568002357151954
leaf_weight=3755.0742524680682 23332.483365097083 4527.9787595025264 799.27668114006519 8840.0854354461189 15792.392295308411 19061.864572938415 5281.1009296940174 4060.4727950613014 27377.803333108895 1564.6767360290978 1867.8723982267547 1303.2593616060913 6549.7329554506578 230.40520960441791
leaf_count=275777 357970 61430 7120 163420 268593 235710 57655 37928 502150 17090 16720 11027 94593 2797
internal_value=-1.06381e-05 0.000395265 0.000582872 -0.00138269 -0.00241506 0.000666021 0.000130972 -0.00279074 0.000725926 -0.000614144 0.00188094 -0.00666817 0.0013966 0.0043717
internal_weight=124344 95956.9 91428.9 28387.6 19547.5 90629.7 62919.8 10644.8 52275 28942.5 27709.9 5363.73 25842 6780.14
internal_count=2109980 1402190 1340760 707790 544370 1333640 983820 106610 877210 519240 349820 48955 333100 97390
is_linear=0
shrinkage=0.03


Tree=211
num_leaves=15
num_cat=0
split_feature=12 0 2 12 12 12 1 12 0 0 5 0 2 10
split_gain=96.7333 266.645 487.758 359.046 828.699 246.581 673.026 492.238 567.634 545.795 458.594 426.325 390.937 363.868
threshold=4.5000000000000009 951.10351562500011 -0.57415318489074696 3.5000000000000004 2.5000000000000004 2.5000000000000004 15.987113952636721 3.5000000000000004 450.82617187500006 926.42968750000011 609.85244750976574 485.30468750000006 0.60147005319595348 0.10297307372093202
decision_type=2 2 2 2 2 2 2 2 2 2 2 2 2 2
left_child=1 5 3 4 -3 6 13 9 -9 -7 -10 12 -8 -1
right_child=-2 2 -4 -5 -6 7 11 8 10 -11 -12 -13 -14 -15
leaf_value=0.010251650557347674 0.00047668445169878233 -0.013970199341606893 -0.027610702008974055 -0.036068119793380884 0.035178080615215906 -0.012837709659382466 -0.0075464140757651923 -0.028617331364135256 0.0059964631301082918 0.030682242142155737 -0.026346149310290959 -0.012500580947631922 0.025076601819922641 -0.00055033372309834256
leaf_weight=6733.4063683019485 92866.550086879637 768.59591146139428 961.28931623324752 215.54234587587416 516.08243758790195 5136.032148912549 729.62488643964753 523.36533723026514 6007.7513523008674 273.14857816323638 422.30251447483897 3765.1003624913283 604.503320583608 4812.5225972682238
leaf_count=97124 1669775 16346 22747 2085 3648 57096 12617 6689 48114 2241 3164 73547 9635 85152
internal_value=-1.04229e-05 -0.00144789 -0.0109277 -0.000237869 0.0057737 -0.000643457 0.00174026 -0.00385293 0.00142691 -0.0106401 0.00387232 -0.00733701 0.00723531 0.00574922
internal_weight=124336 31469.3 2461.51 1500.22 1284.68 29007.8 16645.2 12362.6 6953.42 5409.18 6430.05 5099.23 1334.13 11545.9
internal_count=2109980 440205 44826 22079 19994 395379 278075 117304 57967 59337 51278 95799 22252 182276
is_linear=0
shrinkage=0.03


Tree=212
num_leaves=15
num_cat=0
split_feature=9 1 4 1 2 5 11 8 9 1 11 9 5 6
split_gain=83.532 203.699 141.089 107.092 154.526 181.897 283.014 189.575 187.681 152.461 160.278 112.954 109.636 109.21
threshold=0.42974959313869482 18.701701164245609 1.0000000180025095e-35 9.3325610160827654 -0.86153134703636158 352.43949890136724 2.5000000000000004 4.5000000000000009 0.61323589086532604 22.945831298828129 1.5000000000000002 0.87051668763160717 718.24157714843761 60.500000000000007
decision_type=2 2 2 2 2 2 2 2 2 2 2 2 2 2
left_child=1 2 -1 13 9 6 8 -7 -6 11 -11 -5 -12 -2
right_child=3 -3 -4 4 5 7 -8 -9 -10 10 12 -13 -14 -15
leaf_value=0.0020126584493017196 -0.0010602112098709608 -0.013133713552102294 -0.0062391845630716501 0.00083523738707287035 -0.0030580655691656378 -0.00072962201170516253 0.012686929740899765 -0.0078112074158256124 0.0016268904898529707 0.012675698034924795 -0.0038668820634214563 0.010057613165795613 0.016041274407075704 -0.013864546004270114
leaf_weight=5336.380466270959 29543.12547957385 1431.9730716184713 2866.524499067571 12501.824267596472 9790.203934101155 14526.210957537405 1820.246989024803 4442.78999105189 35973.174644182436 2664.3964636633173 1168.3247503605671 1321.6062329253182 316.38087708456442 611.92056078789756
leaf_count=105798 425107 49865 164508 180157 256319 127778 21561 56300 620224 22675 11568 17357 3198 47565
internal_value=-1.05893e-05 -0.0026935 -0.000870968 0.000214816 0.00076239 9.58111e-05 0.00108606 -0.00238822 0.000624633 0.00323074 0.00827419 0.00171695 0.000375413 -0.00132004
internal_weight=124315 9634.88 8202.9 114680 84525.2 66552.6 47583.6 18969 45763.4 17972.5 4149.1 13823.4 1484.71 30155
internal_count=2109980 320171 270306 1789809 1317137 1082182 898104 184078 876543 234955 37441 197514 14766 472672
is_linear=0
shrinkage=0.03


Tree=213
num_leaves=15
num_cat=0
split_feature=12 0 0 7 0 2 1 0 9 9 9 0 12 12
split_gain=96.2341 257.84 141.048 115.714 137.688 134.062 98.2912 128.265 85.3289 80.5123 107.097 118.099 289.312 263.893
threshold=1.0000000180025095e-35 535.44335937500011 900.09765625000011 151.96003723144534 610.64257812500011 0.8664996623992921 21.323174476623539 685.42578125000011 0.12671289592981341 0.92389631271362316 0.86072671413421642 294.25976562500006 1.5000000000000002 8.5000000000000018
decision_type=2 2 2 2 2 2 2 2 2 2 2 2 2 2
left_child=1 -1 3 -3 -5 6 7 -6 -2 10 11 12 -10 -14
right_child=8 2 -4 4 5 -7 -8 -9 9 -11 -12 -13 13 -15
leaf_value=-0.027793218465750422 -0.023869845308669996 -0.0063670185833926522 -0.024949857727903833 -0.029148220491124234 0.053833263751795514 -0.02101293243810505 -0.015158751510354614 0.015786350574411561 0.017052425411553489 -0.012964930765147745 0.0028231427437842207 0.00012634849698133231 -0.02898416879596033 -0.004192325330166306
leaf_weight=405.73634685087018 133.4690911131911 853.16172779537737 204.87384898611344 76.0757763274014 94.783193263225257 90.869655346497893 72.537810333073139 502.67752230446786 538.63288252800703 421.08046432817355 12354.460237651598 102499.01100086886 414.85005939844996 5637.2932799654081
leaf_count=45417 30121 54281 20950 3726 2681 3734 3188 14990 2949 8151 170212 1466242 7295 276043
internal_value=-1.04391e-05 -0.00608895 -0.00144183 0.00140781 0.00933329 0.0131809 0.0178185 0.0218222 0.000104193 0.000130449 0.000175855 -0.000123952 -0.00401659 -0.00589171
internal_weight=124300 2300.72 1894.98 1690.11 836.944 760.868 669.999 597.461 121999 121865 121444 109090 6590.78 6052.14
internal_count=2109980 148967 103550 82600 28319 24593 20859 17671 1961013 1930892 1922741 1752529 286287 283338
is_linear=0
shrinkage=0.03


Tree=214
num_leaves=15
num_cat=0
split_feature=0 11 5 1 0 0 10 2 0 0 10 5 5 0
split_gain=79.5212 201.594 181.525 169.292 337.892 174.48 151.64 135.259 290.567 225.088 261.386 215.546 152.095 132.547
threshold=762.95898437500011 3.5000000000000004 301.39985656738287 7.407992124557496 582.01757812500011 277.51171875000006 0.081160888075828566 -0.20168393105268476 200.59179687500003 500.39843750000006 -0.085478655993938432 506.19331359863287 239.71882629394534 587.66406250000011
decision_type=2 2 2 2 2 2 2 2 2 2 2 2 2 2
left_child=1 3 -3 4 5 -1 -7 8 12 10 -9 -10 -5 -11
right_child=-2 2 -4 7 -6 6 -8 9 11 13 -12 -13 -14 -15
leaf_value=-0.01476817422046753 0.0010182478453442429 0.032254815725819737 0.0029403810736829896 -0.016426025343259897 -0.0099287290241066688 0.0070912836533231173 -0.0022646822422754168 0.018377524767544527 0.0024568973213711606 -0.0069812832688764164 0.00047577546639312768 -0.0090219849335136937 0.018927776450165273 -0.0018122359473833221
leaf_weight=632.00141656491905 43805.317564675352 312.80017744051293 484.72097771521658 1116.1667129464913 5031.936517263297 2735.7306527262554 3625.0714611592703 773.66250055306591 28883.423247350845 6471.4654713678174 14342.243354512262 1551.3323637484573 121.43297599535435 14397.845337551087
leaf_count=51720 430370 4321 5693 54520 85341 68851 81294 24613 503368 138430 397391 13883 2400 247785
internal_value=-1.0321e-05 -0.000570173 0.014438 -0.000720386 -0.00400042 0.000265516 0.00175924 -0.000137427 0.00129235 -0.00139584 0.00139202 0.00187179 -0.0129571 -0.00341513
internal_weight=124285 80479.8 797.521 79682.3 12024.7 6992.8 6360.8 67657.6 31672.4 35985.2 15115.9 30434.8 1237.6 20869.3
internal_count=2109980 1679610 10014 1669596 287206 201865 150145 1382390 574171 808219 422004 517251 56920 386215
is_linear=0
shrinkage=0.03


Tree=215
num_leaves=15
num_cat=0
split_feature=12 0 3 11 12 1 12 1 11 0 12 0 11 0
split_gain=96.6631 254.086 518.295 400.358 575.338 276.498 232.042 637.242 472.284 1302.21 364.808 621.389 650.292 463.156
threshold=4.5000000000000009 951.10351562500011 -0.23699139803647992 2.5000000000000004 2.5000000000000004 24.578886985778812 2.5000000000000004 14.125854015350344 2.5000000000000004 862.84179687500011 1.5000000000000002 464.57617187500006 2.5000000000000004 382.30664062500006
decision_type=2 2 2 2 2 2 2 2 2 2 2 2 2 2
left_child=1 6 -3 4 -4 -6 7 10 -8 -10 13 -12 -13 -1
right_child=-2 2 3 -5 5 -7 8 -9 9 -11 11 12 -14 -15
leaf_value=0.029953762739940611 0.00047657732841427977 -0.025900532957384252 -0.028342457217550892 0.042524027514342803 -0.0099662270017551371 0.030740482333706087 -0.0065880802006233839 -0.005663625158436097 -0.0030802297499265977 0.052730790954327325 -0.025212455714218304 0.020126351235601029 -0.0050527383200277927 -0.0029626897613996522
leaf_weight=423.96252176281996 92841.675113904756 1108.2106197702233 513.12608550000004 187.42810205672868 249.81928997952491 376.51512634754181 10042.391567943618 6534.0637054606341 1809.6258921194822 475.02363003045321 385.67013842239976 3964.1600389908999 1203.3822830207646 4156.2824936131947
leaf_count=8687 1669775 24124 11567 3996 3210 1929 101116 120713 13344 2844 4117 31283 8069 105206
internal_value=-1.02382e-05 -0.00144827 -0.0107559 0.00189273 -0.00479065 0.0145042 -0.000666565 0.00164146 -0.00378727 0.00852398 0.00635178 0.0115213 0.0142628 8.41652e-05
internal_weight=124271 31429.7 2435.1 1326.89 1139.46 626.334 28994.6 16667.5 12327 2284.65 10133.5 5553.21 5167.54 4580.25
internal_count=2109980 440205 44826 20702 16706 5139 395379 278075 117304 16188 157362 43469 39352 113893
is_linear=0
shrinkage=0.03


Tree=216
num_leaves=15
num_cat=0
split_feature=9 1 0 4 1 0 0 0 2 0 1 8 8 9
split_gain=80.0549 211.28 178.807 203.596 112.676 206.455 373.24 267.936 167.999 295.947 168.505 165.608 317.894 164.178
threshold=0.44734695553779608 17.093500137329105 991.06835937500011 1.0000000180025095e-35 11.54664182662964 552.99609375000011 873.96679687500011 968.75000000000011 -0.26925390958786005 422.11132812500006 18.162634849548343 5.5000000000000009 4.5000000000000009 0.86072671413421642
decision_type=2 2 2 2 2 2 2 2 2 2 2 2 2 2
left_child=1 2 3 -1 5 11 -7 -8 9 13 -11 12 -2 -6
right_child=4 -3 -4 -5 8 6 7 -9 -10 10 -12 -13 -14 -15
leaf_value=0.0044046636851210507 0.0021367746177612629 -0.010814438694553752 -0.013535125072993532 -0.0053534741774312073 -0.0057894465914712125 -0.0042467846675013363 0.0074906751189207626 -0.006204732057705933 -0.00031637239991463313 0.0017489072944347032 0.0067232396454970826 -0.0021217863268507635 0.018079118438591144 0.008244534160110558
leaf_weight=5371.6322909481823 7588.1764350272715 2176.2651032680878 849.64430218772031 2998.4954751841724 4715.5218406051863 22592.736134531908 4852.4100790573284 1749.0722900906112 39035.979862807551 13078.313346874435 11534.360480025411 5491.0388665699866 1321.7765152882785 892.1750694187358
leaf_count=93839 219953 73745 21940 170468 122716 287098 41396 21243 651280 162651 106455 105450 17078 14668
internal_value=-1.0399e-05 -0.00240674 -0.000422155 0.000908931 0.000231589 -0.000963207 -0.00241319 0.00386206 0.000983685 0.00266298 0.00408005 0.00197625 0.00450179 -0.00355666
internal_weight=124248 11396 9219.77 8370.13 112852 43595.2 29194.2 6601.48 69256.4 30220.4 24612.7 14401 8909.95 5607.7
internal_count=2109980 359992 286247 264307 1749988 692218 349737 62639 1057770 406490 269106 342481 237031 137384
is_linear=0
shrinkage=0.03


Tree=217
num_leaves=15
num_cat=0
split_feature=12 5 6 11 3 10 12 12 8 10 6 3 12 5
split_gain=94.0866 234.439 138.309 138.126 260.593 208.432 262.522 279.289 197.405 185.399 172.853 353.771 289.592 388.16
threshold=4.5000000000000009 960.92428588867199 39.500000000000007 1.5000000000000002 0.76752087473869335 -0.071870651096105562 2.5000000000000004 1.5000000000000002 7.5000000000000009 -0.15553469210863111 1.5000000000000002 -1.0000000180025095e-35 1.5000000000000002 420.05364990234381
decision_type=2 2 2 2 2 2 2 2 2 2 2 2 2 2
left_child=1 3 -2 4 5 6 7 -1 9 -5 11 -11 -13 -14
right_child=2 -3 -4 8 -6 -7 -8 -9 -10 10 -12 12 13 -15
leaf_value=0.0032907330520729043 0.00079758944570926054 -0.022919741751834061 -0.0036194362775302247 -0.015112595755147062 -0.016797933316359901 -0.0036568065316712134 -0.017785720032138474 0.035300567466094904 -0.0307587121726202 -0.0046516183455581643 0.0060908539273167037 -0.007835240487704908 -9.923370734074185e-05 0.018087401727250502
leaf_weight=615.88715112768114 85950.963470447576 450.34518008865416 6891.7536875319201 636.70039683580399 1213.9034022539854 9648.0144887482747 258.66767391655594 407.71835900750011 180.15162812452763 7570.6777490910608 5012.7361771580763 1165.4250898680184 2098.0425836518407 2126.9752709511667
leaf_count=18483 1239751 6886 430024 17026 19590 141355 3777 4222 2517 97814 61712 34991 16206 15626
internal_value=-1.03138e-05 -0.00143031 0.000469712 -0.00111747 -0.00361104 -0.00214652 0.00921708 0.0160408 0.000494095 0.000796624 0.00136019 -0.000469406 0.00540436 0.00905635
internal_weight=124228 31385.2 92842.7 30934.9 12144.2 10930.3 1282.27 1023.61 18790.7 18610.6 17973.9 12961.1 5390.44 4225.02
internal_count=2109980 440205 1669775 433319 187427 167837 26482 22705 245892 243375 226349 164637 66823 31832
is_linear=0
shrinkage=0.03


Tree=218
num_leaves=15
num_cat=0
split_feature=9 9 9 0 5 0 0 6 0 8 6 0 6 0
split_gain=76.5972 76.2034 88.1073 111.585 125.515 118.391 110.904 144.571 140.328 235.833 201.744 194.862 162.267 503.639
threshold=0.16052684932947162 0.92389631271362316 0.86072671413421642 680.03320312500011 266.33035278320318 333.83007812500006 294.25976562500006 26.500000000000004 509.43359375000006 6.5000000000000009 67.500000000000014 685.42578125000011 2.5000000000000004 688.29492187500011
decision_type=2 2 2 2 2 2 2 2 2 2 2 2 2 2
left_child=-1 2 6 5 -5 -4 7 -2 -8 10 12 -11 -10 -14
right_child=1 -3 3 4 -6 -7 8 -9 9 11 -12 -13 13 -15
leaf_value=-0.017682166026244582 -0.0011191271368328351 -0.012771256350806092 0.0073325546276319905 0.012899464464305056 0.0019440833666025756 -0.0012339301117753794 0.0020755194248064843 -0.010888221805553643 -0.00056841007408563453 -0.0099767029352074033 -0.018447704126741279 -0.0014627638924496764 -0.0011795415045718553 0.010149974873620113
leaf_weight=220.35215170669835 4651.5039057682734 417.68295337120071 1840.098842514446 1667.7358298720792 2160.5003683222458 6883.6108267642558 23470.648941445397 1928.680200152332 55058.702803239925 4015.8090083459392 526.57661041151732 6086.0706839675549 9746.0866471561603 5537.9110348934773
leaf_count=38219 154456 8256 35869 18582 21432 105466 531527 137553 548506 75126 51094 76642 234345 72907
internal_value=-1.02557e-05 2.115e-05 6.43887e-05 0.00244678 0.00671669 0.000573005 -0.00020496 -0.00398249 3.30372e-05 -0.000559006 5.22609e-05 -0.00484732 0.000190749 0.00292553
internal_weight=124212 123992 123574 12551.9 3828.24 8723.71 111022 6580.18 104442 80971.2 70869.3 10101.9 70342.7 15284
internal_count=2109980 2071761 2063505 181349 40014 141335 1882156 292009 1590147 1058620 906852 151768 855758 307252
is_linear=0
shrinkage=0.03


Tree=219
num_leaves=15
num_cat=0
split_feature=7 8 1 8 5 6 6 6 1 1 8 6 2 10
split_gain=70.4392 91.1048 203.096 115.809 103.403 138.121 97.0074 154.094 149.483 161.297 256.017 148.702 212.324 112.768
threshold=187.76160430908206 5.5000000000000009 21.323174476623539 7.5000000000000009 441.28549194335943 5.5000000000000009 56.500000000000007 3.5000000000000004 5.2064876556396493 16.564858436584476 4.5000000000000009 26.500000000000004 -0.61844193935394276 -0.0041426878888159982
decision_type=2 2 2 2 2 2 2 2 2 2 2 2 2 2
left_child=1 6 3 4 5 -3 7 -1 -9 10 11 -10 -13 -12
right_child=-2 2 -4 -5 -6 -7 -8 8 9 -11 13 12 -14 -15
leaf_value=-0.00056204594104963899 0.001395407335036991 0.00031043350584108358 0.0038775349271022897 0.011725129517951714 -0.0097131741035233702 -0.0043933113592054315 -0.0056149359463297244 -0.0059950457115212751 0.0056353700032769479 -0.0010755410790845839 0.039409821230030756 0.0076078937345902299 -0.0067522287778103715 0.013113807273804963
leaf_weight=43885.571389299817 25500.871549470001 9354.3068547742441 4891.0239118975587 485.48340955050662 1945.1260903405491 14068.08294169954 2455.051724079065 1704.2537612820743 8561.7981935829157 5560.6652079568012 160.93612346518785 1478.2528578930069 2483.4956731698476 1667.9154362138361
leaf_count=449390 273290 128231 86649 5424 26141 325402 213706 60768 176419 145324 2800 63968 129596 22872
internal_value=-1.01485e-05 -0.000373291 -0.00172838 -0.00278894 -0.00306671 -0.00251476 0.000239749 0.000459183 0.00253239 0.00326221 0.00494282 0.00341167 -0.00139402 0.0154278
internal_weight=124203 98702 30744 25853 25367.5 23422.4 67957.9 65502.9 21617.3 19913.1 14352.4 12523.5 3961.75 1828.85
internal_count=2109980 1836690 571847 485198 479774 453633 1264843 1051137 601747 540979 395655 369983 193564 25672
is_linear=0
shrinkage=0.03


Tree=220
num_leaves=15
num_cat=0
split_feature=9 10 1 1 11 0 0 0 0 8 0 9 0 1
split_gain=75.1465 174.367 140.921 79.0449 175.644 393.733 255.008 219.964 184.001 340.898 171.694 424.438 258.597 331.891
threshold=0.38308379054069525 -0.092771433293819414 18.162634849548343 22.347250938415531 1.5000000000000002 371.04492187500006 968.75000000000011 1153.5605468750002 525.78515625000011 6.5000000000000009 717.56835937500011 0.7098783850669862 685.42578125000011 8.9898929595947283
decision_type=2 2 2 2 2 2 2 2 2 2 2 2 2 2
left_child=1 2 -1 4 -2 -6 8 -8 9 -7 12 -12 -10 -14
right_child=3 -3 -4 -5 5 6 7 -9 10 -11 11 -13 13 -15
leaf_value=0.0033980848065337478 -0.0009041974747037491 -0.009225153548933003 -0.016644511957746303 0.0020231335280534862 -0.031444295088443423 0.0065133317711562012 -0.014124135120073589 0.011255736897510204 0.001734852492620814 0.039230767868810641 -0.00017781541695001331 0.0106601882837822 -0.026254292381258312 0.00019334291076239957
leaf_weight=2927.1731607629918 75006.364086756483 2547.0459481131984 353.8979344421532 17369.559834205778 313.77897484321147 3692.6982265771367 1398.6427419139072 393.89036937127821 4184.8740120092407 310.74091791175306 8827.1030808058567 5149.0508888391778 797.46949829719961 919.31972747948021
leaf_count=94305 1417706 117570 16708 215105 4724 36367 11671 4142 42708 3683 83901 44348 7716 9326
internal_value=-1.00194e-05 -0.00333565 0.00123628 0.000153732 -0.000167779 0.0019577 0.00236593 -0.00854717 0.00318507 0.00905281 0.0020033 0.00381509 -0.00228734 -0.0120919
internal_weight=124192 5828.12 3281.07 118363 100994 25987.6 25673.8 1792.53 23881.3 4003.44 19877.8 13976.2 5901.66 1716.79
internal_count=2109980 228583 111013 1881397 1666292 248586 243862 15813 228049 40050 187999 128249 59750 17042
is_linear=0
shrinkage=0.03


Tree=221
num_leaves=15
num_cat=0
split_feature=12 11 12 3 12 12 6 12 2 11 3 12 12 12
split_gain=98.804 449.751 504.365 333.352 429.166 796.249 196.647 303.121 400.661 356.919 261.867 260.166 240.325 237.346
threshold=5.5000000000000009 1.5000000000000002 9.5000000000000018 -0.061167968437075608 6.5000000000000009 7.5000000000000009 1.5000000000000002 4.5000000000000009 0.87824285030365001 2.5000000000000004 0.70825532078742992 3.5000000000000004 1.5000000000000002 1.5000000000000002
decision_type=2 2 2 2 2 2 2 2 2 2 2 2 2 2
left_child=6 -2 3 -3 -5 -6 13 9 -9 10 12 -11 -8 -1
right_child=1 2 -4 4 5 -7 7 8 -10 11 -12 -13 -14 -15
leaf_value=-0.0095214824554764026 -0.00017728757067403704 0.0099991706853006772 0.030971000895864229 -0.014187296525802771 0.020316043979798769 -0.022708907114361666 0.0054698463766984264 0.0056076403421676775 0.037789349438761381 0.007641218490343743 -0.01691535933814968 0.041246005047430888 -0.0046413634019566467 -0.0015780405949526049
leaf_weight=4064.4541344579775 77170.439078789088 4690.5543057285249 724.22240446507931 1518.4151760451496 1285.7011459246278 553.90512528643012 3387.7976565996651 1993.8878975044936 421.84168449230492 1191.7068176523317 1015.1968325041234 251.01799204945564 5633.7897084355354 20262.36772653833
leaf_count=132943 1571361 23858 3146 7943 6436 4148 71291 17604 3451 17201 15837 1212 63809 169740
internal_value=-9.9315e-06 0.000554433 0.00699106 0.00483331 -0.00238248 0.00736124 -0.00127892 0.00156828 0.0112273 -0.000464355 -0.00246993 0.0134881 -0.000844389 -0.00290521
internal_weight=124165 85943.2 8772.8 8048.58 3358.02 1839.61 38222.1 13895.2 2415.73 11479.5 10036.8 1442.72 9021.59 24326.8
internal_count=2109980 1616892 45531 42385 18527 10584 493088 190405 21055 169350 150937 18413 135100 302683
is_linear=0
shrinkage=0.03


Tree=222
num_leaves=15
num_cat=0
split_feature=9 9 9 1 5 1 2 11 7 7 3 11 6 11
split_gain=73.6517 71.9063 84.3012 96.2379 61.9424 69.3717 260.853 125.931 197.409 151.55 123.295 118.17 213.666 117.771
threshold=0.12671289592981341 0.92389631271362316 0.86072671413421642 6.2644619941711435 1167.5230712890627 22.544713020324711 -0.35115043818950648 1.5000000000000002 114.03580856323244 313.95783996582037 0.20660220086574557 1.5000000000000002 2.5000000000000004 3.5000000000000004
decision_type=2 2 2 2 2 2 2 2 2 2 2 2 2 2
left_child=-1 2 4 -4 5 11 7 9 -9 -7 -10 -2 -13 -14
right_child=1 -3 3 -5 -6 6 -8 8 10 -11 -12 12 13 -15
leaf_value=-0.022673663902903596 -0.0011072863603787267 -0.012490740007726441 -0.0068671667791882366 0.0031300297238225673 -0.0082127860036200397 0.010223433541598926 -0.0020583235135509881 -0.0095387290830823077 0.0013310494510333586 -0.0053487938233686607 0.0219932948966895 -3.8070229050282986e-05 0.0058717831393237073 0.028099791153587416
leaf_weight=128.91640009894036 68347.755061457749 412.50806610099971 936.43329756241292 11625.49276304571 863.28776873624884 4574.2100424014498 7940.1784705477767 1065.3039959510788 764.72654121485539 641.32749958196655 393.74206118797883 21475.792441274738 4710.9656797891948 224.76105291955173
leaf_count=30464 1414769 8256 15758 165591 7956 48452 125815 10695 7424 5236 4854 210348 51474 2888
internal_value=-9.84956e-06 1.37173e-05 5.54624e-05 0.00238479 -0.000208143 -0.000145402 0.00172348 0.00575991 -0.000217681 0.0083086 0.00835376 -0.000448722 0.00125551 0.00688399
internal_weight=124105 123976 123564 12561.9 111002 110139 15379.5 7439.31 2223.77 5215.54 1158.47 94759.3 26411.5 4935.73
internal_count=2109980 2079516 2071260 181349 1889911 1881955 202476 76661 22973 53688 12278 1679479 264710 54362
is_linear=0
shrinkage=0.03


Tree=223
num_leaves=15
num_cat=0
split_feature=0 0 6 7 1 0 0 0 10 6 0 7 0 6
split_gain=72.7282 91.5007 177.252 158.874 149.267 293.829 166.377 145.346 137.278 141.268 183.129 119.336 104.719 102.805
threshold=1219.4902343750002 762.95898437500011 2.5000000000000004 302.71090698242193 7.407992124557496 582.01757812500011 277.51171875000006 705.26171875000011 0.10116915032267572 36.500000000000007 360.03906250000006 68.636592864990249 489.65820312500006 2.5000000000000004
decision_type=2 2 2 2 2 2 2 2 2 2 2 2 2 2
left_child=1 3 -3 4 5 6 -1 -5 9 10 -8 -6 -12 -13
right_child=-2 2 -4 7 11 -7 8 -9 -10 -11 12 13 -14 -15
leaf_value=-0.014877900152667161 -0.0075946215992985511 0.00064633812443074174 0.0081543159750679488 0.010841551453723222 -0.0018476232939216208 -0.0095960152430208598 0.037965526637823044 -0.0049269420752560715 -0.0025715927364864987 -0.0084312210089939939 -0.0034953121142154106 -0.00092335846522420648 0.011136762405931729 0.0021141602128633506
leaf_weight=606.32536897191312 1127.3978294997942 39602.630325376056 3047.8047827661503 1971.0951480909716 25416.324334223988 4809.3668023596983 186.65583502454683 717.6376464702189 3291.3233450185508 478.26663596276194 613.78251651860774 17958.376183201326 1556.6236911655869 22709.012940091081
leaf_count=50900 24770 374740 30860 21450 724180 84210 5076 6040 74610 34725 13155 197210 21144 446910
internal_value=-9.67908e-06 5.98629e-05 0.00118286 -0.000536494 -0.000784819 -0.00393257 0.000112834 0.00663285 0.0015964 0.0064347 0.00945112 -0.000235025 0.00699887 0.000772818
internal_weight=124093 122965 42650.4 80314.8 77626.1 11542.3 6732.98 2688.73 6126.65 2835.33 2357.06 66083.7 2170.41 40667.4
internal_count=2109980 2085210 405600 1679610 1652120 283820 199610 27490 148710 74100 39375 1368300 34299 644120
is_linear=0
shrinkage=0.03


Tree=224
num_leaves=15
num_cat=0
split_feature=12 0 12 12 11 0 12 11 3 11 12 3 11 0
split_gain=99.363 666.141 645.332 938.629 421.61 551.646 935.425 419.902 430.387 371.031 301.021 405.985 332.625 230.697
threshold=5.5000000000000009 951.10351562500011 3.5000000000000004 2.5000000000000004 1.5000000000000002 717.56835937500011 9.5000000000000018 2.5000000000000004 0.15508673340082171 2.5000000000000004 6.5000000000000009 -0.14693097025156018 2.5000000000000004 846.30664062500011
decision_type=2 2 2 2 2 2 2 2 2 2 2 2 2 2
left_child=1 -1 3 7 -2 6 9 -3 -9 -6 11 -7 -12 -13
right_child=4 2 -4 -5 5 10 -8 8 -10 -11 12 13 -14 -15
leaf_value=-0.00014413964859927173 -0.00015224016282363139 -0.030175862688380423 -0.035758531546592608 0.023229295476172963 -0.016816517658074116 0.014920512987492781 0.032446322127196336 -0.01911021076800069 0.050465037468835697 0.010114699362094654 0.014786183786471029 -0.018684089737736213 0.042511512993088918 0.0090626657278568782
leaf_weight=35288.609493113589 77108.267114170827 977.08466550335288 925.74619791284204 677.66892971564084 2021.2106732539833 1692.4590713977814 547.24543356150389 199.22911533433944 133.73091425769962 596.21666734293103 2296.8331823199987 713.5443988442421 468.9578472673893 433.54716672003269
leaf_count=443698 1571361 25232 9140 6287 14919 7666 2387 5848 2883 2805 10233 3309 2190 2022
internal_value=-9.55837e-06 -0.00128242 -0.0150695 -0.00543397 0.00055666 0.00678949 -0.00322405 -0.0202611 0.00883417 -0.0106819 0.012443 0.0055817 0.0194872 -0.00819711
internal_weight=124080 38202.1 2913.46 1987.71 85878.3 8770.01 3164.67 1310.04 332.96 2617.43 5605.34 2839.55 2765.79 1147.09
internal_count=2109980 493088 49390 40250 1616892 45531 20111 33963 8731 17724 25420 12997 12423 5331
is_linear=0
shrinkage=0.03


Tree=225
num_leaves=15
num_cat=0
split_feature=12 0 12 12 11 11 0 12 12 11 12 0 0 0
split_gain=93.6492 636.355 630.101 887.941 408.924 397.645 518.124 884.769 393.546 353.055 284.194 328.918 302.93 235.506
threshold=5.5000000000000009 951.10351562500011 3.5000000000000004 2.5000000000000004 2.5000000000000004 1.5000000000000002 717.56835937500011 9.5000000000000018 1.5000000000000002 2.5000000000000004 6.5000000000000009 940.14257812500011 920.28710937500011 777.28320312500011
decision_type=2 2 2 2 2 2 2 2 2 2 2 2 2 2
left_child=1 -1 3 4 -3 -2 7 9 -6 -7 12 13 -8 -12
right_child=5 2 -4 -5 8 6 10 -9 -10 -11 11 -13 -14 -15
leaf_value=-0.00013982969015852628 -0.0001476907550062452 -0.030032415174422209 -0.035569189248068636 0.022238835876223228 -0.030598523221111444 -0.016491556876325607 -0.00083104017781622823 0.031591203469717735 0.035544970354889183 0.0097938099423907441 0.0074848621968943204 0.0032390543228653758 0.020780608652808584 0.031776651806984427
leaf_weight=35285.075721274596 77099.114150966285 952.66833280702122 903.09620498586446 686.47707611415535 136.94690961693414 1999.5385216102004 2022.39521638304 545.22717592120171 198.02464808151126 597.26262547075748 477.76037985086441 838.89429448544979 820.56680387631059 1447.3117088228464
leaf_count=443698 1571361 25232 9140 6287 6979 14919 9151 2387 1752 2805 2429 3784 3846 6210
internal_value=-9.56165e-06 -0.00124606 -0.0148124 -0.00531684 -0.0200076 0.000540101 0.00660118 -0.00315135 0.00850343 -0.0104459 0.0120663 0.0189163 0.00540675 0.025748
internal_weight=124010 38162.3 2877.21 1974.12 1287.64 85848.1 8748.96 3142.03 334.972 2596.8 5606.93 2763.97 2842.96 1925.07
internal_count=2109980 493088 49390 40250 33963 1616892 45531 20111 8731 17724 25420 12423 12997 8639
is_linear=0
shrinkage=0.03


Tree=226
num_leaves=15
num_cat=0
split_feature=12 12 10 10 2 9 3 7 2 12 10 5 3 9
split_gain=91.3637 230.326 509.313 435.074 393.374 241.515 309.808 288.925 214.873 208.163 355.333 291.85 162.729 145.215
threshold=3.5000000000000004 2.5000000000000004 0.16000020503997806 0.14519726485013965 -0.31075993180274958 0.73940217494964611 -0.45036284625530237 168.98474884033206 0.026199601590633396 1.5000000000000002 -0.075068548321723924 479.56861877441412 -0.23699139803647992 0.44734695553779608
decision_type=2 2 2 2 2 2 2 2 2 2 2 2 2 2
left_child=1 2 8 -3 5 7 -7 -5 9 11 -11 -1 -12 -2
right_child=13 3 -4 4 -6 6 -8 -9 -10 10 12 -13 -14 -15
leaf_value=0.0050232578059203588 -0.0036506934539077035 -0.015033786670720575 -0.006782695737753525 0.0067116538262765122 -0.013973823366054605 0.022783968351912279 -0.014045949038838712 0.038518617360044284 -0.0010989186596778778 0.032748806568466821 -0.00077810191873883524 -0.022917939424953231 0.013780393371903281 0.00071312609178381841
leaf_weight=2939.385945140617 7412.8945655790158 2930.5291586257517 6365.9779013984371 718.995610229671 1041.109776828438 299.83880705013871 653.72453488223255 400.03719196282327 4773.8797936041374 628.28732435498387 1168.3436035728082 379.93075323174708 1691.2430995311588 92539.0917170865
leaf_count=58194 279014 35063 118634 5597 13167 2957 6332 2508 91576 4720 10462 15786 12666 1453304
internal_value=-9.56488e-06 -0.00167208 3.37678e-05 -0.00673722 0.00107126 0.00862873 -0.00246514 0.0180822 0.0037807 0.00720277 0.0123206 0.00182509 0.00783222 0.000389485
internal_weight=123943 23991.3 17947 6044.24 3113.71 2072.6 953.563 1119.03 11581.1 6807.19 3487.87 3319.32 2859.59 99952
internal_count=2109980 377662 312038 65624 30561 17394 9289 8105 193404 101828 27848 73980 23128 1732318
is_linear=0
shrinkage=0.03


Tree=227
num_leaves=15
num_cat=0
split_feature=12 12 1 1 8 3 6 3 8 12 11 12 11 12
split_gain=86.2095 218.503 644.774 631.869 614.785 314.638 266.425 354.14 240.679 235.619 225.029 336.23 196.889 324.018
threshold=3.5000000000000004 2.5000000000000004 22.544713020324711 16.820492744445804 4.5000000000000009 -0.12275395914912222 5.5000000000000009 -0.12275395914912222 4.5000000000000009 1.5000000000000002 2.5000000000000004 1.5000000000000002 2.5000000000000004 1.5000000000000002
decision_type=2 2 2 2 2 2 2 2 2 2 2 2 2 2
left_child=1 3 6 12 5 -4 -3 -8 10 -10 -5 -12 13 -1
right_child=-2 2 4 8 -6 -7 7 -9 9 -11 11 -13 -14 -15
leaf_value=-0.00054823940951467115 0.00037769001883312719 -0.015230858811813961 -0.0011295203286627346 -0.018318243454278467 -0.027840141207701636 0.034427749890321248 0.017473675965166507 -0.02090957266626816 0.0062338378123312325 -0.014729330522086347 -0.018631436314714509 0.023233554942094701 -0.002957212459169536 0.010573861344271931
leaf_weight=4148.2729008290917 99976.815359048313 3797.3236134769395 331.82611731626093 2429.6654676401522 272.61664785817266 689.09036868438125 565.68860517814755 350.30831095948815 1406.5144633245654 734.55631755013019 367.03932355809957 326.00615233927965 3067.6621691216715 5460.6734476042911
leaf_count=103553 1732318 42670 2959 50302 3273 3686 8030 5006 30362 9504 14018 2646 54334 47319
internal_value=-9.56678e-06 -0.00162632 -0.0065787 3.18553e-05 0.0121832 0.0228707 -0.0117277 0.00279462 -0.00870533 -0.000958184 -0.0140171 0.00106171 0.00365985 0.00577235
internal_weight=123924 23947.2 6006.85 17940.4 1293.53 1020.92 4713.32 915.997 5263.78 2141.07 3122.71 693.045 12676.6 9608.95
internal_count=2109980 377662 65624 312038 9918 6645 55706 13036 106832 39866 66966 16664 205206 150872
is_linear=0
shrinkage=0.03


Tree=228
num_leaves=15
num_cat=0
split_feature=12 12 0 0 1 3 0 12 0 0 0 3 6 3
split_gain=81.3911 207.388 1138.13 623.239 550.641 450.053 336.619 325.748 599.052 421.176 468.673 309.74 265.707 481.163
threshold=3.5000000000000004 2.5000000000000004 920.28710937500011 933.56250000000011 14.125854015350344 -0.24881964176893231 476.33789062500006 1.5000000000000002 464.57617187500006 382.30664062500006 263.93164062500006 0.11977985501289369 3.5000000000000004 -0.30180253088474268
decision_type=2 2 2 2 2 2 2 2 2 2 2 2 2 2
left_child=1 3 12 4 7 -4 11 9 -9 10 -1 -6 -3 -14
right_child=-2 2 5 -5 6 -7 -8 8 -10 -11 -12 -13 13 -15
leaf_value=-0.010879861927066203 0.00036625896881675333 -0.016810589782259858 -0.0080778911184320543 -0.01754658038015084 -0.0049006467054372267 0.034534975082794475 -0.0092456064479126531 -0.025091143018217063 0.013904338422734039 -0.0027414433490259224 0.053292779753855643 0.020978789832523447 0.015342674178613061 -0.020673817923929777
leaf_weight=167.2153309956193 100003.78987126821 3561.5493839178234 318.79664820432663 1648.7662082749885 955.54009486781433 742.78931348770857 4662.9380926217418 381.31840338930488 5050.7874694149941 4064.7881970938761 264.35635527409613 737.46004582871683 728.6289070174098 616.12460014410317
leaf_count=2890 1732318 38278 3968 40499 17662 5330 90483 4117 37863 102557 5797 10170 9793 8255
internal_value=-9.63537e-06 -0.0015824 -0.00642661 2.96723e-05 0.00180924 0.0217382 -0.00508555 0.00622309 0.011167 0.00025034 0.0284287 0.00637227 -0.0125207 -0.00115897
internal_weight=123905 23901.1 5967.89 17933.2 16284.4 1061.59 6355.94 9928.47 5432.11 4496.36 431.572 1693 4906.3 1344.75
internal_count=2109980 377662 65624 312038 271539 9298 118315 153224 41980 111244 8687 27832 56326 18048
is_linear=0
shrinkage=0.03


Tree=229
num_leaves=15
num_cat=0
split_feature=12 0 12 12 0 12 0 12 0 10 5 0 0 12
split_gain=77.6773 618.325 612.692 765.036 298.593 728.485 972.022 530.865 1136.52 409.457 337.513 356.412 372.871 315.774
threshold=5.5000000000000009 951.10351562500011 3.5000000000000004 2.5000000000000004 808.33984375000011 6.5000000000000009 920.28710937500011 6.5000000000000009 576.12695312500011 0.055332807824015624 441.28549194335943 729.54101562500011 642.72851562500011 7.5000000000000009
decision_type=2 2 2 2 2 2 2 2 2 2 2 2 2 2
left_child=1 -1 3 -3 7 6 9 8 -2 -6 11 12 -10 -9
right_child=4 2 -4 -5 5 -7 -8 13 10 -11 -12 -13 -14 -15
leaf_value=-5.5303315326274635e-05 -0.02724062868885915 -0.01942870902936145 -0.035394278198550781 0.019763638489351067 -0.011295809520154951 0.00086547663702761491 0.034059692701634912 0.0075503560375359165 -0.0067778295900519673 0.013925559457549605 -0.015791935939297858 -0.0056833052197180741 0.027292069006539847 -0.00032596111534833976
leaf_weight=35170.887260044692 2026.6612691041082 1237.271992842434 881.30500651709735 702.9086190443486 996.64035741984844 15809.441479080357 1522.3706260379404 4990.4607852566987 414.44975781068206 1383.4840421825647 791.98169856891036 1145.8915524072945 955.94840565696359 55851.39743292029
leaf_count=443698 18561 33963 9140 6287 5484 143825 8503 35779 3739 6527 4770 6496 7455 1375753
internal_value=-9.80351e-06 -0.0011393 -0.0146518 -0.0052297 0.000489823 0.00373084 0.0153388 -0.000475571 -0.00954954 0.0033645 0.00128809 0.00666389 0.0169883 0.000320082
internal_weight=123881 37992.4 2821.49 1940.18 85888.7 19711.9 3902.5 66176.8 5334.93 2380.12 3308.27 2516.29 1370.4 60841.9
internal_count=2109980 493088 49390 40250 1616892 164339 20514 1452553 41021 12011 22460 17690 11194 1411532
is_linear=0
shrinkage=0.03


Tree=230
num_leaves=15
num_cat=0
split_feature=12 12 1 8 1 9 8 12 7 1 9 2 7 12
split_gain=75.5244 203.274 588.058 602.651 565.465 229.784 220.777 218.771 216.529 185.793 216.364 165.67 164.738 163.103
threshold=3.5000000000000004 2.5000000000000004 21.487648963928226 4.5000000000000009 16.998933792114261 0.63724434375762951 4.5000000000000009 1.5000000000000002 185.39162445068362 9.4613656997680682 0.57358974218368541 -0.90009558200836171 358.32005310058599 1.5000000000000002
decision_type=2 2 2 2 2 2 2 2 2 2 2 2 2 2
left_child=1 4 -3 8 5 13 -6 11 -4 12 -11 -8 -2 -1
right_child=9 2 3 -5 6 -7 7 -9 -10 10 -12 -13 -14 -15
leaf_value=0.0017508503333893643 -0.0020173691688573198 -0.011683119689244159 0.011589011475664641 -0.02663684386364671 -0.013648543156761058 -0.0015266428231259358 -0.019108743337563992 -0.014508163018903059 0.039829516786392752 -0.0023053824647947733 0.0019341328520885099 0.010325575039936688 0.016888993353079355 0.010530242862196105
leaf_weight=3392.7425958635285 27399.713681609835 4496.9451038595289 774.56219693925232 311.29475056380033 2983.7480065226555 5094.3806762169115 201.54483768017963 705.97872061654925 356.96117714419961 13275.606944202213 58911.026673777727 1177.9676449294202 421.15745659195818 4341.5625972719863
leaf_count=79164 507507 53971 5366 3988 65631 93066 3895 9298 2299 365329 856425 25807 3057 35177
internal_value=-9.98034e-06 -0.00152741 -0.00633632 0.0103285 6.85135e-05 0.00342051 -0.00841435 -0.000925695 0.020498 0.000351713 0.00115446 0.00602526 -0.00173116 0.00667906
internal_weight=123845 23837.7 5939.76 1442.82 17897.9 12828.7 5069.24 2085.49 1131.52 100008 72186.6 1379.51 27820.9 7734.31
internal_count=2109980 377662 65624 11653 312038 207407 104631 39000 7665 1732318 1221754 29702 510564 114341
is_linear=0
shrinkage=0.03


Tree=231
num_leaves=15
num_cat=0
split_feature=12 5 3 9 1 1 2 9 5 9 9 1 9 5
split_gain=73.8424 137.516 126.778 148.322 129.829 89.3573 123.163 72.8435 68.6897 68.6005 89.2942 87.4125 72.9168 65.2887
threshold=1.0000000180025095e-35 122.4913673400879 -0.51569074392318714 0.53417235612869274 11.423842906951906 15.203296184539797 -0.20168393105268476 0.72375315427780162 270.22561645507818 0.92389631271362316 0.86072671413421642 6.2644619941711435 0.12671289592981341 1167.5230712890627
decision_type=2 2 2 2 2 2 2 2 2 2 2 2 2 2
left_child=1 -1 3 -3 -4 -5 -7 -8 -9 10 12 -12 -2 -14
right_child=9 2 4 5 -6 6 7 8 -10 -11 11 -13 13 -15
leaf_value=-0.0209670341137628 -0.0232498553423366 -0.014379034416097978 0.0024001172751425904 0.0077517033056326307 -0.017921981722395876 -0.0011282580903537243 0.022695798701892152 0.04219330017176217 0.10239907875689788 -0.012204896661581059 -0.0063851915488367193 0.0032505339724962059 -5.2957530632844754e-05 -0.0083950988475133964
leaf_weight=416.23517069243826 122.78674420621246 188.89773651142605 551.10870227590203 331.68819821020588 581.41487450874411 57.637158934259787 43.916998736327514 34.184062319109216 34.037233711453155 407.10105220484547 914.6929445634596 11503.613357584924 107786.21539716329 851.02198174456134
leaf_count=38349 30121 17157 27340 16307 39484 3325 2882 2264 1859 8151 15042 155170 1745392 7137
internal_value=-9.96333e-06 -0.00540846 -0.00185584 0.00827741 -0.00803284 0.0168119 0.0345128 0.0528317 0.0722314 8.94555e-05 0.000130759 0.0025408 -0.000144421 -0.000118307
internal_weight=123825 2239.12 1822.88 690.361 1132.52 501.464 169.775 112.138 68.2213 121585 121178 12418.3 108760 108637
internal_count=2109980 148967 110618 43794 66824 26637 10330 7005 4123 1961013 1952862 170212 1782650 1752529
is_linear=0
shrinkage=0.03


Tree=232
num_leaves=15
num_cat=0
split_feature=12 0 0 8 11 5 0 2 0 0 11 0 11 0
split_gain=69.9777 268.776 129.267 191.492 123.085 144.743 119.18 99.2933 125.135 125.172 285.56 95.3905 142.21 113.282
threshold=1.0000000180025095e-35 535.44335937500011 846.30664062500011 4.5000000000000009 1.5000000000000002 347.21105957031256 752.83007812500011 0.70089858770370495 579.07617187500011 677.25195312500011 2.5000000000000004 812.70703125000011 2.5000000000000004 745.84960937500011
decision_type=2 2 2 2 2 2 2 2 2 2 2 2 2 2
left_child=1 -1 4 -4 5 -3 -7 8 -6 10 -10 12 -11 -14
right_child=-2 2 3 -5 7 6 -8 -9 9 11 -12 -13 13 -15
leaf_value=-0.027719552151163798 8.6732374496565495e-05 -0.021454365178235773 -0.021932923007669965 0.060447705822701987 -0.029648540314773032 -0.013647589242882207 0.053649196393384953 -0.011702668968179892 0.082579402770507376 -0.01401140355403219 -0.0038657728894951255 0.02930907329167131 0.042105709827057441 0.0034003908878607763
leaf_weight=395.147858989425 121594.11428502214 289.55869415868074 353.04785267077386 27.36286060535349 58.034468342084438 45.681767517700791 49.184081590734422 176.15367260249332 73.266642408445477 221.66938738012686 64.818454345222563 183.20844560302794 108.79073939006776 181.75159595441073
leaf_count=45417 1961013 19124 30771 1783 3053 2731 3063 8831 3674 10597 3196 7119 3773 5835
internal_value=-9.79987e-06 -0.00527886 -0.000439972 -0.0160073 0.00363819 -0.0109178 0.0212431 0.00887909 0.0129457 0.0159114 0.0420012 0.0107309 0.00408589 0.0178932
internal_weight=123822 2227.68 1832.53 380.411 1452.12 384.425 94.8658 1067.69 891.54 833.505 138.085 695.42 512.212 290.542
internal_count=2109980 148967 103550 32554 70996 24918 5794 46078 37247 34194 6870 27324 20205 9608
is_linear=0
shrinkage=0.03


Tree=233
num_leaves=15
num_cat=0
split_feature=0 12 0 11 12 11 0 12 12 12 11 12 11 0
split_gain=69.3478 71.7483 592.416 600.527 579.783 359.937 474.896 836.768 353.351 766.042 340.918 277.965 326.47 253.018
threshold=61.859375000000007 5.5000000000000009 951.10351562500011 2.5000000000000004 1.5000000000000002 1.5000000000000002 717.56835937500011 9.5000000000000018 3.5000000000000004 2.5000000000000004 2.5000000000000004 6.5000000000000009 2.5000000000000004 920.28710937500011
decision_type=2 2 2 2 2 2 2 2 2 2 2 2 2 2
left_child=-1 2 -2 8 -5 -3 7 10 9 -4 -7 13 -13 -8
right_child=1 5 3 4 -6 6 11 -9 -10 -11 -12 12 -14 -15
leaf_value=-0.017941587641717154 -1.3485214011696437e-05 -0.00015588681633359276 -0.029631129723191124 -0.030459039527641361 0.049810128023580334 -0.016229580484337494 -0.0008204474715223912 0.030735239755133658 -0.035217399309310088 0.012753911407669051 0.0096505162463573924 0.013678929542740617 0.041451370314367367 0.018827721639315731
leaf_weight=193.79552956239786 35115.572744171135 76993.74879317591 885.59432386222761 124.12590523762628 233.02030919864774 1981.1912302840501 2020.3520803749561 542.88911758363247 858.82115105073899 677.25442936457694 595.88334576040506 2306.3056697398424 456.31127065420151 833.09033719077706
leaf_count=41040 443606 1530413 25232 6979 1995 14919 9151 2387 9140 6044 2805 10233 2190 3846
internal_value=-9.71727e-06 1.83931e-05 -0.00106867 -0.0144029 0.0219126 0.000498897 0.00626974 -0.00311462 -0.0197587 -0.0112637 -0.0102455 0.0114832 0.0182662 0.00491603
internal_weight=123818 123624 37894.4 2778.82 357.146 85729.8 8736.02 3119.96 2421.67 1562.85 2577.07 5616.06 2762.62 2853.44
internal_count=2109980 2068940 492996 49390 8974 1575944 45531 20111 40416 31276 17724 25420 12423 12997
is_linear=0
shrinkage=0.03


Tree=234
num_leaves=15
num_cat=0
split_feature=0 8 7 8 0 9 0 10 9 11 9 2 0 0
split_gain=67.615 105.755 96.3171 70.7302 206.552 132.528 123.105 113.157 102.782 95.7724 81.7125 81.5693 92.999 147.245
threshold=125.46484375000001 2.5000000000000004 225.2228698730469 5.5000000000000009 1062.3691406250002 0.83271777629852306 873.96679687500011 0.31534752249717718 0.50390058755874645 1.5000000000000002 0.92389631271362316 0.69320979714393627 268.62304687500006 598.96484375000011
decision_type=2 2 2 2 2 2 2 2 2 2 2 2 2 2
left_child=1 -1 -3 5 6 7 8 -2 -5 -8 -10 -7 -13 -14
right_child=3 2 -4 4 -6 11 9 -9 10 -11 -12 12 13 -15
leaf_value=-0.023944851322043784 0.00036828252406598722 -0.0056049352545548253 0.028651672934857184 -0.0069345666373756588 -0.025601256350651292 0.002473908388615627 0.024872935862432406 -0.005499967105039914 -0.00046270263598602031 -0.0016065567106876575 -0.015404436886416056 0.031472453322755937 -0.0022662394459696021 0.015060707925442736
leaf_weight=265.27560026675928 75155.635280912509 722.8573097649496 82.275854459963739 2491.7618064843118 306.03957890230231 6397.9257181095891 295.1657156762667 3078.503571709618 32454.845900846645 210.67376831080765 332.78159460239112 158.91913506574929 780.78651626920328 1015.5203222054988
leaf_count=51314 1262076 28688 2288 57275 8854 81410 3376 37567 543902 2184 5719 2733 12662 9932
internal_value=-9.69118e-06 -0.00751695 -0.00210428 5.5812e-05 -0.00105993 0.000520877 -0.000850054 0.000137368 -0.00106075 0.0138447 -0.000614355 0.00411275 0.00947542 0.00752934
internal_weight=123749 1070.41 805.133 122679 36091.3 86587.3 35785.2 78234.1 35279.4 505.839 32787.6 8353.15 1955.23 1796.31
internal_count=2109980 82290 30976 2027690 621310 1406380 612456 1299643 606896 5560 549621 106737 25327 22594
is_linear=0
shrinkage=0.03


Tree=235
num_leaves=15
num_cat=0
split_feature=12 12 0 0 1 3 0 2 3 5 12 0 0 0
split_gain=67.4503 200.444 999.636 549.508 495.644 405.95 317.039 312.648 410.002 301.268 286.109 559.744 394.363 427.624
threshold=3.5000000000000004 2.5000000000000004 920.28710937500011 933.56250000000011 14.125854015350344 -0.24881964176893231 476.33789062500006 0.60147005319595348 0.021491772495210174 718.24157714843761 1.5000000000000002 464.57617187500006 382.30664062500006 263.93164062500006
decision_type=2 2 2 2 2 2 2 2 2 2 2 2 2 2
left_child=1 3 -3 4 10 -4 7 -6 -9 -7 12 -12 13 -1
right_child=-2 2 5 -5 6 9 -8 8 -10 -11 11 -13 -14 -15
leaf_value=-0.010543751794893213 0.00033190136860214859 -0.012087688387776921 -0.008433705440815736 -0.016766173010668295 -0.00416426747709687 0.047070283586882714 -0.0088927558173098574 -0.0045562670031717104 0.042740876371142919 0.0085489950395474731 -0.024849714362354832 0.013121597220200575 -0.0026067332263431061 0.050653413251262984
leaf_weight=165.68328911042772 99980.600430644932 4823.6281500617042 322.43228315934539 1577.5775967313675 1021.0006529025268 458.56424613017589 4604.6688699563965 291.65987242618576 379.69433835893869 303.76309874467552 375.00604694150388 5116.6782920937985 4046.9163613847923 270.6069540111348
leaf_count=2890 1732318 56326 3968 40499 17116 3657 90483 5338 5378 1673 4117 37863 102557 5797
internal_value=-9.53263e-06 -0.00144639 -0.00623591 0.000138992 0.00177796 0.0197853 -0.00481185 0.00629175 0.0221933 0.0317208 0.00593803 0.0105287 0.000314733 0.0274135
internal_weight=123738 23757.9 5908.39 17849.5 16271.9 1084.76 6297.02 1692.35 671.354 762.327 9974.89 5491.68 4483.21 436.29
internal_count=2109980 377662 65624 312038 271539 9298 118315 27832 10716 5330 153224 41980 111244 8687
is_linear=0
shrinkage=0.03


Tree=236
num_leaves=15
num_cat=0
split_feature=0 0 12 12 8 3 6 12 12 2 0 2 12 12
split_gain=65.0778 80.1819 630.924 325.43 283.005 463.13 201.041 386.229 203.417 290.094 159.891 146.396 186.3 452.595
threshold=1219.4902343750002 762.95898437500011 1.5000000000000002 1.0000000180025095e-35 6.5000000000000009 -0.38732597231864924 2.5000000000000004 3.5000000000000004 5.5000000000000009 -0.40859012305736536 846.30664062500011 -0.92381706833839405 7.5000000000000009 13.500000000000002
decision_type=2 2 2 2 2 2 2 2 2 2 2 2 2 2
left_child=1 -1 3 4 10 -6 11 -8 -9 -10 -3 12 -4 -14
right_child=-2 2 6 -5 5 -7 7 8 9 -11 -12 -13 13 -15
leaf_value=-0.00050287079631057877 -0.0072532446041906461 0.0043602414001877926 0.009032823244136368 -0.022873526490817558 0.11519474216720435 -0.023296847189792993 -0.0084725569927324076 0.030099707790541292 0.030059767452377067 -0.00015757804512784028 -0.021659022717860472 0.0005877375592256215 -0.020736577299712948 0.009145621177203956
leaf_weight=80129.462750987033 1106.2814813186415 560.48937500873581 4372.6765346936882 1435.4952871087007 46.90531949698925 40.492962246295065 748.15912568941712 681.65965079888701 427.37582466285676 863.98964247107506 342.41269494360313 31017.053756975569 732.80619359202683 1208.3921738993376
leaf_count=1679610 24770 23241 26639 34408 2609 2116 5900 3897 4055 9694 30384 247675 5783 9199
internal_value=-9.648e-06 5.57107e-05 0.00110941 -0.013747 -0.000517588 0.0510295 0.0020092 0.00988158 0.0168414 0.00984282 -0.00550719 0.00143535 0.00559929 -0.00213497
internal_weight=123714 122607 42477.9 2425.8 990.3 87.3983 40052.1 2721.18 1973.03 1291.37 902.902 37330.9 6313.87 1941.2
internal_count=2109980 2085210 405600 92758 58350 4725 312842 23546 17646 13749 53625 289296 41621 14982
is_linear=0
shrinkage=0.03


Tree=237
num_leaves=15
num_cat=0
split_feature=9 12 11 12 5 1 12 12 12 5 9 7 1 12
split_gain=64.729 64.5451 337.698 416.044 313.349 299.326 267.804 2067.84 656.017 551.871 298.708 257.731 237.864 194.25
threshold=0.12671289592981341 5.5000000000000009 1.5000000000000002 9.5000000000000018 960.92428588867199 18.162634849548343 13.500000000000002 14.500000000000002 12.500000000000002 420.05364990234381 0.69174295663833629 129.62794494628909 16.564858436584476 6.5000000000000009
decision_type=2 2 2 2 2 2 2 2 2 2 2 2 2 2
left_child=-1 4 5 11 12 6 8 -8 9 -3 -11 -4 -2 -7
right_child=1 2 3 -5 -6 13 7 -9 -10 10 -12 -13 -14 -15
leaf_value=-0.022053655645374169 0.00089368524635304676 0.00024562197158173831 -0.00094937019198842207 0.028003851340603542 -0.024812014816685268 0.012934747238888215 0.034376800916310839 -0.0013505791510639619 -0.030568542305159308 -0.0037090215594575257 -0.020074338625019433 0.0098433408345291028 -0.0042921328339407027 0.0020568171469841122
leaf_weight=119.76782975788228 25779.490565364948 11282.45120292902 4251.1466760132462 714.20291317254305 491.77629048423842 1598.7922951262444 1515.6628312971443 38324.243423743756 828.69742581620812 1834.6766210319474 2216.4399133361876 3746.1393409855664 11516.626192482072 19465.164440812776
leaf_count=30464 321474 103294 24216 3145 7350 10439 7703 1048554 8833 15802 17784 18096 163566 329260
internal_value=-9.66706e-06 1.16994e-05 0.000466785 0.00606544 -0.00102134 -0.000166082 -0.00131273 8.62741e-06 -0.00456986 -0.00316477 -0.0126628 0.00410622 -0.000707638 0.00288247
internal_weight=123685 123566 85777.6 8711.49 37787.9 77066.1 56002.2 39839.9 16162.3 15333.6 4051.12 7997.29 37296.1 21064
internal_count=2109980 2079516 1587126 45457 492390 1541669 1201970 1056257 145713 136880 33586 42312 485040 339699
is_linear=0
shrinkage=0.03


Tree=238
num_leaves=15
num_cat=0
split_feature=0 8 8 0 9 0 12 10 9 12 0 2 0 12
split_gain=64.4017 92.6563 65.2986 198.685 127.059 112.968 107.676 104.341 97.7374 137.879 273.267 267.805 199.295 566.547
threshold=114.50195312500001 2.5000000000000004 5.5000000000000009 1062.3691406250002 0.83271777629852306 873.96679687500011 5.5000000000000009 0.31534752249717718 0.50390058755874645 3.5000000000000004 516.40820312500011 -0.080734517425298677 674.54882812500011 7.5000000000000009
decision_type=2 2 2 2 2 2 2 2 2 2 2 2 2 2
left_child=1 -1 4 5 7 8 -7 -2 -4 10 11 -10 -11 -14
right_child=2 -3 3 -5 -6 6 -8 -9 9 12 -12 -13 13 -15
leaf_value=-0.024588298918773538 0.00034028791572682417 -0.0022969737420126665 -0.0067613289766066424 -0.025413053151554562 0.0040061691241289072 -0.004260919834577089 0.024029442359656702 -0.0053064440837934492 -0.0068223899229087849 -0.0013536554908417289 -0.011420576422336353 0.016279846401204705 0.017726671999987561 -0.00060959014535730749
leaf_weight=227.78965171915479 75126.311698391801 637.46183394803666 2483.4392291225959 298.11275552492589 8378.6180952861905 196.50766600295901 315.46966620907187 3065.2815537066199 1004.3722351354081 20556.274038361385 2738.6663034958765 820.53991612186655 2070.1707150004804 5670.9008913496509
leaf_count=48518 1265543 25502 57656 8854 107100 2599 2961 37719 14628 385424 48933 13606 16153 74784
internal_value=-9.55704e-06 -0.00816548 4.7945e-05 -0.00102286 0.000495147 -0.000820078 0.013171 0.000118924 -0.00102274 -0.000589055 -0.005428 0.00356513 0.000191332 0.00429402
internal_weight=123590 865.251 122725 36154.5 86570.2 35856.3 511.977 78191.6 35344.4 32860.9 4563.58 1824.91 28297.3 7741.07
internal_count=2109980 74020 2035960 625598 1410362 616744 5560 1303262 611184 553528 77167 28234 476361 90937
is_linear=0
shrinkage=0.03


Tree=239
num_leaves=15
num_cat=0
split_feature=9 9 5 1 11 2 11 1 9 5 1 2 5 9
split_gain=61.2678 70.11 93.0237 136.248 82.5068 64.5502 114.366 73.7221 59.5605 56.2304 56.1757 210.53 142.395 90.5357
threshold=0.92389631271362316 0.82908600568771373 364.20672607421881 7.1670935153961191 2.5000000000000004 -0.36589029431343073 1.0000000180025095e-35 15.825488567352297 0.12671289592981341 1167.5230712890627 24.310859680175785 -0.90990871191024769 246.77571868896487 0.59022012352943432
decision_type=2 2 2 2 2 2 2 2 2 2 2 2 2 2
left_child=1 8 3 -3 5 6 7 -5 -1 10 -10 12 -12 -13
right_child=-2 2 -4 4 -6 -7 -8 -9 9 -11 11 13 -14 -15
leaf_value=-0.021780238443217626 -0.011744262973473288 -0.0051780354366128666 -0.0026828850408202581 0.0054345003264221299 0.016305043605833042 0.0013895240306672739 0.00068002089311049955 0.014120475370868335 -0.00046384958564762329 -0.008028562064187339 -0.0049863206217479325 -0.0058404001745553926 0.012632898326512149 0.0013676001437321907
leaf_weight=116.1389946276322 399.13348662108183 1900.6487761167809 3870.480792447459 2361.247301323805 427.81041151471436 9608.8070207410492 2821.7842769224662 1401.3635959955864 89270.90338518261 836.75739527330734 512.67659859987907 2153.6225205624942 2119.5433791439282 5770.5338625838049
leaf_count=30464 8256 33388 39246 41488 4646 156234 28313 19556 1607294 7906 6484 40145 18288 68272
internal_value=-9.46397e-06 2.8562e-05 0.00154699 0.00243091 0.00330101 0.00295745 0.00524558 0.00866954 -0.000308815 -0.000284042 -0.000219127 0.00185039 0.00920121 -0.000591386
internal_weight=123571 123172 22392.1 18521.7 16621 16193.2 6584.4 3762.61 100780 100664 99827.3 10556.4 2632.22 7924.16
internal_count=2109980 2101724 322871 283625 250237 245591 89357 61044 1778853 1748389 1740483 133189 24772 108417
is_linear=0
shrinkage=0.03


Tree=240
num_leaves=15
num_cat=0
split_feature=12 0 0 9 10 1 2 10 9 0 12 12 12 11
split_gain=61.8009 266.936 119.11 72.878 119.115 75.8441 68.6131 89.8474 126.264 66.1653 483.537 476.245 570.529 589.809
threshold=1.0000000180025095e-35 535.44335937500011 900.09765625000011 0.5205705761909486 0.16000020503997806 4.7059931755065927 0.35402630269527441 0.020253807306289676 0.69386386871337902 509.43359375000006 1.5000000000000002 1.5000000000000002 4.5000000000000009 1.5000000000000002
decision_type=2 2 2 2 2 2 2 2 2 2 2 2 2 2
left_child=1 -1 3 5 6 -3 7 -5 -9 11 -11 -2 -13 -14
right_child=9 2 -4 4 -6 -7 -8 8 -10 10 -12 12 13 -15
leaf_value=-0.027650195155293461 0.012840056708999348 0.03326189233408846 -0.02388829169071972 0.050681316403963457 -0.0018665796083870017 -0.015191252569069837 0.001386870457076147 0.004642130266779316 0.055990633373134209 -0.011980668558129782 7.08063389243024e-05 -0.011929655909669393 0.00061894164146576226 0.023322880349983092
leaf_weight=385.88258885941468 2894.3947648592293 32.271942742634565 172.53054274013266 87.181235324591398 794.33861431339756 293.50469037820585 177.2425165688619 204.36458750162274 54.617338954936713 3107.5028030732647 83763.274729373632 3177.7407944686711 27351.143283259473 1070.0873529631644
leaf_count=45417 17979 1692 20950 3269 39321 19123 8941 8113 2141 58497 1004776 38024 835620 6117
internal_value=-9.27451e-06 -0.00499022 -0.000175334 0.00231396 0.00545502 -0.0103914 0.0165665 0.0243388 0.0154711 8.10959e-05 -0.000360294 0.00119273 0.000125856 0.00147377
internal_weight=123566 2201.93 1816.05 1643.52 1317.74 325.777 523.406 346.163 258.982 121364 86870.8 34493.4 31599 28421.2
internal_count=2109980 148967 103550 82600 61785 20815 22464 13523 10254 1961013 1063273 897740 879761 841737
is_linear=0
shrinkage=0.03


Tree=241
num_leaves=15
num_cat=0
split_feature=0 1 5 8 1 12 12 0 0 6 12 12 5 1
split_gain=61.3389 109.252 117.113 63.5069 282.015 211.979 261.421 182.798 269.307 226.184 179.82 191.264 200.601 178.04
threshold=125.46484375000001 23.820373535156254 262.32067871093756 5.5000000000000009 19.524925231933597 3.5000000000000004 1.5000000000000002 674.54882812500011 518.70312500000011 3.5000000000000004 8.5000000000000018 10.500000000000002 406.73590087890631 24.578886985778812
decision_type=2 2 2 2 2 2 2 2 2 2 2 2 2 2
left_child=1 2 -1 -2 7 6 -6 8 9 -5 -10 -12 -13 -7
right_child=3 -3 -4 4 5 13 -8 -9 10 -11 11 12 -14 -15
leaf_value=-0.019725740178404998 0.00049347078764494555 0.0040773481094953101 0.025074535854938098 0.0070552458672483677 0.0057403992820761439 0.0030789327583326431 -0.018999941788306406 0.0012090319360143378 -0.015574585184218335 -0.0032976524846052985 0.014716618237815676 -0.0077969725284274581 0.032671391372375166 0.013905548164720694
leaf_weight=551.77651438640896 86494.197565744398 445.83971169975121 58.039017711766064 2421.8201625891961 799.94291534437798 4737.6236286447383 739.95471925102174 8526.7237113129813 2196.3124702433124 8801.8438457555603 392.62302613258362 5344.6973936292343 112.56301709264517 1921.4502107044682
leaf_count=59960 1406380 19590 2740 30319 16564 74817 10291 115029 31883 198420 4078 112569 1348 25992
internal_value=-9.25491e-06 -0.00720979 -0.0154619 5.28016e-05 -0.00100609 0.00388324 -0.00614788 -0.00244826 -0.00406657 -0.00106372 -0.00825526 -0.00550725 -0.00696226 0.00620291
internal_weight=123545 1055.66 609.816 122490 35995.6 8198.97 1539.9 27796.6 19269.9 11223.7 8046.2 5849.88 5457.26 6659.07
internal_count=2109980 82290 62700 2027690 621310 127664 26855 493646 378617 228739 149878 117995 113917 100809
is_linear=0
shrinkage=0.03


Tree=242
num_leaves=15
num_cat=0
split_feature=0 11 4 0 11 3 1 5 5 9 11 11 11 11
split_gain=61.0469 151.535 121.699 74.1716 129.483 128.579 138.436 299.342 127.007 210.533 281.21 292.324 243.986 208.724
threshold=1219.4902343750002 1.5000000000000002 3.5000000000000004 808.33984375000011 3.5000000000000004 -0.098165124654769884 21.999322891235355 960.92428588867199 463.79670715332037 0.59934034943580639 1.5000000000000002 1.0000000180025095e-35 1.0000000180025095e-35 1.5000000000000002
decision_type=2 2 2 2 2 2 2 2 2 2 2 2 2 2
left_child=3 2 -2 4 -1 8 -7 -8 9 10 11 -5 -11 -14
right_child=1 -3 -4 5 -6 6 7 -9 -10 12 -12 -13 13 -15
leaf_value=-0.00050875860044613118 -0.018083838196497115 0.010382991683644512 0.021919184176212823 -0.0061835983781245258 0.0099589912643067678 0.0018079049519955958 0.013618201497380977 -0.0091100261531047531 -0.0029376435624544101 -0.0029947713793130127 -0.010535267044463602 0.016131050229846497 0.019918718375656185 0.0052994916048106156
leaf_weight=89464.480640813475 702.5680720556993 318.30341684212908 75.832928239717148 1081.5183511944488 1076.3215877511539 9309.3526982819894 2575.7572608961491 653.93539357860573 8653.3966357371537 2077.5898857936263 2240.4036888990086 1033.0169385343324 1238.2009657155722 3029.4425908797421
leaf_count=1766418 18500 3680 2590 15502 13312 85350 23190 5340 85430 19502 26894 11528 9550 23194
internal_value=-9.19935e-06 -0.00705567 -0.0141867 5.39199e-05 -0.000384321 0.00129805 0.00366457 0.00901628 -0.000235197 0.00195031 -0.00312915 0.00471781 0.00543652 0.00954107
internal_weight=123530 1096.7 778.401 122433 90540.8 31892.6 12539 3229.69 19353.6 10700.2 4354.94 2114.54 6345.23 4267.64
internal_count=2109980 24770 21090 2085210 1779730 305480 113880 28530 191600 106170 53924 27030 52246 32744
is_linear=0
shrinkage=0.03


Tree=243
num_leaves=15
num_cat=0
split_feature=4 12 5 9 7 5 2 9 9 11 2 1 2 12
split_gain=60.8366 59.9826 130.832 92.8119 73.3941 96.4219 92.0537 58.2042 76.2745 81.6974 83.2286 82.977 77.39 125.67
threshold=1450.0000000000002 1.0000000180025095e-35 122.4913673400879 0.47750659286975866 214.54470062255862 479.56861877441412 -0.68830984830856312 0.92389631271362316 0.86072671413421642 1.5000000000000002 0.081106752157211318 6.3697695732116708 -0.35115043818950648 13.500000000000002
decision_type=2 2 2 2 2 2 2 2 2 2 2 2 2 2
left_child=1 2 -1 -4 6 -6 -5 8 -3 11 -11 -10 13 -13
right_child=-2 7 3 4 5 -7 -8 -9 9 10 -12 12 -14 -15
leaf_value=-0.020492532402413107 -0.018450642107834092 -0.0001140962440136692 -0.017298487577806949 -0.015153015046878849 0.015808606512756399 -0.017923278529358048 0.0038643925656032516 -0.011417264358691243 -0.0074885386850363144 0.0040739317364489975 0.021401090428186758 -0.0027743634694086172 0.00029366473848098579 0.0089103363411915017
leaf_weight=396.78652116260491 160.78545142128132 108314.89834304817 280.87764332874212 374.24568508169614 459.60565791046247 91.440700492821634 590.56024981825612 393.35683409078047 835.34284922387451 704.91644583642483 386.17448217794299 1158.884537614882 6457.3841764829122 2904.8780966219492
leaf_count=38285 18360 1764413 27800 24505 13698 3846 40769 8151 14942 4502 2279 9929 96954 41547
internal_value=-9.08802e-06 1.49505e-05 -0.00490168 -0.00145862 0.00147641 0.0102111 -0.00351241 0.000103966 0.000141493 0.00236555 0.0102066 0.00161221 0.00233478 0.00557815
internal_weight=123510 123349 2193.52 1796.73 1515.85 551.046 964.806 121156 120762 12447.6 1091.09 11356.5 10521.1 4063.76
internal_count=2109980 2091620 148903 110618 82818 17544 65274 1942717 1934566 170153 6781 163372 148430 51476
is_linear=0
shrinkage=0.03


Tree=244
num_leaves=15
num_cat=0
split_feature=7 12 0 0 12 11 12 12 0 11 11 6 0 7
split_gain=58.6367 147.895 142.724 140.251 318.999 639.177 529.137 1597.08 354.924 463.538 433.176 325.695 289.543 258.202
threshold=187.76160430908206 1.0000000180025095e-35 1256.7421875000002 668.82031250000011 4.5000000000000009 1.5000000000000002 7.5000000000000009 8.5000000000000018 518.70312500000011 1.5000000000000002 2.5000000000000004 1.0000000180025095e-35 564.67773437500011 258.31988525390631
decision_type=2 2 2 2 2 2 2 2 2 2 2 2 2 2
left_child=1 -1 -3 4 8 6 12 -8 13 -10 11 -11 -6 -2
right_child=3 2 -4 -5 5 -7 7 -9 9 10 -12 -13 -14 -15
leaf_value=-0.010116648262225506 -0.0040097516440259513 -0.00013737786328186301 -0.020576263614922513 -0.00035024257856326605 -0.023752778482685772 0.036254985900167402 0.071583939531835269 0.0042249055487091815 -0.014328211538991178 0.072845970627751735 -0.0012273770271868554 0.016326116858996566 0.0084543228918506977 -0.033353905661362676
leaf_weight=1373.442139397026 579.13135402090847 96449.983801033581 308.4699246562086 16560.380411353777 786.04135733470321 641.72968274913728 342.39152721688151 4237.426709013409 598.41666444949806 182.09414180740714 383.51363023766316 184.96684548235498 369.22228550538421 505.3735797284171
leaf_count=115297 7862 1711155 10238 156610 5895 3449 2641 70255 8640 2001 4625 2379 2794 6139
internal_value=-8.91891e-06 -0.000341295 -0.000202538 0.00127668 0.00433475 0.00786117 0.00468403 0.00926073 -0.00490599 0.00536672 0.0210691 0.0443649 -0.0134594 -0.017684
internal_weight=123503 98131.9 96758.5 25370.7 8810.31 6376.81 5735.08 4579.82 2433.5 1348.99 750.575 367.061 1155.26 1084.5
internal_count=2109980 1836690 1721393 273290 116680 85034 81585 72896 31646 17645 9005 4380 8689 14001
is_linear=0
shrinkage=0.03


Tree=245
num_leaves=15
num_cat=0
split_feature=0 7 0 0 6 0 10 1 3 6 10 2 6 1
split_gain=58.2867 58.1258 121.325 124.343 327.982 264.605 223.293 194.071 123.725 202.223 197.474 123.056 105.879 96.1432
threshold=61.859375000000007 160.91887664794925 1256.7421875000002 696.31445312500011 3.5000000000000004 550.36523437500011 -0.092771433293819414 10.907106399536135 0.30795268714427954 1.0000000180025095e-35 0.041949871927499778 -0.012746306601911781 6.5000000000000009 12.246767044067385
decision_type=2 2 2 2 2 2 2 2 2 2 2 2 2 2
left_child=-1 2 3 5 -5 6 -2 8 9 10 -7 -6 -10 -8
right_child=1 -3 -4 4 11 7 13 -9 12 -11 -12 -13 -14 -15
leaf_value=-0.017036901192272799 0.010643186599795983 0.0010759915102305092 -0.020313627021026098 -0.0001521160960398126 0.012656312864007705 0.016193369134955969 0.0015806536184696028 -0.0020690831885121206 -0.0084598340320038747 -0.015670605493128952 -0.01001657474090333 0.0035557451607653571 0.0078345270172491179 -0.0017185377212971715
leaf_weight=180.6578834715765 1744.784801347414 33792.792752346257 274.07920770987403 33018.847750266432 2529.0063952631317 398.55794460652396 13445.701763885329 10600.531674738973 836.67426846548915 3017.8258982440457 737.34620037488639 2837.7164761410095 628.50972145935521 19448.019131949171
leaf_count=41040 49215 356270 9720 334820 33700 5055 387091 215880 10120 94240 8955 41020 21360 501494
internal_value=-9.05819e-06 1.58887e-05 -0.000384299 -0.000323093 0.000965868 -0.00129595 0.000184792 -0.00445825 -0.00896559 -0.0116095 -0.000820217 0.00784428 -0.00147016 -0.000369954
internal_weight=123491 123310 89517.6 89243.5 38385.6 50858 34638.5 16219.4 5618.91 4153.73 1135.9 5366.72 1465.18 32893.7
internal_count=2109980 2068940 1712670 1702950 409540 1293410 937800 355610 139730 108250 14010 74720 31480 888585
is_linear=0
shrinkage=0.03


Tree=246
num_leaves=15
num_cat=0
split_feature=4 12 0 11 0 12 12 11 0 12 11 12 11 10
split_gain=58.1934 59.1151 550.502 596.247 553.92 348.033 712.552 305.747 452.833 769.655 313.314 264.376 319.726 245.666
threshold=1450.0000000000002 5.5000000000000009 951.10351562500011 2.5000000000000004 1134.0546875000002 3.5000000000000004 2.5000000000000004 1.5000000000000002 717.56835937500011 9.5000000000000018 2.5000000000000004 6.5000000000000009 2.5000000000000004 -0.019439334981143471
decision_type=2 2 2 2 2 2 2 2 2 2 2 2 2 2
left_child=1 2 -1 5 -5 6 -4 -3 9 10 -9 13 -13 -10
right_child=-2 7 3 4 -6 -7 -8 8 11 -11 -12 12 -14 -15
leaf_value=3.3318963575372963e-05 -0.01821657418266821 -0.00015361306386505954 -0.029395753945235931 -4.9437062799486315e-05 0.085405891824152813 -0.03504491397230252 0.011847338185196524 -0.01605566224708501 -0.012161440694636774 0.02918280668943752 0.0087414885085326331 0.012990154293117227 0.040715351724585118 0.0091112329593264606
leaf_weight=34990.06203431217 157.78154225531034 76900.093311793869 841.91661146981642 260.10465166345239 92.560599696822464 832.53683474473655 682.75272109080106 1966.3157371003181 625.07041481137276 538.38828272372484 598.06544976681471 2310.3696309998631 446.72579671442509 2237.6823676899076
leaf_count=443602 18360 1553097 25232 6802 2172 9140 6044 14919 3146 2387 2805 10233 2190 9851
internal_value=-8.98078e-06 1.43144e-05 -0.000975544 -0.0140021 0.0223792 -0.0194451 -0.0109269 0.000450152 0.00577305 -0.00342624 -0.0102725 0.0108521 0.0174824 0.00446643
internal_weight=123480 123323 37699.9 2709.87 352.665 2357.21 1524.67 85622.7 8722.62 3102.77 2564.38 5619.85 2757.1 2862.75
internal_count=2109980 2091620 492992 49390 8974 40416 31276 1598628 45531 20111 17724 25420 12423 12997
is_linear=0
shrinkage=0.03


Tree=247
num_leaves=15
num_cat=0
split_feature=0 8 6 0 12 6 12 12 12 12 12 12 12 12
split_gain=56.6006 97.5306 73.3357 62.9983 304.696 361.135 508.745 282.788 437.707 570.404 745.479 984.21 650.334 973.063
threshold=125.46484375000001 2.5000000000000004 3.5000000000000004 509.43359375000006 1.5000000000000002 1.5000000000000002 1.0000000180025095e-35 1.0000000180025095e-35 1.5000000000000002 6.5000000000000009 5.5000000000000009 4.5000000000000009 14.500000000000002 11.500000000000002
decision_type=2 2 2 2 2 2 2 2 2 2 2 2 2 2
left_child=1 -1 -3 7 5 6 -5 -2 -9 10 11 -10 13 -11
right_child=3 2 -4 4 -6 -7 -8 8 9 12 -12 -13 -14 -15
leaf_value=-0.023453509372678111 -0.027060939469287223 0.010709517291238656 -0.0084428695361504959 -0.00015761243248570158 5.7059570878523108e-05 0.0030719064591096905 -0.024541909267964946 0.012584423371746249 -0.01155667590381841 0.0066987211337869211 -0.02768443706497448 0.018731566270905258 0.00011985927926226227 0.045429121533860618
leaf_weight=246.57835023279767 316.72512675402686 274.00999618903734 524.0802227135282 1377.3576997143682 83675.415783419507 1802.7344055874273 1746.4857270782813 2887.7242501452565 3132.9984421143308 3629.8635551799089 1341.3731127670035 1395.7162543814629 20366.525320805609 695.71873254701495
leaf_count=51314 38979 7976 23000 78062 1004776 47255 42337 17824 37878 32854 13039 11719 696826 6141
internal_value=-8.9663e-06 -0.00696236 -0.00186724 5.03952e-05 -0.000369821 -0.00762017 -0.0137904 0.00115302 0.00142017 0.000365294 -0.00804047 -0.00222206 0.00236361 0.012928
internal_weight=123413 1044.67 798.09 122369 88602 4926.58 3123.84 33766.6 33449.9 30562.2 5870.09 4528.71 24692.1 4325.58
internal_count=2109980 82290 30976 2027690 1172430 167654 120399 855260 816281 798457 62636 49597 735821 38995
is_linear=0
shrinkage=0.03


Tree=248
num_leaves=15
num_cat=0
split_feature=7 12 0 11 12 12 12 11 0 3 0 12 12 12
split_gain=55.7854 69.27 529.224 596.134 530.635 364.928 671.301 305.966 330.536 265.097 142.034 1606.31 373.274 1440.52
threshold=48.493501663208015 5.5000000000000009 940.14257812500011 2.5000000000000004 1.5000000000000002 3.5000000000000004 2.5000000000000004 1.5000000000000002 567.55664062500011 -0.098165124654769884 920.28710937500011 6.5000000000000009 13.500000000000002 14.500000000000002
decision_type=2 2 2 2 2 2 2 2 2 2 2 2 2 2
left_child=-1 2 -2 5 -5 6 -4 10 -9 -8 12 -12 -3 -14
right_child=1 7 3 4 -6 -7 9 8 -10 -11 11 -13 13 -15
leaf_value=-0.0011848892809024579 0.00041309727635213277 -0.0042833292959190694 -0.027866604372841722 -0.030429297342283553 0.044758577729659195 -0.034439029735279972 -0.014190053935554841 -0.010622825382282439 0.0091526032158127865 0.024870245998670829 0.050081188326776896 -0.00069440155350133307 0.033603271409430917 0.00020198904889078326
leaf_weight=28061.236823749961 28020.775856335647 15244.163795063272 860.75918157969136 123.25683551095426 268.50731448084116 862.850601057522 235.93994470592588 865.70161034166813 6271.2859456371516 463.73625141382217 624.46371277794242 5495.1710680378601 1202.24216914922 34787.635809344589
leaf_count=707790 344405 128093 24559 7217 2153 8957 3024 5133 31218 2949 3966 59081 6141 775294
internal_value=-9.18294e-06 0.000336909 -0.000832611 -0.0132323 0.021103 -0.0187831 -0.0101261 0.000896109 0.00675389 0.0116986 0.000167178 0.00448687 -0.000348787 0.00131776
internal_weight=123388 95326.5 30835.8 2815.05 391.764 2423.29 1560.44 64490.7 7136.99 699.676 57353.7 6119.63 51234 35989.9
internal_count=2109980 1402190 393264 48859 9370 39489 30532 1008926 36351 5973 972575 63047 909528 781435
is_linear=0
shrinkage=0.03


Tree=249
num_leaves=15
num_cat=0
split_feature=9 9 9 0 0 10 8 1 10 8 11 0 5 11
split_gain=55.4125 55.4054 60.6501 112.063 143.432 300.819 211.94 251.08 393.941 262.47 190.396 270.243 210.667 185.418
threshold=0.16052684932947162 0.92389631271362316 0.83271777629852306 294.25976562500006 518.70312500000011 0.033929467201232917 6.5000000000000009 15.356582641601564 -0.0020174158271402116 5.5000000000000009 1.5000000000000002 654.35937500000011 960.92428588867199 1.0000000180025095e-35
decision_type=2 2 2 2 2 2 2 2 2 2 2 2 2 2
left_child=-1 2 3 -2 5 -5 7 -6 -9 10 11 -10 13 -13
right_child=1 -3 -4 4 6 -7 -8 8 9 -11 -12 12 -14 -15
leaf_value=-0.015989415711989377 -0.0043214605953274072 -0.011261645588560526 0.001508873133097981 0.0077398780949431189 -0.0015358679823875608 -2.5895837984710667e-05 -0.0053665482874883591 -0.007718795145810432 -0.004732488637381781 0.012925104887409194 -0.001763423857284238 0.0041049552535911901 -0.0063251261979631532 0.012593254164429829
leaf_weight=194.98374028573744 5748.809152762522 390.81390005047433 21262.028510517441 6146.7036698700394 40943.674042671919 16649.104272360448 7696.4967605276033 3075.368347376585 2254.1421428141184 2488.0252584111877 6164.9653513138182 4863.1875743279234 1002.9810736009385 4422.0580816513393
leaf_count=38219 272233 8256 306358 165866 553551 358643 118604 57329 42498 37200 59318 46014 7598 38293
internal_value=-9.21751e-06 1.60925e-05 5.20083e-05 -0.000253307 -8.94522e-06 0.00206808 -0.000658334 -0.000102678 0.00231505 0.00377093 0.00255344 0.00467532 0.00673656 0.00814747
internal_weight=123303 123108 122718 101456 95706.7 22795.8 72910.9 65214.4 24270.7 21195.4 18707.3 12542.4 10288.2 9285.25
internal_count=2109980 2071761 2063505 1757147 1484914 524509 960405 841801 288250 230921 193721 134403 91905 84307
is_linear=0
shrinkage=0.03


Tree=250
num_leaves=15
num_cat=0
split_feature=0 11 12 8 0 12 12 8 0 2 11 12 12 5
split_gain=55.0327 135.79 106.549 127.203 72.0434 397.967 242.353 271.105 228.861 171.83 207.911 788.463 475.373 314.99
threshold=1219.4902343750002 1.5000000000000002 9.5000000000000018 5.5000000000000009 808.33984375000011 1.5000000000000002 1.0000000180025095e-35 6.5000000000000009 842.55273437500011 -0.90990871191024769 1.5000000000000002 6.5000000000000009 5.5000000000000009 543.45578002929699
decision_type=2 2 2 2 2 2 2 2 2 2 2 2 2 2
left_child=4 2 -2 -4 -1 6 7 8 -6 10 11 -7 13 -12
right_child=1 -3 3 -5 5 9 -8 -9 -10 -11 12 -13 -14 -15
leaf_value=-0.00038161943325831809 -0.025311699083334346 0.009587069192674158 0.0090253458594162193 -0.027565886207596271 0.017566121118552342 0.029622028390733732 -0.022462921007332021 0.071095990247922292 -0.01991330128013542 0.0010108349206032587 -0.01786356271382725 -0.0014563039648868388 0.020548687369061316 0.010231150686478037
leaf_weight=90410.859462882392 366.40582120080944 321.28589664725587 264.67680267430842 126.30785514041781 251.95205367542803 1311.0115271490067 989.65357806300744 46.284332838840783 350.78016505704727 24830.230155002326 1099.2044893316925 1671.3037287611514 722.10301203653216 533.47280236147344
leaf_count=1779730 8891 3680 6817 5382 10063 8020 27509 2441 31611 198909 7436 12763 3149 3579
internal_value=-9.15024e-06 -0.00675564 -0.0136882 -0.00279548 5.03938e-05 0.00127842 -0.0131199 0.00112672 -0.00424628 0.00206053 0.00694413 0.0122056 0.000280536 -0.00868369
internal_weight=123296 1078.68 757.39 390.985 122217 31806 1638.67 649.017 602.732 30167.3 5337.1 2982.32 2354.78 1632.68
internal_count=2109980 24770 21090 12199 2085210 305480 71624 44115 41674 233856 34947 20783 14164 11015
is_linear=0
shrinkage=0.03


Tree=251
num_leaves=15
num_cat=0
split_feature=5 6 0 0 6 0 11 5 3 3 1 11 5 0
split_gain=54.5849 97.3951 76.1408 76.865 59.4098 54.6153 129.903 67.2238 68.2474 59.6855 140.812 224.522 153.264 145.344
threshold=25.453035354614261 41.500000000000007 496.18554687500006 302.49023437500006 112.50000000000001 1219.4902343750002 1.5000000000000002 320.70698547363287 -0.73909452557563771 0.76752087473869335 17.753871917724613 1.0000000180025095e-35 609.85244750976574 613.68359375000011
decision_type=2 2 2 2 2 2 2 2 2 2 2 2 2 2
left_child=1 -1 3 -3 -5 9 7 8 -7 -2 11 12 -11 -12
right_child=5 2 -4 4 -6 6 -8 -9 -10 10 13 -13 -14 -15
leaf_value=0.00058209213806911168 0.00039070487167715783 -0.018998993656783415 -0.018256889038677407 -0.0017313777469480133 0.041121017836893273 -0.016449263668573726 0.0092495343742656309 -0.01898710823250134 0.018530165266059415 0.0051489126039458268 -0.014491310663427924 -0.0034917876517347318 0.043564756112947821 7.8793375724520428e-05
leaf_weight=2224.7171456537908 106441.61442703672 254.56716866034549 541.55817724717781 823.17290005483665 30.184960812795907 98.852636708994396 322.99344009114429 545.47612737002783 101.99640984192956 3087.6091603722889 1419.0700046711136 6189.5497947664699 96.385709401220083 1089.1000861143693
leaf_count=93550 1674650 30280 56320 64410 3240 3305 3680 14843 2822 65180 20020 64136 974 12570
internal_value=-9.12702e-06 -0.00351368 -0.00903778 -0.00453145 -0.000215603 0.000104593 -0.0066449 -0.0135237 0.00131421 0.00016559 -0.00185109 -0.000161704 0.00631183 -0.00816467
internal_weight=123267 3874.2 1649.48 1107.93 853.358 119393 1069.32 746.325 200.849 118323 11881.7 9373.54 3183.99 2508.17
internal_count=2109980 247800 154250 97930 67650 1862180 24650 20970 6127 1837530 162880 130290 66154 32590
is_linear=0
shrinkage=0.03


Tree=252
num_leaves=15
num_cat=0
split_feature=4 8 0 0 6 0 12 8 12 0 10 5 0 12
split_gain=54.9953 54.2294 182.948 120.504 139.093 377.616 237.841 467.891 265.084 560.392 461.656 423.516 331.384 597.295
threshold=1450.0000000000002 5.5000000000000009 1062.3691406250002 125.46484375000001 2.5000000000000004 720.72656250000011 1.5000000000000002 4.5000000000000009 2.5000000000000004 913.97460937500011 -0.0041426878888159982 455.99592590332037 873.96679687500011 13.500000000000002
decision_type=2 2 2 2 2 2 2 2 2 2 2 2 2 2
left_child=1 3 -3 -1 6 -6 7 -5 9 10 11 -8 13 -10
right_child=-2 2 -4 4 5 -7 8 -9 12 -11 -12 -13 -14 -15
leaf_value=-0.015922012307668151 -0.017920070160487595 -0.00076861294217752177 -0.025021955835242561 -0.012156488080709621 0.00081740291260398539 0.010834108207862788 0.013526552621904721 0.022521844396343537 -0.0051062766127359686 -0.0099469196345333445 0.0051403431434289271 0.048793092587893792 0.0029777972124414064 0.0034575101878908145
leaf_weight=404.0836382645648 154.09219089336693 36247.836181934224 282.09369834442623 2969.3072996629635 23473.977959875716 3958.4017698552925 877.03572916798294 396.97766648116522 22352.178112976253 1518.4084902359173 3442.6553590446711 471.08260406181216 15808.508989856578 10906.487751927692
leaf_count=56130 18360 637886 8854 111726 757601 47060 7147 8746 162245 16962 25510 3341 132540 115872
internal_value=-8.98303e-06 1.34358e-05 -0.000955904 0.000422425 0.000499066 0.00226278 -0.000324576 -0.00806696 0.000146077 0.00593449 0.010968 0.02585 -0.000598212 -0.00229796
internal_weight=123263 123109 36529.9 86579.1 86175 27432.4 58742.6 3366.28 55376.4 6309.18 4790.77 1348.12 49067.2 33258.7
internal_count=2109980 2091620 646740 1444880 1388750 804661 584089 120472 463617 52960 35998 10488 410657 278117
is_linear=0
shrinkage=0.03


Tree=253
num_leaves=15
num_cat=0
split_feature=8 11 12 9 12 12 0 0 3 9 5 3 0 11
split_gain=53.9098 265.347 129.481 77.6138 61.5709 168.799 890.729 395.739 350.202 314.51 273.441 218.545 165.203 210.437
threshold=7.5000000000000009 1.5000000000000002 10.500000000000002 0.31200394034385687 3.5000000000000004 2.5000000000000004 920.28710937500011 913.97460937500011 -0.24881964176893231 0.64980682730674755 718.24157714843761 0.38497920334339147 360.03906250000006 1.5000000000000002
decision_type=2 2 2 2 2 2 2 2 2 2 2 2 2 2
left_child=3 2 -2 -1 5 7 11 9 -8 12 -10 -7 -5 -14
right_child=1 -3 -4 4 -6 6 8 -9 10 -11 -12 -13 13 -15
leaf_value=-0.0056770406456187724 0.041736449861817272 -0.010072265488049965 0.0084260402744104901 0.022154737473868757 0.00036845338589329126 -0.0078169094161606133 -0.0082848031065110451 -0.012748492416271377 0.043884054301884953 -0.0032099462153472916 0.0074139070343151921 -0.022946697912069342 -0.0022812762629107384 0.0079831732237600605
leaf_weight=2174.7524423931027 199.738463150803 392.06545353354886 221.47802535817027 507.67007042327896 97608.302068840945 3527.6797583308071 309.4130806941539 1902.362114104908 468.29251668415964 6475.3819642250892 305.88015765324235 1135.9269733726978 2717.5669536006171 5310.0724946740083
leaf_count=128758 2024 3897 2952 8095 1622653 40958 3673 39603 3452 122333 1629 13815 42227 73911
internal_value=-9.03613e-06 0.0076893 0.0242216 -6.01693e-05 4.13976e-05 -0.00136739 -0.00580917 0.000141969 0.0186925 0.00177563 0.0294745 -0.0115021 0.00555797 0.00450839
internal_weight=123257 813.282 421.216 122443 120269 22660.2 5747.19 16913.1 1083.59 15010.7 774.173 4663.61 8535.31 8027.64
internal_count=2109980 8873 4976 2101107 1972349 349696 63527 286169 8754 246566 5081 54773 124233 116138
is_linear=0
shrinkage=0.03


Tree=254
num_leaves=15
num_cat=0
split_feature=7 11 12 12 0 12 11 12 12 0 11 11 2 0
split_gain=52.6875 137.922 231.896 164.166 133.048 297.839 585.842 486.274 1419.06 339.399 428.534 382.676 302.576 277.54
threshold=187.76160430908206 3.5000000000000004 3.5000000000000004 1.0000000180025095e-35 668.82031250000011 4.5000000000000009 1.5000000000000002 7.5000000000000009 8.5000000000000018 518.70312500000011 1.5000000000000002 2.5000000000000004 -0.32428170740604395 547.85156250000011
decision_type=2 2 2 2 2 2 2 2 2 2 2 2 2 2
left_child=1 3 -3 -1 5 9 7 13 -9 -2 -11 12 -12 -7
right_child=4 2 -4 -5 -6 6 -8 8 -10 10 11 -13 -14 -15
leaf_value=-0.011375000328643681 -0.017408837875657956 0.0022970416677844056 0.038827611301742261 -0.00028747786233174167 -0.0003794188808543232 -0.024237136151449616 0.034556162713776026 0.066109016355323569 0.0040210276110255114 -0.013986211068728209 0.066018492492222705 -0.0011184823879976009 0.012256173366896583 0.00652607167556767
leaf_weight=1217.1188015431399 1069.2857629884966 582.0191631228663 213.86276477575302 95900.429469854222 16502.802785052103 724.35561312176287 650.57367910817266 359.28207151964307 4254.5438183826627 589.75189043628052 205.84849459677935 382.04188005952165 173.72963722958229 415.24586669355631
leaf_count=107860 14001 11230 1108 1716492 156610 5537 3449 2641 70255 8640 2132 4625 2248 3152
internal_value=-9.02326e-06 -0.000324504 0.0121132 -0.000426431 0.00121059 0.00418404 0.00757251 0.00452131 0.00885587 -0.00478038 0.00521201 0.0200779 0.0414119 -0.0130277
internal_weight=123241 97913.4 795.882 97117.5 25327.5 8824.66 6404 5753.43 4613.83 2420.66 1351.37 761.62 379.578 1139.6
internal_count=2109980 1836690 12338 1824352 273290 116680 85034 81585 72896 31646 17645 9005 4380 8689
is_linear=0
shrinkage=0.03


Tree=255
num_leaves=15
num_cat=0
split_feature=4 0 5 0 10 11 0 5 11 7 5 7 0 10
split_gain=52.3672 51.7759 51.3764 59.7186 138.154 120.267 237.468 224.361 116.915 213.916 165.649 124.432 114.268 311.888
threshold=1450.0000000000002 61.859375000000007 1167.5230712890627 808.33984375000011 0.02440217882394791 2.5000000000000004 846.30664062500011 654.28506469726574 3.5000000000000004 277.11102294921881 471.55592346191412 414.58518981933599 509.43359375000006 -0.13221374154090879
decision_type=2 2 2 2 2 2 2 2 2 2 2 2 2 2
left_child=1 -1 3 8 5 6 7 -5 11 10 -10 12 13 -3
right_child=-2 2 -4 4 -6 -7 -8 -9 9 -11 -12 -13 -14 -15
leaf_value=-0.016409249048744072 -0.017662229750727437 0.018890343831574962 -0.0073712073515569869 0.0052136484143817524 0.0024231086036237684 -0.012299579355152466 -0.0034386856739338752 0.039032589568976844 0.02595044913892413 -0.010198637864463274 -0.008690442957227023 0.013965503760506088 -0.0013701736505351363 0.00038927715806876521
leaf_weight=172.55123745440505 151.05165639403276 840.80252955039032 837.09207735280506 1458.5345897967927 23108.115854403004 911.23795262386557 6348.2311894983286 200.86526177357882 581.85829966934398 339.85812257602811 157.9661167440936 537.25901271030307 54330.407540881541 33249.682361575542
leaf_count=41020 18360 18954 8040 15327 207085 14953 83066 1769 8040 3186 2086 4629 820410 863055
internal_value=-9.09794e-06 1.25681e-05 3.56239e-05 8.64182e-05 0.00119901 -0.00197254 -0.000797364 0.00930733 -0.000309337 0.00950335 0.018554 -0.000428433 -0.000515893 0.000845585
internal_weight=123226 123074 122902 122065 32027 8918.87 8007.63 1659.4 90037.8 1079.68 739.824 88958.2 88420.9 34090.5
internal_count=2109980 2091620 2050600 2042560 322200 115115 100162 17096 1720360 13312 10126 1707048 1702419 882009
is_linear=0
shrinkage=0.03


Tree=256
num_leaves=15
num_cat=0
split_feature=9 9 0 1 0 1 0 10 1 10 0 6 7 7
split_gain=52.3505 61.5129 121.925 167.573 103.398 98.6619 90.7678 291.547 165.071 323.7 212.98 415.835 310.299 256.926
threshold=0.92389631271362316 0.82908600568771373 195.95117187500003 23.159486770629886 817.36328125000011 7.3264439105987558 528.18164062500011 -0.012849870603531597 15.356582641601564 -0.02889966685324907 729.54101562500011 2.5000000000000004 121.01387786865236 293.22462463378912
decision_type=2 2 2 2 2 2 2 2 2 2 2 2 2 2
left_child=1 2 3 -1 5 -3 7 -4 10 -10 13 -12 -13 -8
right_child=-2 4 6 -5 -6 -7 8 -9 9 -11 11 12 -14 -15
leaf_value=-0.012935451249895862 -0.01102593348433519 -0.0052939137855879141 0.0079254670557521358 0.0046398718054663146 0.0081750394542595608 0.0015363490482009697 -0.0053143031039451808 -0.00012166710477518039 -0.0097670819067821706 0.002180842414887666 -0.0015666838435018614 0.0044195639480842557 0.025582306535608092 0.013749937001646178
leaf_weight=1504.5552028553793 386.96654946822673 2122.9680918974336 4947.1161697646603 722.80893346644007 1883.0627360385843 18398.4007108605 15680.211762678577 22394.48323931545 2228.4422919307835 24236.819747851929 24744.52663406753 2467.404055644758 834.44129946827888 663.13210198935121
leaf_count=111300 8256 37174 144661 30805 14565 271132 321059 558183 48015 273769 246100 30267 8380 6314
internal_value=-8.96771e-06 2.57409e-05 -0.000291364 -0.00723203 0.00144711 0.000829748 -0.000133931 0.00133436 -0.000700517 0.0011748 -0.00181858 -0.000232296 0.00976781 -0.00454077
internal_weight=123215 122828 100424 2227.36 22404.4 20521.4 98196.6 27341.6 70855 26465.3 44389.7 28046.4 3301.85 16343.3
internal_count=2109980 2101724 1778853 142105 322871 308306 1636748 702844 933904 321784 612120 284747 38647 327373
is_linear=0
shrinkage=0.03


Tree=257
num_leaves=15
num_cat=0
split_feature=8 11 12 12 5 3 1 5 3 12 12 11 12 11
split_gain=51.3366 246.825 126.499 73.1225 129.896 82.8088 129.115 67.6361 60.0327 412.056 1184.6 513.506 480.57 355.449
threshold=7.5000000000000009 1.5000000000000002 8.5000000000000018 1.0000000180025095e-35 122.4913673400879 -0.51569074392318714 11.860343456268312 597.72180175781261 0.09513940662145616 9.5000000000000018 7.5000000000000009 1.5000000000000002 6.5000000000000009 2.5000000000000004
decision_type=2 2 2 2 2 2 2 2 2 2 2 2 2 2
left_child=3 2 -2 4 -1 7 -7 -6 -5 10 12 -11 -10 -14
right_child=1 -3 -4 8 5 6 -8 -9 9 11 -12 -13 13 -15
leaf_value=-0.021509299885649598 0.043015471448907182 -0.0097952463376864522 0.0097679493861619129 -0.00044161081279528832 0.0089099008760569805 0.0026378539585040165 -0.018223874399027454 -0.027431930163461293 -0.0014850884651490376 0.0034958064521232227 -0.022917010716827602 0.040599908315139571 0.0080474318035466536 0.041223603461381916
leaf_weight=378.65624778496567 173.02372136199847 389.26948440610431 254.4702645689249 79507.74857289542 615.99013623583596 561.43820761633106 509.13306795817334 49.817555233137682 16456.493692121934 18977.433107439778 2167.3287654798478 341.73946200311184 2490.9863882027566 329.04024916887283
leaf_count=38215 1703 3897 3273 1418387 38062 28794 37469 5165 144190 350275 20678 1545 16726 1601
internal_value=-8.91274e-06 0.00748731 0.0232245 -5.89401e-05 -0.00558865 -0.0021168 -0.00728339 0.00619071 3.83033e-05 0.00097437 -0.00188855 0.00415215 0.000475756 0.0119184
internal_weight=123203 816.763 427.494 122386 2115.04 1736.38 1070.57 665.808 120271 40763 21443.8 19319.2 19276.5 2820.03
internal_count=2109980 8873 4976 2101107 147705 109490 66263 43227 1953402 535015 183195 351820 162517 18327
is_linear=0
shrinkage=0.03


Tree=258
num_leaves=15
num_cat=0
split_feature=5 0 4 9 5 1 2 8 0 5 2 0 10 0
split_gain=50.7965 51.8748 62.451 50.9509 51.3431 67.6999 209.758 181.491 134.32 242 166.991 132.682 255.337 125.778
threshold=25.453035354614261 1219.4902343750002 2.5000000000000004 0.92389631271362316 1167.5230712890627 24.310859680175785 -0.90990871191024769 5.5000000000000009 191.16992187500003 232.80513763427737 0.20644620060920718 509.43359375000006 -0.13221374154090879 968.75000000000011
decision_type=2 2 2 2 2 2 2 2 2 2 2 2 2 2
left_child=-1 3 -3 4 5 8 -7 13 9 10 -2 12 -10 -8
right_child=1 2 -4 -5 -6 6 7 -9 11 -11 -12 -13 -14 -15
leaf_value=-0.0033973171911326253 -0.018938687343189504 -0.0086706357818541798 0.017941163393546372 -0.010767936601931817 -0.0072220179640381339 0.0095254413893537341 -0.0046869499974603046 0.0070161935775580834 0.018377322879652491 0.018508406436489593 -0.00063621062561298493 -0.0004942964476883576 0.0014296901114248472 0.005186173166411753
leaf_weight=3856.9663742231205 1087.0869751485297 974.5401465841569 86.402405589353293 382.74797878134996 833.93058323999867 2828.5300332175102 5101.7273418722907 2525.2951037394814 824.63366406247951 280.68825259932783 763.95163306803443 75242.88077316666 26880.130342188058 1503.5259584796149
leaf_count=247800 65088 21870 2780 8226 8040 25631 61241 43813 15514 8872 37791 958555 589765 14994
internal_value=-8.8216e-06 0.000100714 -0.00650339 0.000159963 0.000195448 0.000248299 0.00238705 0.00017567 4.88759e-06 -0.00744886 -0.011385 0.000159232 0.00193414 -0.00243957
internal_weight=123173 119316 1060.94 118255 117872 117038 11959.1 9130.55 105079 2131.73 1851.04 102948 27704.8 6605.25
internal_count=2109980 1862180 24650 1837530 1829304 1821264 145679 120048 1675585 111751 102879 1563834 605279 76235
is_linear=0
shrinkage=0.03


Tree=259
num_leaves=15
num_cat=0
split_feature=9 12 1 12 5 12 6 2 5 6 1 12 12 12
split_gain=50.9942 159.152 334.119 286.938 190.295 134.348 130.217 115.451 160.72 86.8188 86.2508 167.415 240.081 386.818
threshold=0.42974959313869482 2.5000000000000004 17.093500137329105 1.5000000000000002 330.62290954589849 4.5000000000000009 1.5000000000000002 -0.73467135429382313 488.03974914550787 31.500000000000004 11.54664182662964 5.5000000000000009 14.500000000000002 13.500000000000002
decision_type=2 2 2 2 2 2 2 2 2 2 2 2 2 2
left_child=1 2 3 4 -1 -3 7 -5 -9 -7 -2 -12 13 -13
right_child=10 5 -4 6 -6 9 -8 8 -10 -11 11 12 -14 -15
leaf_value=0.0050832991058209608 -0.00087213820029596141 -0.016042126387283213 -0.017957308806427701 0.035891546820203735 -0.023829152770323284 -0.0010818822218490562 -0.0012657257873920861 0.003728427491937841 0.036697699367577753 -0.0098995269380213954 -0.0014895738833007196 0.0038172903725345137 0.00030689053098693333 0.027638334369797176
leaf_weight=750.80793764372356 44084.694728247821 819.13112907297909 513.37530329823494 399.59538395982236 281.76917749957647 4480.5363472198369 238.26305728498846 388.71611417271197 202.34561393596232 1295.5527615741594 20061.508508808445 15547.846036454663 33463.470849523786 638.72243867442012
leaf_count=18608 711038 12868 22878 2661 11708 122870 2496 4038 1884 120160 252021 115187 708287 3276
internal_value=-8.70426e-06 -0.002136 0.00389166 0.00885152 -0.00280632 -0.00467208 0.0186468 0.023436 0.0150152 -0.00305964 0.000166459 0.000823255 0.00175777 0.00475727
internal_weight=123166 9370.09 2774.87 2261.5 1032.58 6595.22 1228.92 990.657 591.062 5776.09 113796 69711.5 49650 16186.6
internal_count=2109980 320171 64273 41395 30316 255898 11079 8583 5922 243030 1789809 1078771 826750 118463
is_linear=0
shrinkage=0.03


Tree=260
num_leaves=15
num_cat=0
split_feature=0 11 0 10 1 2 3 11 3 11 0 1 9 0
split_gain=50.3721 132.901 124.723 272.662 202.119 467.005 328.24 285.195 221.097 142.262 240.597 302.054 234.693 173.014
threshold=752.83007812500011 2.5000000000000004 509.43359375000006 -0.13221374154090879 17.359197616577152 -0.31075993180274958 0.29367984831333166 1.0000000180025095e-35 -0.45036284625530237 1.5000000000000002 674.54882812500011 9.3325610160827654 0.66239863634109508 685.42578125000011
decision_type=2 2 2 2 2 2 2 2 2 2 2 2 2 2
left_child=1 2 3 -1 6 8 9 -8 -6 13 12 -12 -11 -4
right_child=-2 -3 4 -5 5 -7 7 -9 -10 10 11 -13 -14 -15
leaf_value=0.016510875058546481 0.00078092969467394356 0.0052845051264473822 -0.0087756095546654544 0.00013735423523022927 0.0179394110715046 -0.0032175145524486141 0.0074269203931826306 -0.0033005877938789155 0.0039282505684861942 0.019180752254705682 -0.021828053755516941 0.0052623588940019757 -0.0024459382433226059 -0.0021960932610421481
leaf_weight=941.34852700692136 45722.768179364968 3445.3930963226594 10781.629171389155 33132.429311943706 1648.7243598077912 7108.6202924801037 4036.3293535590637 4985.1483515207656 2631.3866774705239 841.59323718678206 764.97283583553508 718.19008086947724 974.58399366913363 5397.7426350289024
leaf_count=41526 454660 39492 281239 886100 20100 111683 81279 55879 26885 9290 7987 7440 9353 77067
internal_value=-8.58419e-06 -0.000474928 -0.000743218 0.000589702 -0.00188182 0.00149637 -0.00323175 0.00149904 0.00932543 -0.0054228 0.000254634 -0.0087101 0.00757559 -0.00658056
internal_weight=123131 77408.1 73962.7 34073.8 39888.9 11388.7 28500.2 9021.48 4280.11 19478.7 3299.34 1483.16 1816.18 16179.4
internal_count=2109980 1655320 1615828 927626 688202 158668 529534 137158 46985 392376 34070 15427 18643 358306
is_linear=0
shrinkage=0.03


Tree=261
num_leaves=15
num_cat=0
split_feature=9 10 1 12 12 0 2 0 12 10 12 0 0 10
split_gain=50.1515 148.093 110.757 118.263 341.763 235.487 86.7045 67.6123 64.3717 167.539 154.759 821.697 322.714 250.66
threshold=0.38308379054069525 -0.092771433293819414 18.162634849548343 2.5000000000000004 1.5000000000000002 410.08789062500006 -0.65920469164848317 509.43359375000006 3.5000000000000004 0.31782078742980963 2.5000000000000004 920.28710937500011 913.97460937500011 0.15626126527786258
decision_type=2 2 2 2 2 2 2 2 2 2 2 2 2 2
left_child=1 2 3 4 5 -1 -6 -7 9 10 12 -12 13 -2
right_child=8 -3 -4 -5 6 7 -8 -9 -10 -11 11 -13 -14 -15
leaf_value=0.049976339053840198 0.0055087945231608653 -0.0083393838777093277 -0.015218723390842064 -0.0015168773092250911 0.040442547837913949 0.0037320684394498587 0.016744322597136346 -0.019796408297085257 0.00045690790586056077 -0.0099471872593394784 -0.011212894347799278 0.019036414632288175 -0.011597542251296104 -0.0033521646053903211
leaf_weight=61.354101204313338 8721.525260534836 2441.3397021427518 322.65401065140031 1774.5121041469974 254.83610577508807 161.6722303268034 305.54492625128478 343.39548476377968 95942.997573493514 1866.9158649316523 3995.5280386842787 1013.1452522538602 1623.0756021144334 4284.7670904041734
leaf_count=1270 126579 117570 16708 70600 1580 2573 3278 15004 1553507 38209 47258 7784 32496 75564
internal_value=-8.58921e-06 -0.00276549 0.00145532 0.00330963 0.0109105 -0.00552304 0.0275212 -0.0122649 0.000124395 -0.00135909 -0.000542652 -0.00509412 0.00101564 0.00258966
internal_weight=123113 5665.31 3223.97 2901.31 1126.8 566.422 560.381 505.068 117448 21505 19638 5008.67 14629.4 13006.3
internal_count=2109980 228583 111013 94305 23705 18847 4858 17577 1881397 327890 289681 55042 234639 202143
is_linear=0
shrinkage=0.03


Tree=262
num_leaves=15
num_cat=0
split_feature=8 1 12 12 2 2 8 7 2 12 6 6 12 8
split_gain=49.8421 264.92 196.129 238.989 161.928 159.209 151.151 148.862 135.108 116.592 106.084 100.826 217.259 427.885
threshold=5.5000000000000009 19.524925231933597 3.5000000000000004 1.5000000000000002 -0.89440608024597157 -0.29731735587120051 6.5000000000000009 153.84512329101565 -0.13475812226533887 13.500000000000002 5.5000000000000009 2.5000000000000004 1.5000000000000002 4.5000000000000009
decision_type=2 2 2 2 2 2 2 2 2 2 2 2 2 2
left_child=11 10 3 4 -3 6 -4 -6 -9 -8 -2 12 13 -1
right_child=1 2 5 -5 7 -7 9 8 -10 -11 -12 -13 -14 -15
leaf_value=-0.011794231187583088 -0.00055641518235979587 -0.027747364143240964 0.020367294389841303 -0.018613012302417405 0.00039215689195664413 0.0027826123090924017 -0.007520767901337308 0.052310896581467765 0.0076895421754565292 0.012689478912439055 -0.0042629477394237831 0.0018679381928056482 0.00012445352279455619 0.02108219040595968
leaf_weight=2914.8660917098168 14233.353686082177 116.39369281637482 1094.6595292510465 724.19258435443044 459.78222989384085 4969.2646685889922 432.0906215775758 118.75766609818675 125.72670344077051 633.6315742963925 13580.217064037919 27904.08080693183 55382.529717687285 405.90127161331475
leaf_count=111763 189328 2457 13428 10354 9870 90510 3234 2071 2760 10054 313254 869833 472268 8796
internal_value=-8.55517e-06 -0.000938593 0.00363871 -0.00605211 0.00503228 0.00573852 0.0125376 0.0104497 0.0293643 0.00449536 -0.00236616 0.000383274 -0.000322448 -0.00777571
internal_weight=123095 36488.1 8674.5 1544.85 820.66 7129.65 2160.38 704.267 244.484 1065.72 27813.6 86607.4 58703.3 3320.77
internal_count=2109980 647320 144738 27512 17158 117226 26716 14701 4831 13288 502582 1462660 592827 120559
is_linear=0
shrinkage=0.03


Tree=263
num_leaves=15
num_cat=0
split_feature=4 8 6 12 8 12 12 5 12 11 12 12 12 2
split_gain=48.8251 48.705 103.027 206.076 402.613 246.351 308.791 381.578 445.669 220.209 274.558 529.768 933.027 333.952
threshold=1450.0000000000002 5.5000000000000009 2.5000000000000004 1.5000000000000002 4.5000000000000009 2.5000000000000004 5.5000000000000009 624.52273559570324 3.5000000000000004 1.5000000000000002 6.5000000000000009 13.500000000000002 14.500000000000002 0.57362651824951183
decision_type=2 2 2 2 2 2 2 2 2 2 2 2 2 2
left_child=1 2 3 4 -1 -5 7 -7 -9 10 -8 13 -13 -12
right_child=-2 -3 -4 5 -6 6 9 8 -10 -11 11 12 -14 -15
leaf_value=-0.011562787077840362 -0.017293983678466698 -0.0009077172276170032 0.0019038364986222137 0.0056904018350332859 0.02013745893524041 -0.0026369064618381676 0.007628094749910946 0.00021141793176775614 -0.031345656729703367 0.0056087602443170102 -0.010554412228347822 0.0288407963268076 -9.3345402426055975e-05 0.002814004956257971
leaf_weight=2884.4802000408527 146.89433083788026 36447.122129101772 27809.23509155889 6330.3009464433417 412.09830142045394 10445.960799933877 3443.8446152629331 692.58579158503562 962.53840176016092 6873.2689680848271 6833.4741253824905 1067.9299993440509 16505.958340356476 2230.7782458467409
leaf_count=111763 18360 646740 852053 52980 8796 85477 22386 5196 7526 33688 57235 5556 184840 17384
internal_value=-8.51502e-06 1.21385e-05 0.000399757 -0.000313007 -0.00760001 0.000120711 -0.00059801 -0.00475742 -0.0181406 0.000764 -0.000342953 -0.00137347 0.00166492 -0.00726435
internal_weight=123086 122940 86492.5 58683.2 3296.58 55386.6 49056.3 12101.1 1655.12 36955.3 30082 26638.1 17573.9 9064.25
internal_count=2109980 2091620 1444880 592827 120559 472268 419288 98199 12722 321089 287401 265015 190396 74619
is_linear=0
shrinkage=0.03


Tree=264
num_leaves=15
num_cat=0
split_feature=9 12 1 12 12 11 5 11 5 1 5 12 12 1
split_gain=50.0656 173.054 372.855 249.938 212.749 317.404 311.665 240.009 193.444 173.711 135.992 130.283 112.903 105.754
threshold=0.48346233367919927 2.5000000000000004 18.701701164245609 4.5000000000000009 1.5000000000000002 2.5000000000000004 471.55592346191412 1.5000000000000002 336.19598388671881 9.5294775962829608 315.78330993652349 5.5000000000000009 1.0000000180025095e-35 11.54664182662964
decision_type=2 2 2 2 2 2 2 2 2 2 2 2 2 2
left_child=1 2 4 -3 8 6 7 9 12 -6 -5 -12 -1 -2
right_child=13 3 -4 10 5 -7 -8 -9 -10 -11 11 -13 -14 -15
leaf_value=-0.016501933596892854 -0.00098178955061764789 -0.015112205808676392 -0.016849223847852486 -0.0042061200326185579 0.039466739417247487 -0.013699935105813807 0.040963158248665026 -0.00031115902288805802 -0.01888189596195736 0.0069628066075626558 -0.016235128114548848 0.0057158558625565936 0.008853729452248044 0.00095511886406781711
leaf_weight=186.21744526771363 40899.208631367655 1477.1328230272047 689.0496910167858 6595.0585222706432 341.58662571432069 323.74165468662977 425.6738715628162 715.47266018763185 405.05665744119324 261.08133799768984 268.73725086729974 2575.5020444288384 1044.9125742656179 66816.760064880364
leaf_count=16808 650004 20834 26126 307587 2935 2416 3581 5800 16849 3102 2743 30480 11954 1008761
internal_value=-8.47071e-06 -0.00161378 0.00341434 -0.0036371 0.0071842 0.0135804 0.018645 0.0114377 -0.000898316 0.0253857 -0.00184139 0.00364182 0.0050185 0.000219685
internal_weight=123025 15309.2 4392.79 10916.4 3703.74 2067.56 1743.81 1318.14 1636.19 602.668 9439.3 2844.24 1231.13 107716
internal_count=2109980 451215 89571 361644 63445 17834 15418 11837 45611 6037 340810 33223 28762 1658765
is_linear=0
shrinkage=0.03


Tree=265
num_leaves=15
num_cat=0
split_feature=9 7 11 12 12 3 5 9 11 12 11 12 11 5
split_gain=48.3267 47.9206 120.529 216.819 143.683 103.572 106.781 120.782 117.574 101.104 239.673 197.471 250.733 298.868
threshold=0.16052684932947162 187.76160430908206 3.5000000000000004 3.5000000000000004 1.0000000180025095e-35 -0.43178220093250269 164.06769561767581 0.67697095870971691 2.5000000000000004 5.5000000000000009 1.5000000000000002 2.5000000000000004 1.5000000000000002 426.90882873535162
decision_type=2 2 2 2 2 2 2 2 2 2 2 2 2 2
left_child=-1 2 4 -4 5 6 -2 -8 -9 11 -11 12 13 -3
right_child=1 9 3 -5 -6 -7 7 8 -10 10 -12 -13 -14 -15
leaf_value=-0.015284677081072803 -0.01736464342847294 0.0017478411056229565 0.0018166551346679302 0.036956934558602911 -0.00025473274034497941 -0.018467980991366695 -0.0068192926559998085 0.048129987128755332 -0.014332076291768388 0.0011109113133895745 0.011529580704441329 -0.0054077536237568408 0.0076174896915339879 -0.030031796220495871
leaf_weight=186.09693339955993 200.86320130631793 847.02257360424846 586.04865873651579 216.37007715553045 95576.628492803895 675.56481860065833 160.13886390347034 101.49343553744256 37.012901537586004 13478.984692334896 2330.8037472851574 4954.3501867735758 3272.1218441586243 388.48450584860984
leaf_count=38219 22524 14410 11225 1108 1690664 60102 14811 7178 2406 137754 10894 40010 48522 10153
internal_value=-8.43495e-06 1.47105e-05 -0.00028689 0.0112921 -0.000382922 -0.0108094 -0.000451535 0.0109239 0.0314383 0.00117895 0.00264691 -0.00127383 0.00326977 -0.00824473
internal_weight=123012 122826 97554.1 802.419 96751.7 1175.07 499.508 298.645 138.506 25271.8 15809.8 9461.98 4507.63 1235.51
internal_count=2109980 2071761 1810018 12333 1797685 107021 46919 24395 9584 261743 148648 113095 73085 24563
is_linear=0
shrinkage=0.03


Tree=266
num_leaves=15
num_cat=0
split_feature=0 12 12 0 8 3 7 12 0 11 12 0 3 1
split_gain=49.0762 395.109 263.306 271.776 211.605 359.803 151.404 447.133 387.54 320.43 424.907 418.224 312.942 204.265
threshold=756.22460937500011 1.5000000000000002 1.0000000180025095e-35 769.98632812500011 6.5000000000000009 -0.38732597231864924 302.71090698242193 4.5000000000000009 518.70312500000011 1.5000000000000002 7.5000000000000009 668.82031250000011 -0.60589647293090809 13.141333103179933
decision_type=2 2 2 2 2 2 2 2 2 2 2 2 2 2
left_child=6 2 4 -4 -2 -6 -1 8 -8 10 -9 12 -12 -10
right_child=1 -3 3 -5 5 -7 7 9 13 -11 11 -13 -14 -15
leaf_value=-0.00070568070006180538 -0.0039981383085495358 0.0014453624859983249 0.021165854711577281 -0.024110238179674535 0.092483329130815084 -0.023596943734684669 -0.03539198100274444 -0.016880931427727119 0.016835421820281186 0.042063477795768758 0.063959232179484626 -0.0090548609141628197 0.019136751038215615 -0.021886011922062534
leaf_weight=75575.92896939849 890.75234626885504 42493.202090955805 132.11322545073926 1232.2791060376912 55.75376786175184 42.238422058522701 341.72581577347592 390.85685462504625 398.94180823117495 338.5118036493659 212.03005180950277 294.01601040735841 413.75281609129161 177.01724248565733
leaf_count=1637190 56293 349211 2133 33649 2745 2329 4164 2769 4050 1720 3401 2972 4682 2672
internal_value=-8.3321e-06 0.000782719 -0.0111834 -0.0197262 0.000605055 0.0424482 -0.000462318 0.00670301 -0.0100821 0.0160432 0.00932271 0.0204576 0.0343237 0.00493464
internal_weight=122989 44846.3 2353.14 1364.39 988.745 97.9922 78142.8 2566.85 917.685 1649.17 1310.66 919.799 625.783 575.959
internal_count=2109980 446360 97149 35782 61367 5074 1663620 26430 10886 15544 13824 11055 8083 6722
is_linear=0
shrinkage=0.03


Tree=267
num_leaves=15
num_cat=0
split_feature=9 9 10 6 5 11 2 5 5 2 6 5 6 11
split_gain=47.1916 58.3933 85.242 50.0967 54.745 49.5258 91.9725 51.8558 45.4746 51.4868 106.253 75.257 63.012 140.307
threshold=0.92389631271362316 0.85491624474525463 0.29242302477359777 61.500000000000007 73.39288711547853 1.5000000000000002 0.18205527216196063 364.20672607421881 1167.5230712890627 -0.05308971740305423 24.500000000000004 87.433193206787124 1.5000000000000002 2.5000000000000004
decision_type=2 2 2 2 2 2 2 2 2 2 2 2 2 2
left_child=1 3 -3 8 -5 7 -7 -4 9 -1 12 -12 -11 -14
right_child=-2 2 5 4 -6 6 -8 -9 -10 10 11 -13 13 -15
leaf_value=0.00056868429311420475 -0.010569826884474855 -0.010407211133178131 0.002452310571734589 -0.0061493342094652449 0.0092852505246337272 0.0021456980639114605 0.018426965218252177 -0.0030339058880789411 -0.0071401677585932709 -0.0011792042327605013 -0.0069844273768467115 0.0015657599166304242 0.00061916686942127823 0.015489690806315702
leaf_weight=55041.410044385353 379.59528822405264 495.51008452428505 10680.311891632853 2062.833882738254 229.86892509972677 931.48492788383737 469.73785889334977 1813.9281589100137 823.88464894855861 27876.610430376721 3798.5412725779461 1225.3542320315028 16547.451234739856 591.45615923195146
leaf_count=811919 8256 8199 165663 185565 11644 9592 4146 18977 8008 318104 196686 37211 318406 7604
internal_value=-8.42285e-06 2.42806e-05 0.0018196 -0.000214509 -0.00460185 0.00225561 0.00760374 0.00165582 -0.000119528 -6.44832e-05 -0.000760943 -0.00489899 -0.000299122 0.00113234
internal_weight=122968 122588 14391 108197 2292.7 13895.5 1401.22 12494.2 105905 105081 50039.4 5023.9 45015.5 17138.9
internal_count=2109980 2101724 206577 1895147 197209 198378 13738 184640 1697938 1689930 878011 233897 644114 326010
is_linear=0
shrinkage=0.03


Tree=268
num_leaves=15
num_cat=0
split_feature=9 8 9 2 9 12 12 12 9 12 2 7 2 2
split_gain=45.9436 46.1176 103.684 78.1054 77.7453 123.333 113.437 256.741 187.844 148.521 139.192 142.833 111.054 104.187
threshold=0.16052684932947162 5.5000000000000009 0.83271777629852306 0.6697448492050172 0.50390058755874645 2.5000000000000004 3.5000000000000004 1.5000000000000002 0.77186357975006115 4.5000000000000009 0.64463478326797496 96.263744354248061 0.86026889085769664 -0.63875097036361683
decision_type=2 2 2 2 2 2 2 2 2 2 2 2 2 2
left_child=-1 2 -2 -4 5 -3 7 8 10 12 11 -6 -8 -9
right_child=1 4 3 -5 6 -7 9 13 -10 -11 -12 -13 -14 -15
leaf_value=-0.015023746445044662 4.9069825987609738e-05 0.0034298310332816712 0.0018871619680839867 0.0085545740077788875 -0.0092780993866909186 -0.010121465201011282 0.01249524889964413 -0.0049417592227684144 -0.010821456174520301 -0.00029659379311216893 0.022563170655138777 0.01315531832856851 -0.012083740137005803 -0.017414905953252194
leaf_weight=183.1218995252857 77903.384475734667 894.81173281581141 6357.6889284297358 2104.7794046639465 485.20949644059874 1862.7367065835278 1311.3438063077629 1134.1871350016445 640.74386980268173 27615.4417309938 449.02357186167501 539.3993432156276 189.3299030084163 1286.1661242861301
leaf_count=38219 1315681 15486 82571 27374 9108 49321 13588 12460 21369 486676 7291 8738 2335 19763
internal_value=-8.24642e-06 1.41497e-05 0.000391662 0.00354548 -0.000881362 -0.00572413 -0.000484517 -0.0048981 0.00273923 0.000202884 0.00863549 0.00253184 0.00939428 -0.0115699
internal_weight=122957 122774 86365.9 8462.47 36408.4 2757.55 33650.8 4534.73 2114.38 29116.1 1473.63 1024.61 1500.67 2420.35
internal_count=2109980 2071761 1425626 109945 646135 64807 581328 78729 46506 502599 25137 17846 15923 32223
is_linear=0
shrinkage=0.03


Tree=269
num_leaves=15
num_cat=0
split_feature=8 12 12 7 12 5 3 1 5 3 12 12 12 5
split_gain=46.4274 133.483 321.937 82.7353 57.3472 127.78 73.9121 136.197 69.4571 54.1876 378.284 1132.74 447.846 295.747
threshold=7.5000000000000009 6.5000000000000009 3.5000000000000004 182.94385528564456 1.0000000180025095e-35 153.99286651611331 -0.51569074392318714 11.860343456268312 597.72180175781261 0.09513940662145616 9.5000000000000018 7.5000000000000009 6.5000000000000009 94.336456298828139
decision_type=2 2 2 2 2 2 2 2 2 2 2 2 2 2
left_child=4 2 -2 -3 5 -1 8 -8 -7 -6 11 12 -11 -14
right_child=1 3 -4 -5 9 6 7 -9 -10 10 -12 -13 13 -15
leaf_value=-0.017995730484060002 0.022022312718933745 0.033521304943179585 -0.029896877678174137 0.0059499457434783725 -0.00042724214380220396 0.010588374578152277 0.00465905064623381 -0.018009345840372146 -0.027267994757254638 -0.0014344196458471461 0.0039550908100615661 -0.022600705860145148 0.039058301445211531 0.0080818116549087674
leaf_weight=512.81703689717688 210.88346692314371 196.32277074083686 219.22831948753446 195.49017525836825 79340.086742879706 548.07416356611066 513.0180511653889 445.8601160593098 47.391285796184093 16401.493475569412 19366.989282557741 2128.4874788718298 311.88633755780756 2508.3483298178762
leaf_count=49615 3064 2198 1738 1873 1418387 33128 26142 33655 5165 144190 351820 20678 2636 15691
internal_value=-8.13697e-06 0.00709804 -0.00444094 0.0197649 -5.59631e-05 -0.00501027 -0.000726045 -0.00588132 0.0075755 2.93408e-05 0.000919022 -0.00183503 0.000464429 0.0115075
internal_weight=122946 821.925 430.112 391.813 122124 2067.16 1554.34 958.878 595.465 120057 40717.2 21350.2 19221.7 2820.23
internal_count=2109980 8873 4802 4071 2101107 147705 98090 59797 38293 1953402 535015 183195 162517 18327
is_linear=0
shrinkage=0.03


Tree=270
num_leaves=15
num_cat=0
split_feature=0 0 12 12 0 6 12 12 1 0 9 12 5 12
split_gain=47.8067 61.5229 298.225 240.893 193.979 164.176 144.289 597.732 1178.34 1132.46 482.01 535.717 422.318 330.744
threshold=1219.4902343750002 808.33984375000011 1.5000000000000002 1.0000000180025095e-35 842.55273437500011 2.5000000000000004 5.5000000000000009 6.5000000000000009 14.683983802795412 920.28710937500011 0.72178953886032116 3.5000000000000004 330.62290954589849 3.5000000000000004
decision_type=2 2 2 2 2 2 2 2 2 2 2 2 2 2
left_child=1 -1 3 4 -3 -5 10 8 9 -8 11 -4 -13 -12
right_child=-2 2 6 5 -6 -7 7 -9 -10 -11 13 12 -14 -15
leaf_value=-0.00035294040607649886 -0.0063641460819298884 0.021677320348393973 0.001139501267827923 -0.025365827349507191 -0.012173633613139659 0.021222172408707902 -0.014714220384879918 0.0007542852632220384 0.031871666649470373 0.036113556080667679 -0.0035451896862893923 0.00056787349506704128 -0.023078039817803337 0.017757035518996357
leaf_weight=90156.019829862053 1055.8912748771254 271.72393887629732 5443.1419843072072 835.44468335993588 346.80944817140698 74.117321494035423 1516.2989937141538 15139.997142027132 1780.7035457808524 533.25726052746177 1040.363538146019 1052.888825494796 1918.3188997367397 1775.3908407129347
leaf_count=1779730 24770 11240 47090 26623 32875 886 7961 127909 8271 2841 7695 7787 14825 9477
internal_value=-8.15677e-06 4.69055e-05 0.00118306 -0.011747 0.00269721 -0.0215695 0.0018373 0.00343277 0.0140201 -0.00148976 -0.000857808 -0.00445319 -0.0146988 0.0098863
internal_weight=122940 121884 31728.5 1528.1 618.533 909.562 30200.4 18970.3 3830.26 2049.56 11230.1 8414.35 2971.21 2815.75
internal_count=2109980 2085210 305480 71624 44115 27509 233856 146982 19073 10802 86874 69702 22612 17172
is_linear=0
shrinkage=0.03


Tree=271
num_leaves=15
num_cat=0
split_feature=4 9 9 1 8 5 8 11 3 1 8 6 6 9
split_gain=45.1658 45.3195 51.4024 71.6487 78.1635 78.3916 71.347 108.753 94.147 100.85 72.9751 71.863 65.6816 83.5677
threshold=1450.0000000000002 0.92389631271362316 0.86072671413421642 6.2644619941711435 4.5000000000000009 311.13954162597662 6.5000000000000009 1.0000000180025095e-35 0.10726509615778924 25.141728401184086 7.5000000000000009 39.500000000000007 1.5000000000000002 0.73742356896400463
decision_type=2 2 2 2 2 2 2 2 2 2 2 2 2 2
left_child=1 2 6 -4 -5 -6 -1 8 9 10 12 -9 -8 -14
right_child=-2 -3 3 4 5 -7 7 11 -10 -11 -12 -13 13 -15
leaf_value=0.00014020048746109446 -0.016885719559446372 -0.010379374532100388 -0.0062589612107511305 0.0072110282180211666 0.0025855649819369756 -0.0043443191883765974 -0.012154729269845028 0.00038278849661879276 0.000789014891643362 0.0093221541328370114 0.011688920867365482 0.020040485953287859 -0.010455150875708355 -0.0015477499103642776
leaf_weight=94623.790589316864 142.53846227319445 376.61600709613413 909.28408449492417 2481.1907820359338 7430.299804676557 1831.1953272060491 1951.2116521336138 6156.8524709411431 2422.8426981428638 357.28062922228128 180.72592318616807 172.04897900205106 1670.872883209493 2190.8948176172562
leaf_count=1617716 18360 8256 15758 33695 110884 20953 28268 76061 48593 11217 2493 3123 57392 57211
internal_value=-8.21623e-06 1.13813e-05 4.33585e-05 0.00185402 0.00248224 0.00121538 -0.000165419 -0.00208023 -0.00424237 -0.0061618 -0.00708479 0.000917176 -0.00766847 -0.00540172
internal_weight=122898 122755 122378 12652 11742.7 9261.5 109727 15102.7 8773.83 6350.99 5993.71 6328.9 5812.98 3861.77
internal_count=2109980 2091620 2083364 181290 165532 131837 1902074 284358 205174 156581 145364 79184 142871 114603
is_linear=0
shrinkage=0.03


Tree=272
num_leaves=15
num_cat=0
split_feature=5 12 3 12 12 11 12 11 6 12 5 8 11 10
split_gain=44.2136 346.493 46.3103 347.808 1109.46 486.626 370.511 355.456 487.432 242.108 325.82 219.549 314.423 191.529
threshold=1167.5230712890627 6.5000000000000009 0.09513940662145616 9.5000000000000018 7.5000000000000009 1.5000000000000002 6.5000000000000009 2.5000000000000004 7.5000000000000009 5.5000000000000009 216.68881988525393 4.5000000000000009 1.5000000000000002 -0.0083960001356899721
decision_type=2 2 2 2 2 2 2 2 2 2 2 2 2 2
left_child=2 -2 -1 4 6 -5 9 8 -8 -4 -11 12 -12 -6
right_child=1 -3 3 5 13 -7 7 -9 -10 10 11 -13 -14 -15
leaf_value=-0.00037783408062582141 -0.029194620962861705 0.010051027831376645 0.00048186054569469616 0.0031566779056669543 0.00033069877912695651 0.039739973413817652 0.00085552744436681962 0.040302777097333216 0.036963281541139051 -0.024382458425010883 0.014647947533703411 -0.021579545141991993 -0.010515663213074344 -0.026258611341309076
leaf_weight=80936.284753705142 356.89488692802843 467.9169251061976 13822.405413987348 19008.156233316287 282.31331234052777 332.97716640681028 2070.6673035230488 320.48276449739933 401.76202074252069 868.63695724122226 886.75281247869134 445.16078528761864 900.96154405921698 1787.9970624009147
leaf_count=1517200 4583 3457 173457 349722 2871 1526 13068 1601 3425 7889 5600 3649 4300 17632
internal_value=-8.06318e-06 -0.00693051 3.8713e-05 0.000858436 -0.0017409 0.0037865 0.000452801 0.0105762 0.00672292 -0.00121783 -0.0087928 -0.00272808 0.00196614 -0.0226328
internal_weight=122889 824.812 122065 41128.3 21787.1 19341.1 19716.8 2792.91 2472.43 16923.9 3101.51 2232.88 1787.71 2070.31
internal_count=2109980 8040 2101940 584740 233492 351248 212989 18094 16493 194895 21438 13549 9900 20503
is_linear=0
shrinkage=0.03


Tree=273
num_leaves=15
num_cat=0
split_feature=0 8 7 2 7 8 0 10 12 12 12 12 12 12
split_gain=47.2986 89.5155 75.6239 55.4073 55.2453 54.1489 49.7788 265.848 244.527 219.141 349.689 518.35 625.438 630.301
threshold=125.46484375000001 2.5000000000000004 225.2228698730469 0.31008784472942358 78.815837860107436 6.5000000000000009 509.43359375000006 -0.13221374154090879 4.5000000000000009 1.0000000180025095e-35 1.5000000000000002 6.5000000000000009 5.5000000000000009 4.5000000000000009
decision_type=2 2 2 2 2 2 2 2 2 2 2 2 2 2
left_child=1 -1 3 4 -3 -6 7 8 -2 -9 -11 12 13 -12
right_child=6 2 -4 -5 5 -7 -8 9 -10 10 11 -13 -14 -15
leaf_value=-0.022934681405022143 0.00066744802538669639 -0.024418599557999045 0.024562424663658669 0.0044951630702187674 -0.019192827095602105 0.01168299818587866 -0.0003299583646611821 -0.026456913332425031 0.03130169027386244 0.011274635456930233 -0.010682582478443831 0.0017582893817137948 -0.027020749370274013 0.014099498688735421
leaf_weight=229.49499992385972 446.64206195320003 183.99450770532712 88.009176596999168 312.11532147345133 90.974413126939908 116.69236486125737 88032.896393312258 267.72066873894073 493.74371241009794 2634.7746316641569 2963.0830386215821 24407.699586223578 1255.6354631232098 1342.0020983293653
leaf_count=51314 7163 9560 2288 10954 3356 4818 1172430 35201 12986 15858 36459 723905 12528 11160
internal_value=-8.05381e-06 -0.0064373 -0.00165562 -0.00493426 -0.0124486 -0.00184305 4.58353e-05 0.00102427 0.0167518 0.000574332 0.000796299 -0.000124939 -0.008391 -0.00295739
internal_weight=122865 1021.28 791.786 703.777 391.661 207.667 121844 33811.3 940.386 32870.9 32603.2 29968.4 5560.72 4305.09
internal_count=2109980 82290 30976 28688 17734 8174 2027690 855260 20149 835111 799910 784052 60147 47619
is_linear=0
shrinkage=0.03


Tree=274
num_leaves=15
num_cat=0
split_feature=0 12 12 0 12 11 12 12 1 12 12 0 11 2
split_gain=46.9075 339.639 226.202 318.487 148.082 751.297 1173.44 304.611 449.033 971.464 621.448 1236.69 715.684 463.207
threshold=752.83007812500011 1.5000000000000002 1.0000000180025095e-35 769.98632812500011 7.5000000000000009 1.5000000000000002 8.5000000000000018 5.5000000000000009 15.280001640319826 6.5000000000000009 6.5000000000000009 920.28710937500011 1.5000000000000002 -0.43673478066921229
decision_type=2 2 2 2 2 2 2 2 2 2 2 2 2 2
left_child=-1 2 -2 -4 7 6 -6 -3 10 -10 11 -9 -12 -14
right_child=1 4 3 -5 5 -7 -8 8 9 -11 12 -13 13 -15
leaf_value=-0.00045833797265563693 0.00041333557339305534 0.0004134994991111334 0.020446460648384721 -0.023781786114122239 -0.034005796394476068 0.027558466828613112 -7.4448862823322639e-05 -0.017164314324390684 0.026741410639647183 -0.0086565321510516866 -0.0023047853361689683 0.031005764549292297 0.046958234665199175 0.0080641535720462482
leaf_weight=77271.233555470593 1013.4620654346654 15562.246784708463 167.15515894349664 1187.7316443079617 968.78071338683367 815.23182211071253 17254.848545129411 2323.7010120674968 2320.6432135030627 997.78607143834233 1240.5390323093161 604.45200518518686 658.47503662109375 473.92814953252673
leaf_count=1655320 62396 123685 2643 33649 8174 3663 175088 12542 11190 5239 7716 3638 2864 2173
internal_value=-8.08387e-06 0.000755076 -0.0103067 -0.0183253 0.00136122 -0.000617801 -0.00187826 0.00291935 0.00744358 0.0160979 0.00202604 -0.00722067 0.0134363 0.0306805
internal_weight=122860 45589 2368.35 1354.89 43220.6 19038.9 18223.6 24181.8 8619.52 3318.43 5301.1 2928.15 2372.94 1132.4
internal_count=2109980 454660 98688 36292 355972 186925 183262 169047 45362 16429 28933 16180 12753 5037
is_linear=0
shrinkage=0.03


Tree=275
num_leaves=15
num_cat=0
split_feature=7 3 12 12 11 3 12 12 12 12 12 8 12 6
split_gain=43.7323 63.1514 181.106 294.337 124.714 59.3778 202.626 109.098 90.1475 331.766 147.477 59.8265 64.8915 56.5295
threshold=48.493501663208015 0.92904508113861095 13.500000000000002 14.500000000000002 1.5000000000000002 0.23130956292152408 6.5000000000000009 5.5000000000000009 7.5000000000000009 9.5000000000000018 10.500000000000002 2.5000000000000004 7.5000000000000009 7.5000000000000009
decision_type=2 2 2 2 2 2 2 2 2 2 2 2 2 2
left_child=5 -2 4 -4 -3 11 7 -7 -8 -10 -11 12 -1 -12
right_child=1 2 3 -5 -6 6 8 -9 9 10 13 -13 -14 -15
leaf_value=0.0095465122604932902 0.00047002886076601803 -0.013475718248242905 0.041574429644632295 0.00014437262984201007 0.00019583348759654652 -0.0025511969472017371 0.015832244131520592 -0.017964662049562385 -0.025405938164989966 0.029647067696763695 0.00093726072047644682 -0.0011308659675092082 -0.0063699927081014626 0.0081458278470432563
leaf_weight=246.69385437527671 90480.559860796086 1607.9868303248659 169.73805746436119 1700.4026700051036 958.44895382877439 2280.178017184604 582.27458214759827 504.78647492080927 335.59782139770687 217.57554968819022 2114.5762357795611 16250.475060763303 3519.3147667903686 1823.3032865063287
leaf_count=7030 1340760 18243 890 31735 10562 31982 3863 4204 3893 1710 26602 278702 277228 72576
internal_value=-8.13302e-06 0.000298678 -0.00319589 0.00390466 -0.00837001 -0.00105286 0.00115696 -0.00534495 0.00472614 0.00328621 0.00560341 -0.00192042 -0.00532738 0.00427495
internal_weight=122792 94917.1 4436.58 1870.14 2566.44 27874.8 7858.29 2784.96 5073.33 4491.05 4155.46 20016.5 3766.01 3937.88
internal_count=2109980 1402190 61430 32625 28805 707790 144830 36186 108644 104781 100888 562960 284258 99178
is_linear=0
shrinkage=0.03


Tree=276
num_leaves=15
num_cat=0
split_feature=9 9 9 12 12 3 11 5 12 5 12 3 12 3
split_gain=43.2758 43.307 47.5397 125.753 143.314 124.18 112.383 89.4171 78.9276 77.0118 76.3255 74.9404 79.2903 69.124
threshold=0.16052684932947162 0.92389631271362316 0.82908600568771373 3.5000000000000004 4.5000000000000009 -0.80210274457931507 1.5000000000000002 364.20672607421881 13.500000000000002 624.52273559570324 7.5000000000000009 -0.26019439101219172 2.5000000000000004 -0.23699139803647992
decision_type=2 2 2 2 2 2 2 2 2 2 2 2 2 2
left_child=-1 2 -2 11 5 -5 -7 -6 10 13 -9 -4 -13 -10
right_child=1 -3 3 4 7 6 -8 8 9 -11 -12 12 -14 -15
leaf_value=-0.014720985449496588 -0.00023577405351097249 -0.010184728556307867 -0.00028309373944106344 0.029736345005274209 0.0022322778479188779 -0.004790557166844199 0.016552124637535134 -0.0020941089295566338 -0.005788714904190701 0.016254155571498036 -0.016512205920646887 -0.007015071468902131 -0.027343600785247169 0.0069381774788821174
leaf_weight=179.65918244363274 99790.436089040828 373.61113843484782 826.73463856731541 275.56961848959327 16290.945033898344 412.42260295711458 481.0394320897758 706.54442734643817 1171.9517527408898 247.85206654854119 620.77001089975238 581.04973155260086 245.70499835535884 571.32511909678578
leaf_count=38219 1740634 8256 16965 1857 247527 3917 2733 4457 13237 2463 5574 15471 2975 5695
internal_value=-7.99042e-06 1.35708e-05 4.47452e-05 0.00129266 0.0019263 0.0121305 0.00670033 0.00131797 -0.00317058 0.000606935 -0.00883729 -0.0066699 -0.0130566 -0.00161772
internal_weight=122776 122596 122222 22431.9 20778.4 1169.03 893.462 19609.4 3318.44 1991.13 1327.31 1653.49 826.755 1743.28
internal_count=2109980 2071761 2063505 322871 287460 8507 6650 278953 31426 21395 10031 35411 18446 18932
is_linear=0
shrinkage=0.03


Tree=277
num_leaves=15
num_cat=0
split_feature=0 11 5 10 0 11 5 1 0 8 5 10 11 5
split_gain=46.8688 97.6866 99.5921 75.0157 61.5295 148.92 157.187 124.169 305.876 134.303 132.047 129.227 146.228 147.907
threshold=1196.7246093750002 1.5000000000000002 357.98506164550787 0.039955582469701774 762.95898437500011 3.5000000000000004 448.24780273437506 7.6590754985809335 582.01757812500011 2.5000000000000004 479.56861877441412 0.10116915032267572 2.5000000000000004 426.90882873535162
decision_type=2 2 2 2 2 2 2 2 2 2 2 2 2 2
left_child=4 2 3 -2 5 7 -7 8 9 -1 -9 12 13 -11
right_child=1 -3 -4 -5 -6 6 -8 10 -10 11 -12 -13 -14 -15
leaf_value=-0.0061381059930956357 -0.01376980420779632 0.0070250686450060076 -0.016373587868660087 0.012225487474713921 0.00099431387504576732 0.020399412196723959 -0.0092694949280066798 0.00025519594587690669 -0.0088892905609039008 0.0090512481863075991 -0.0061007343127169964 -0.0010297258749584566 -0.0089737035329862588 0.038924327980824264
leaf_weight=1957.5607986001996 164.96007416059729 432.13065082533285 732.42486125195865 253.35557427885942 41590.82214375725 592.12656034808606 220.58630543760955 63081.32378188544 5175.9716241986025 1851.740325970808 3085.6950207934715 3094.9643307148945 373.77817815355957 162.23564482713118
leaf_count=131785 5525 4863 17737 5165 397080 7487 2527 1328683 91667 26897 33260 52211 3463 1630
internal_value=-7.82856e-06 -0.00513671 -0.00970375 0.00197441 5.91619e-05 -0.000429478 0.0123467 -0.000561274 -0.00328878 0.000607319 -4.12125e-05 0.00301572 0.00825935 0.0114577
internal_weight=122770 1582.87 1150.74 418.316 121187 79596 812.713 78783.3 12616.3 7440.28 66167 5482.72 2387.75 2013.98
internal_count=2109980 33290 28427 10690 2076690 1679610 10014 1669596 307653 215986 1361943 84201 31990 28527
is_linear=0
shrinkage=0.03


Tree=278
num_leaves=15
num_cat=0
split_feature=0 1 5 5 0 12 12 12 11 12 12 12 12 12
split_gain=44.6143 90.9092 68.0768 60.6786 45.7741 252.969 354.596 494.35 999.068 723.945 583.912 859.504 899.089 873.502
threshold=114.50195312500001 20.163907051086429 287.89239501953131 111.87161254882814 509.43359375000006 1.0000000180025095e-35 1.5000000000000002 6.5000000000000009 1.5000000000000002 4.5000000000000009 14.500000000000002 11.500000000000002 9.5000000000000018 12.500000000000002
decision_type=2 2 2 2 2 2 2 2 2 2 2 2 2 2
left_child=1 2 -1 -3 5 -2 -7 8 -8 -10 11 12 -9 -13
right_child=4 3 -4 -5 -6 6 7 10 9 -11 -12 13 -14 -15
leaf_value=-0.02261394052860979 -0.026780937015276826 -0.010407906342374117 0.03924059931071118 0.010620466379592637 -0.00032233559939663512 0.011145039976717196 -0.018045332083903003 0.013754504145729462 -0.0049214065794215721 0.029805184760235207 -2.5278679203927392e-05 0.072794578397059717 -0.022872348375150005 0.0065175894718519974
leaf_weight=305.98998938663863 293.008958093822 226.46129970264155 16.898324896814302 271.63592925702687 87923.564598971279 2952.9854605682194 3408.766494047828 2903.6375130601227 1531.8940913695842 834.66578273847699 20608.606150411535 385.30092370510101 761.33224785514176 334.20795331895351
leaf_count=48470 39161 15940 830 8780 1172430 17878 44820 24858 13287 4583 704778 3458 8016 2691
internal_value=-7.73659e-06 -0.00697774 -0.0193768 0.00105986 3.91912e-05 0.000973699 0.00121486 0.000261817 -0.00764875 0.00732637 0.00208977 0.0120312 0.00614593 0.0420093
internal_weight=122759 820.986 322.888 498.097 121938 34014.4 33721.4 30768.4 5775.33 2366.56 24993.1 4384.48 3664.97 719.509
internal_count=2109980 74020 49300 24720 2035960 863530 824369 806491 62690 17870 743801 39023 32874 6149
is_linear=0
shrinkage=0.03


Tree=279
num_leaves=15
num_cat=0
split_feature=0 11 12 8 0 12 12 8 3 5 11 5 12 0
split_gain=44.269 114.019 106.678 119.821 55.7803 391.983 296.714 211.98 260.76 143.203 139.525 145.938 151.674 185.524
threshold=1219.4902343750002 1.5000000000000002 9.5000000000000018 5.5000000000000009 762.95898437500011 1.5000000000000002 1.0000000180025095e-35 6.5000000000000009 -0.48299905657768244 320.70698547363287 3.5000000000000004 448.24780273437506 2.5000000000000004 705.26171875000011
decision_type=2 2 2 2 2 2 2 2 2 2 2 2 2 2
left_child=4 2 -2 -4 10 6 7 -6 -9 -8 -1 12 13 -12
right_child=1 -3 3 -5 5 -7 9 8 -10 -11 11 -13 -14 -15
leaf_value=-0.00055072731926157279 -0.024823084328075326 0.0086463164980691495 0.0095188686148296193 -0.027184554371695393 -0.0036172265339244366 0.0016006784310553795 -0.010195505006349345 0.086342463266040545 -0.013336104035097947 -0.030734062237282998 -0.0057793946002679319 -0.0090281490451094501 0.041340155628188539 0.036840193058948652
leaf_weight=78735.778826673864 345.53210845903959 323.47729734727181 260.99291709437966 115.46430868189782 839.67600926477462 39971.867742199916 570.09733407828026 54.79313875362277 41.516867500497028 658.36781173478812 263.28497013775632 219.47017889283597 194.47605257481337 141.23304213583469
leaf_count=1669596 8891 3680 6817 5382 53625 312842 11627 2409 2316 22781 4313 2527 1231 1943
internal_value=-7.99823e-06 -0.00615493 -0.0127864 -0.00173855 4.48112e-05 0.000927356 -0.0115072 0.00121797 0.0433735 -0.0212027 -0.000422633 0.0119 0.019568 0.00910077
internal_weight=122736 1045.47 721.989 376.457 121691 42136.3 2164.45 935.986 96.31 1228.47 79554.2 818.464 598.994 404.518
internal_count=2109980 24770 21090 12199 2085210 405600 92758 58350 4725 34408 1679610 10014 7487 6256
is_linear=0
shrinkage=0.03


Tree=280
num_leaves=15
num_cat=0
split_feature=5 12 0 12 12 6 12 12 12 11 12 12 12 11
split_gain=43.1869 333.368 51.1204 381.542 276.028 156.813 334.781 182.212 143.922 762.577 979.94 344.414 318.268 1231.49
threshold=1167.5230712890627 6.5000000000000009 762.95898437500011 1.5000000000000002 1.0000000180025095e-35 2.5000000000000004 3.5000000000000004 5.5000000000000009 7.5000000000000009 1.5000000000000002 8.5000000000000018 5.5000000000000009 4.5000000000000009 1.5000000000000002
decision_type=2 2 2 2 2 2 2 2 2 2 2 2 2 2
left_child=2 -2 -1 4 -4 8 -7 -8 11 10 -10 12 -5 -14
right_child=1 -3 3 5 -6 6 7 -9 9 -11 -12 -13 13 -15
leaf_value=-0.0004101616994062324 -0.02897588472051664 0.0096341275030323199 0.00072159575332810227 0.0020197253726463001 -0.020965764668749845 -0.0087284989820158553 0.027069106632856995 0.0082074367391563909 -0.033814593757303668 0.028321375610131292 -0.00070647529428780932 0.0076390738506893719 0.019889685829746984 -0.024011048082438199
leaf_weight=79526.136774818064 351.35528505640104 471.14985183253884 941.2172175477026 10596.242902216502 1203.6076180981472 751.66613257583231 702.12666042055935 1341.9975040876307 851.00285532232374 756.91995845362544 14751.559666901827 7855.9715630132705 854.15188809018582 1760.1719167120755
leaf_count=1679610 4583 3457 58490 87696 34081 5970 3955 14997 7407 3341 146950 41133 6292 12018
internal_value=-7.97053e-06 -0.00685918 3.82599e-05 0.000879989 -0.0114487 0.00153741 0.00839097 0.0146861 0.00102544 -0.00108566 -0.00251228 0.00266485 -0.000293194 -0.0096678
internal_weight=122715 822.505 121893 42366.6 2144.82 40221.8 2795.79 2044.12 37426 16359.5 15602.6 21066.5 13210.6 2614.32
internal_count=2109980 8040 2101940 422330 92571 329759 24922 18952 304837 157698 154357 147139 106006 18310
is_linear=0
shrinkage=0.03


Tree=281
num_leaves=15
num_cat=0
split_feature=0 4 11 5 2 0 2 11 1 3 5 1 11 10
split_gain=43.4437 137.983 130.302 62.4707 57.7328 54.0902 115.443 217.102 171.816 170.691 111.306 107.836 164.019 146.669
threshold=1196.7246093750002 22.500000000000004 1.5000000000000002 357.98506164550787 -0.67815718054771412 808.33984375000011 -0.90990871191024769 1.5000000000000002 12.246767044067385 -0.037400968372821801 872.82467651367199 21.022256851196293 1.0000000180025095e-35 -0.051527155563235276
decision_type=2 2 2 2 2 2 2 2 2 2 2 2 2 2
left_child=5 2 3 4 -2 -1 7 10 -9 -10 11 13 -13 -7
right_child=1 -3 -4 -5 -6 6 -8 8 9 -11 -12 12 -14 -15
leaf_value=-0.0003167814457906915 0.011698201939096523 0.027380079141152393 0.0065992626557521538 -0.018344689293007924 -0.013215688328953271 0.02734735242396907 0.00027888079152819923 -0.0082874982696221275 -0.0056052259017896336 0.017173702493686112 -0.0066915891057144905 0.0071713405991182247 0.03202220306742519 0.0040129726720576102
leaf_weight=89967.174545447808 144.98300776339602 110.32817894953769 423.61615749751218 691.68352958629839 198.07774191582575 292.64089488575701 25536.973554035532 1425.7662296614144 530.16383882774971 670.49242492730264 301.22786078648642 443.09315708652139 519.02492655278184 1412.9807574721053
leaf_count=1779730 3099 2810 4664 17082 5635 2681 248530 12630 5493 8264 2290 2627 3909 10536
internal_value=-8.06813e-06 -0.00496852 -0.00741577 -0.0131534 -0.00268668 5.61882e-05 0.00113401 0.00503674 -0.00124614 0.0071154 0.0105947 0.0125466 0.0205774 0.00801655
internal_weight=122668 1568.69 1458.36 1034.74 343.061 121100 31132.4 5595.39 2626.42 1200.66 2968.97 2667.74 962.118 1705.62
internal_count=2109980 33290 30480 25816 8734 2076690 296960 48430 26387 13757 22043 19753 6536 13217
is_linear=0
shrinkage=0.03


Tree=282
num_leaves=15
num_cat=0
split_feature=0 7 12 11 0 12 0 12 12 11 12 12 0 0
split_gain=42.2361 42.8221 108.351 96.0665 103.681 332.742 244.358 247.043 557.746 607.186 398.001 281.702 257.243 255.392
threshold=61.859375000000007 148.70955657958987 1.0000000180025095e-35 3.5000000000000004 690.82226562500011 3.5000000000000004 550.36523437500011 1.5000000000000002 6.5000000000000009 1.5000000000000002 5.5000000000000009 7.5000000000000009 406.94726562500006 367.66406250000006
decision_type=2 2 2 2 2 2 2 2 2 2 2 2 2 2
left_child=-1 2 -2 4 6 -6 7 13 9 -9 12 -10 -11 -4
right_child=1 -3 3 -5 5 -7 -8 8 11 10 -12 -13 -14 -15
leaf_value=-0.015378400486702136 -0.009885172118926689 0.00084804027696178716 0.024063882322198787 0.012394472845507494 -0.0048915040377912515 0.0023227851634186319 -0.0045687223968284797 -0.01698519243080935 0.013641441360333089 -0.015842239764169274 -0.031260099950798988 0.00047894776158142864 0.014752568339850614 0.0029932951838250021
leaf_weight=160.68763387599029 1062.2222721673315 38038.16854093899 737.79713360220194 537.88439697958529 7186.8351541114971 28858.904196587857 14033.797042139806 3413.0840248977765 1561.0269255787134 301.12518833950162 250.20289322547615 23393.540651059477 1384.6963590476662 1735.6545719970018
leaf_count=41040 99107 411720 4084 3842 81566 278635 316282 46669 12318 2791 1696 786986 11127 12117
internal_value=-7.92457e-06 1.22383e-05 -0.000364195 -0.000242924 -0.000324963 0.000884393 -0.0012562 0.000162083 -0.000582008 -0.00937276 0.00404745 0.00130232 0.00928766 0.00927837
internal_weight=122656 122495 84456.8 83394.5 82856.7 36045.7 46810.9 32777.1 30303.7 5349.11 1936.02 24954.6 1685.82 2473.45
internal_count=2109980 2068940 1657220 1558113 1554271 360201 1194070 877788 861587 62283 15614 799304 13918 16201
is_linear=0
shrinkage=0.03


Tree=283
num_leaves=15
num_cat=0
split_feature=4 0 4 8 0 2 10 5 8 8 0 0 10 0
split_gain=42.4567 42.0727 177.528 69.4064 50.9106 105.195 100.787 89.4626 121.145 121.108 103.77 89.3685 80.9883 95.9892
threshold=1450.0000000000002 1173.1386718750002 8.5000000000000018 5.5000000000000009 808.33984375000011 -0.90990871191024769 0.38462446630001074 506.19331359863287 4.5000000000000009 6.5000000000000009 616.81054687500011 720.72656250000011 -1.0000000180025095e-35 851.22851562500011
decision_type=2 2 2 2 2 2 2 2 2 2 2 2 2 2
left_child=1 4 3 -3 7 -6 12 -1 10 -10 -9 -12 13 -7
right_child=-2 2 -4 -5 5 6 -8 8 9 -11 11 -13 -14 -15
leaf_value=-3.4060646677493831e-05 -0.016563118158767848 -0.005098330181664377 0.023301720914074932 -0.025112070085574634 0.0048937126203853617 0.003342705487201723 0.013105509956906403 0.014363790799384447 -0.018225272078818997 -0.0031752367496248176 -0.012942976995657461 4.3012839903321927e-07 0.00099513530950047393 -0.0053835339071361399
leaf_weight=84323.370313542313 139.26088237867225 1794.7172744527925 193.18046799732838 170.79062175331637 5515.2172760128742 1546.0841577409301 542.61333276610821 369.57826626999304 882.00129354698583 1059.0053277313709 591.87787135038525 2542.1351105819922 18693.873670111643 4261.8818872047123
leaf_count=1705990 18360 30234 4750 6276 47350 17036 3923 3566 10250 12964 5214 23396 160794 59877
internal_value=-7.96243e-06 1.086e-05 -0.00414026 -0.0068374 8.53314e-05 0.00114295 0.000316967 -0.000274713 -0.00400183 -0.010014 -0.000671032 -0.00244401 3.37547e-05 -0.0030606
internal_weight=122626 122486 2158.69 1965.51 120328 30559.7 25044.5 89768 5444.6 1941.01 3503.59 3134.01 24501.8 5807.97
internal_count=2109980 2091620 41260 36510 2050360 288980 241630 1761380 55390 23214 32176 28610 237707 76913
is_linear=0
shrinkage=0.03


Tree=284
num_leaves=15
num_cat=0
split_feature=0 6 2 0 10 6 6 0 10 2 0 7 0 7
split_gain=41.9179 130.141 146.429 50.7192 237.705 179.314 126.05 522.624 192.211 174.896 143.057 149.369 182.036 124.398
threshold=144.01171875000003 4.5000000000000009 0.87824285030365001 509.43359375000006 -0.13221374154090879 66.500000000000014 3.5000000000000004 682.65820312500011 0.02440217882394791 -0.20168393105268476 759.53320312500011 238.09085845947268 682.65820312500011 142.40513610839847
decision_type=2 2 2 2 2 2 2 2 2 2 2 2 2 2
left_child=1 -1 -3 4 -2 6 10 8 -8 13 11 -5 -13 -9
right_child=3 2 -4 5 -6 -7 7 9 -10 -11 -12 12 -14 -15
leaf_value=0.0068370832896229479 0.015848243817804808 -0.014944551237993426 0.03414348220437563 -0.0035423138141144955 0.00061552503810156055 -0.016489663139710498 -0.010175207493573169 0.011130205102465476 -0.00010387093453347238 0.0044781602447748134 0.00027524449424664151 0.0084142031570404608 -0.0040777838927409079 0.02695998884338011
leaf_weight=526.19855022861157 949.004044190282 867.10947813722305 58.373191951890476 22079.215101837413 32388.023085459834 613.32924727280624 2035.6366493292153 2354.5353201930411 10515.389593358617 4028.923500175355 41426.896388216293 2262.2277869619429 1959.0415101805702 551.43080925219692
leaf_count=24370 19967 70810 4150 257670 818253 60790 68577 31950 233963 60610 410680 24500 18400 5290
internal_value=-7.81715e-06 -0.00507538 -0.0118484 5.28981e-05 0.00104915 -0.000325258 -0.000211582 0.00191471 -0.00173733 0.00852432 -0.00082334 -0.00255376 0.00261682 0.014134
internal_weight=122615 1451.68 925.483 121164 33337 87826.6 87213.3 19485.9 12551 6934.89 67727.4 26300.5 4221.27 2905.97
internal_count=2109980 99330 74960 2010650 838220 1172430 1111640 400390 302540 97850 711250 300570 42900 37240
is_linear=0
shrinkage=0.03


Tree=285
num_leaves=15
num_cat=0
split_feature=5 12 1 12 12 12 12 11 5 12 12 12 12 11
split_gain=41.5305 318.583 49.6812 314.802 239.609 439.768 419.923 610.099 349.841 297.889 282.695 292.151 437.015 200.297
threshold=1167.5230712890627 6.5000000000000009 24.578886985778812 2.5000000000000004 6.5000000000000009 8.5000000000000018 5.5000000000000009 1.5000000000000002 597.72180175781261 3.5000000000000004 9.5000000000000018 11.500000000000002 13.500000000000002 2.5000000000000004
decision_type=2 2 2 2 2 2 2 2 2 2 2 2 2 2
left_child=2 -2 -1 13 6 -6 7 -5 -8 -9 -7 -12 -13 -4
right_child=1 -3 3 4 5 10 8 9 -10 -11 11 12 -14 -15
leaf_value=-0.00015918504826737732 -0.028636210151693046 0.0092280994202573585 -0.015312604219742985 0.018393805194591537 -0.021532703767181582 0.037744238751682833 0.011765142306564181 0.0063289537829221811 0.045952932084713898 -0.026260885591774238 -0.029587132992127341 0.050495608131736071 0.0019681008933367873 0.014169325677090337
leaf_weight=110176.51175857952 345.77233044046443 474.33522209711373 1310.7936508192215 1101.2008169349283 720.56221539154649 206.65230976045132 677.31045944057405 414.96661353297532 447.27743202447891 644.43630539439619 251.53192418627441 172.32945948280394 5418.7316263190005 246.38222914887592
leaf_count=1956990 4583 3457 29041 8703 4575 1640 3605 3057 1886 4587 2149 1394 77979 6334
internal_value=-7.78335e-06 -0.00673619 3.75247e-05 0.00190391 0.00384775 0.000621682 0.0104957 0.00275761 0.0253625 -0.0134955 0.00326062 0.00204094 0.00346383 -0.0106479
internal_weight=122609 820.108 121789 11612.2 10055 6769.81 3285.19 2160.6 1124.59 1059.4 6049.25 5842.59 5591.06 1557.18
internal_count=2109980 8040 2101940 144950 109575 87737 21838 16347 5491 7644 83162 81522 79373 35375
is_linear=0
shrinkage=0.03


Tree=286
num_leaves=15
num_cat=0
split_feature=8 12 12 9 10 8 8 12 12 0 0 5 8 0
split_gain=40.9606 117.057 303.62 61.3032 97.1345 99.2366 198.751 139.093 196.474 151.829 92.8504 52.2852 46.0525 219.204
threshold=7.5000000000000009 6.5000000000000009 3.5000000000000004 0.36807131767272955 -0.092771433293819414 5.5000000000000009 4.5000000000000009 1.5000000000000002 2.5000000000000004 416.06054687500006 838.95312500000011 341.61886596679693 6.5000000000000009 489.65820312500006
decision_type=2 2 2 2 2 2 2 2 2 2 2 2 2 2
left_child=3 2 -2 4 5 6 7 9 10 -1 -9 -10 -5 -14
right_child=1 -3 -4 12 -6 -7 -8 8 11 -11 -12 -13 13 -15
leaf_value=0.040650472756558344 0.021007564153541936 0.018326866603859692 -0.029548747503477094 0.00035711880761130478 -0.0086244358701923329 -0.015128624670845203 0.03456843140515517 0.034906766855719328 -0.005632033482765959 -0.02228002512873338 0.0069344369148792648 0.008367338594029182 0.0033173688221727975 -0.003267176954331188
leaf_weight=38.259046135470271 213.90829081018455 399.31477789022028 213.73509322013706 96192.188281536801 1908.7997692788485 327.76977729517967 161.83652671310119 220.53828512132168 959.23891168739647 351.60439480887726 207.08282694406807 320.27448826143518 6645.4900790737011 14432.445316167315
leaf_count=681 3064 4071 1738 1525840 100637 9345 3048 1941 59053 20152 2371 4132 157400 216507
internal_value=-7.77318e-06 0.00664638 -0.00426035 -5.29642e-05 -0.003491 0.000297256 0.00253564 6.34976e-05 0.0037558 -0.0161044 0.0213607 -0.00212786 7.88285e-05 -0.00119119
internal_weight=122592 826.958 427.643 121766 4495.4 2586.6 2258.83 2097 1707.13 389.863 427.621 1279.51 117270 21077.9
internal_count=2109980 8873 4802 2101107 201360 100723 91378 88330 67497 20833 4312 63185 1899747 373907
is_linear=0
shrinkage=0.03


Tree=287
num_leaves=15
num_cat=0
split_feature=9 9 12 8 12 3 11 5 12 8 12 3 11 8
split_gain=40.4545 49.4869 116.807 160.794 131.549 113.533 103.035 80.5035 74.1717 76.3222 71.2813 69.4188 68.5703 63.0531
threshold=0.92389631271362316 0.82908600568771373 3.5000000000000004 4.5000000000000009 4.5000000000000009 -0.80210274457931507 1.5000000000000002 364.20672607421881 13.500000000000002 4.5000000000000009 7.5000000000000009 -0.42312805354595179 2.5000000000000004 6.5000000000000009
decision_type=2 2 2 2 2 2 2 2 2 2 2 2 2 2
left_child=1 13 3 11 5 -4 -7 -6 10 -10 -9 12 -3 -1
right_child=-2 2 4 -5 7 6 -8 8 9 -11 -12 -13 -14 -15
leaf_value=1.0860318340924716e-05 -0.0099188405968966952 0.025683682794198647 0.028418757126027479 -0.014018857399892224 0.0021858109406122043 -0.0046092834988662353 0.015842998943994231 -0.0019780131560541234 0.0092544972340098518 -0.0033419544550022922 -0.015991520577615097 -0.0053073651818763218 -0.0014147468216523379 -0.0023341863755653573
leaf_weight=88117.129682405503 369.52999081322923 201.56736421585083 277.89443964138627 990.18456871155649 16301.861218146747 409.56035096943378 483.27938650175929 703.67947088927031 637.91275095008314 1347.0903849378228 609.76107011735439 301.7053965346422 144.13676805701107 11687.950443461072
leaf_count=1550012 8256 3641 1857 23447 247527 3917 2733 4457 5199 16196 5574 6363 1960 228841
internal_value=-7.6834e-06 2.22843e-05 0.0012963 -0.00641761 0.00190447 0.0116732 0.0064612 0.00132098 -0.00295329 0.000706118 -0.00848374 0.00520816 0.0143854 -0.000263763
internal_weight=122583 122214 22408.6 1637.59 20771 1170.73 892.84 19600.3 3298.44 1985 1313.44 647.41 345.704 99805.1
internal_count=2109980 2101724 322871 35411 287460 8507 6650 278953 31426 21395 10031 11964 5601 1778853
is_linear=0
shrinkage=0.03


Tree=288
num_leaves=15
num_cat=0
split_feature=0 2 6 3 2 11 8 0 3 3 0 0 6 8
split_gain=41.0613 284.581 204.176 74.3335 65.1354 107.244 147.953 143.142 211.952 138.228 330.621 194.933 272.547 195.978
threshold=185.89257812500003 0.31008784472942358 2.5000000000000004 -0.6609092354774474 -0.05308971740305423 1.0000000180025095e-35 6.5000000000000009 535.44335937500011 1.0000000180025095e-35 0.14342700690031054 610.64257812500011 469.50781250000006 38.500000000000007 6.5000000000000009
decision_type=2 2 2 2 2 2 2 2 2 2 2 2 2 2
left_child=1 2 -1 -4 -2 9 -7 8 -8 11 -11 -6 13 -13
right_child=4 -3 3 -5 5 6 7 -9 -10 10 -12 12 -14 -15
leaf_value=0.010501119719586808 0.00074249979793879976 0.0078906310872493279 -0.011290656559099999 -0.025993034800956216 0.0017690189658372149 -6.1657832270303709e-05 0.0061320594484429369 0.0026668355225211932 0.037042723031591722 -0.0040127760048402012 0.0095617699672033932 -0.001539359041829533 -0.018782029627124289 -0.0090280247185738714
leaf_weight=304.67866978666279 62793.564182008151 1139.0935703255236 836.6096017297823 491.21192650240846 5603.2986439436208 25375.905381179764 548.89059563516639 1922.8657541801222 313.77683907863684 3720.5857368838042 2853.139019213384 11137.433809050359 1151.3412423997652 4382.8363557131961
leaf_count=11440 938720 49570 57590 31030 221894 282714 7973 27321 4315 85065 46284 181807 92195 72062
internal_value=-7.53547e-06 -0.00361753 -0.0116475 -0.0167296 7.59799e-05 -0.000658156 0.000658785 0.00722194 0.0173752 -0.00194373 0.00187887 -0.00307184 -0.00469885 -0.00365412
internal_weight=122575 2771.59 1632.5 1327.82 119804 57010.1 28161.4 2785.53 862.667 28848.6 6573.72 22274.9 16671.6 15520.3
internal_count=2109980 149630 100060 88620 1960350 1021630 322323 39609 12288 699307 131349 567958 346064 253869
is_linear=0
shrinkage=0.03


Tree=289
num_leaves=15
num_cat=0
split_feature=5 12 11 5 12 12 12 12 12 4 8 11 12 12
split_gain=39.6737 235.693 73.0828 41.0603 95.3073 221.259 172.94 137.309 142.661 39.2854 38.8433 211.029 112.907 52.2481
threshold=960.92428588867199 5.5000000000000009 1.5000000000000002 781.88827514648449 2.5000000000000004 5.5000000000000009 1.5000000000000002 7.5000000000000009 11.500000000000002 1450.0000000000002 7.5000000000000009 1.5000000000000002 10.500000000000002 1.0000000180025095e-35
decision_type=2 2 2 2 2 2 2 2 2 2 2 2 2 2
left_child=3 2 -2 9 6 -6 -5 -7 -9 10 13 12 -12 -1
right_child=1 -3 -4 4 5 7 -8 8 -10 -11 11 -13 -14 -15
leaf_value=-0.0048747832181654628 -0.03430432269906579 0.0022956787974389051 -0.0097503140347923005 -0.016050749121420228 -0.018182382821936793 0.018264740675269283 0.029517791806826045 -0.020173521103752211 0.0061918085725249936 -0.016169658203502007 0.037134748628067073 -0.010091386790932813 0.0063234387966845714 3.3522524734149864e-05
leaf_weight=1985.3757891898276 244.97071795642842 1188.9883500542492 196.69444192457013 101.58899261371698 414.7898157807067 566.33717060834169 285.91547331400216 243.88488582335413 761.2094765342772 135.46131030702963 202.85063431598246 367.52456639101729 226.6232644803822 115636.38900358346
leaf_count=142196 3977 8814 3439 6116 3238 2931 2550 2120 7865 18360 1784 3650 2909 1900031
internal_value=-7.52832e-06 -0.00465571 -0.0233693 5.51501e-05 0.00396187 0.00130669 0.0175714 0.00645096 -0.000205706 -2.30713e-05 -4.60096e-06 0.00659601 0.0208763 -4.93264e-05
internal_weight=122559 1630.65 441.665 120928 2373.73 1986.22 387.504 1571.43 1005.09 118554 118419 796.998 429.474 117622
internal_count=2109980 16230 7416 2093750 24820 16154 8666 12916 9985 2068930 2050570 8343 4693 2042227
is_linear=0
shrinkage=0.03


Tree=290
num_leaves=15
num_cat=0
split_feature=9 12 1 12 12 6 6 2 12 1 12 6 12 10
split_gain=40.1471 200.238 362.332 317.538 152.598 201.05 158.017 150.35 129.863 122.804 128.882 120.18 131.987 104.66
threshold=0.53168705105781566 2.5000000000000004 18.701701164245609 4.5000000000000009 1.5000000000000002 1.5000000000000002 2.5000000000000004 -0.094386298209428773 1.0000000180025095e-35 9.3325610160827654 3.5000000000000004 1.0000000180025095e-35 5.5000000000000009 0.0081889219582080858
decision_type=2 2 2 2 2 2 2 2 2 2 2 2 2 2
left_child=1 2 4 -3 6 7 -1 13 -8 -2 -11 12 -5 -6
right_child=9 3 -4 11 5 -7 8 -9 -10 10 -12 -13 -14 -15
leaf_value=-0.00709262115263913 -0.0015767675017552061 -0.013212039216798119 -0.012987963331270506 -0.011879650677302253 0.026223503266384996 -0.0040131778152634945 -0.020040934585733652 0.0059726905833305645 0.013034588754880777 -0.0019938176403691047 0.0013921115642134157 -0.0034534620475855224 0.0037751850168582595 0.0061434861260628556
leaf_weight=1112.8152784563135 24943.509510827716 2304.2946637785062 998.7558065969497 536.98303376603872 1054.3648922783323 605.65764823090285 120.92440107208677 903.35095102246851 916.93372196797282 12039.944910784019 63370.675775113283 8364.1152220941149 4978.654828124214 300.10691128484905
leaf_count=38866 388540 29944 32997 5125 6652 5878 11749 8755 7162 185557 943564 386321 56292 2578
internal_value=-7.41266e-06 -0.00116196 0.00351269 -0.00289874 0.00679941 0.011335 0.000760524 0.0154522 0.00918085 0.000247957 0.000851519 -0.00118655 0.00225109 0.0217744
internal_weight=122551 22197 6012.91 16184 5014.15 2863.48 2150.67 2257.82 1037.86 100354 75410.6 13879.8 5515.64 1354.47
internal_count=2109980 592319 114637 477682 81640 23863 57777 17985 18911 1517661 1129121 447738 61417 9230
is_linear=0
shrinkage=0.03


Tree=291
num_leaves=15
num_cat=0
split_feature=9 10 12 12 5 12 5 5 11 12 12 12 12 10
split_gain=38.4427 173.605 122.547 270.042 167.361 162.178 223.733 127.203 334.371 92.2443 79.6312 84.3725 78.449 60.6928
threshold=0.44402547180652624 -0.046171706169843667 2.5000000000000004 1.5000000000000002 336.19598388671881 6.5000000000000009 375.82019042968756 455.99592590332037 1.5000000000000002 8.5000000000000018 13.500000000000002 14.500000000000002 1.0000000180025095e-35 -0.19221760332584378
decision_type=2 2 2 2 2 2 2 2 2 2 2 2 2 2
left_child=1 2 3 4 12 -4 9 8 -5 -7 -11 -12 -1 -14
right_child=-2 -3 5 7 -6 6 -8 -9 -10 10 11 -13 13 -15
leaf_value=-0.018303990264865462 0.00015627426753945871 -0.0071908885347474558 -0.010260268901285913 0.030187640100218793 -0.023612886500769283 0.013178603605749715 0.018988974467115168 0.030801189484301893 -0.0059992338810778909 -0.019104531739515731 0.025272272878487469 -0.0032792715597256259 -0.0091556409489056707 0.010955127412325662
leaf_weight=138.36598513042554 111919.93141782039 3510.278066912666 1444.4272965257987 410.24955718871206 294.50394702376798 322.55115217808634 564.58634952176362 365.26569904340431 522.50050350278616 274.87031479272991 97.91799702681601 1913.1192164681852 176.11458373512141 579.35041467519477
leaf_count=14716 1757828 137043 17192 4017 18935 3483 7277 2881 4811 3937 556 127251 2723 7330
internal_value=-7.36508e-06 -0.00173285 0.000964177 0.00633384 -0.00399914 -0.00192721 0.00186615 0.0157937 0.00991677 -0.00183998 -0.00395917 -0.00188909 0.00246329 0.00626689
internal_weight=122534 10614.1 7103.82 2486.35 1188.33 4617.47 3173.05 1298.02 932.75 2608.46 2285.91 2011.04 893.831 755.465
internal_count=2109980 352152 215109 55413 43704 159696 142504 11709 8828 135227 131744 127807 24769 10053
is_linear=0
shrinkage=0.03


Tree=292
num_leaves=15
num_cat=0
split_feature=0 8 12 12 10 12 10 3 12 12 0 12 12 12
split_gain=39.5818 85.6705 80.3189 140.48 144.535 71.0521 54.3844 41.87 407.286 324.391 275.833 196.676 187.912 621.782
threshold=1196.7246093750002 5.5000000000000009 9.5000000000000018 3.5000000000000004 0.17527238279581073 7.5000000000000009 0.039955582469701774 0.76752087473869335 9.5000000000000018 7.5000000000000009 587.66406250000011 14.500000000000002 10.500000000000002 13.500000000000002
decision_type=2 2 2 2 2 2 2 2 2 2 2 2 2 2
left_child=7 2 3 4 -2 -5 -4 -1 9 -9 11 -10 -12 -14
right_child=1 -3 6 5 -6 -7 -8 8 10 -11 12 -13 13 -15
leaf_value=0.00023846146139206912 -0.0079431407842111851 -0.026625742834527288 -0.0070310739593074769 -0.010719709118231809 0.040351805214409141 -0.035295604522579349 0.01199830491703663 -0.004787646767570505 0.025997217728977298 -0.026831198895529162 0.029503851048509239 -0.0058310883068511711 -0.02421979930506046 0.012482417139917447
leaf_weight=109037.88201684714 144.23970415035728 146.13974293507636 202.03752133948728 423.33490235032514 90.930980787146837 141.18822960462421 408.37387175206095 5019.4330010134727 187.91862352378666 682.5234652813524 366.35200712457299 2489.5935742495349 491.29462856426835 2690.2221875707619
leaf_count=1904890 4923 6310 5650 6119 1435 2516 6337 58619 1646 7204 2805 58318 4969 38239
internal_value=-7.29661e-06 -0.00476125 -0.00249526 -0.00875065 0.0107306 -0.0168662 0.00569985 5.3864e-05 -0.0016337 -0.00742626 0.00367183 -0.00359725 0.00915767 0.00681481
internal_weight=122521 1556.24 1410.11 799.694 235.171 564.523 610.411 120965 11927.3 5701.96 6225.38 2677.51 3547.87 3181.52
internal_count=2109980 33290 26980 14993 6358 8635 11987 2076690 171800 65823 105977 59964 46013 43208
is_linear=0
shrinkage=0.03


Tree=293
num_leaves=15
num_cat=0
split_feature=0 1 5 5 0 10 6 6 0 10 6 1 8 0
split_gain=39.2128 86.3027 62.6958 54.5152 41.977 233.109 166.061 131.932 251.563 379.397 274.133 252.916 127.406 216.843
threshold=114.50195312500001 20.163907051086429 283.54393005371099 111.87161254882814 509.43359375000006 -0.078367158770561204 66.500000000000014 4.5000000000000009 428.12890625000006 0.34032529592514044 1.5000000000000002 17.647928237915043 6.5000000000000009 674.54882812500011
decision_type=2 2 2 2 2 2 2 2 2 2 2 2 2 2
left_child=1 2 -1 -3 5 -2 12 8 9 10 -7 -10 -6 -14
right_child=4 3 -4 -5 6 7 -8 -9 11 -11 -12 -13 13 -15
leaf_value=-0.022433180242342147 0.010566445730932326 -0.0099153177299625018 0.033363241613532907 0.010096999466757389 0.00031299484000869333 -0.016823317948647141 -0.01608524057351211 -0.00093314880125771617 0.010990566006811159 0.012602952528393276 0.0023841487101380495 -0.004719733064269903 -0.0071411488182869937 0.00028625812552898142
leaf_weight=292.18102152377833 2119.0168919197749 221.02447016630322 19.323269791086204 274.8518233288778 72479.668631320121 1546.2208513712976 596.51424217503518 22735.900454956805 4172.7356581140775 1064.7667463407852 1178.42308358429 1183.9186436347663 5992.3604230561759 8635.9775568109471
leaf_count=48370 56500 15940 930 8780 898034 18951 60790 698933 44180 13352 18535 13079 104073 109533
internal_value=-7.28186e-06 -0.0065969 -0.018972 0.00117701 3.64329e-05 0.000931256 -0.000310469 0.000290859 0.00333358 -0.00258189 -0.00851599 0.0075183 -0.000202444 -0.00275631
internal_weight=122513 807.381 311.504 495.876 121706 34001 87704.5 31882 9146.06 3789.41 2724.64 5356.65 87108 14628.3
internal_count=2109980 74020 49300 24720 2035960 863530 1172430 807030 108097 50838 37486 57259 1111640 213606
is_linear=0
shrinkage=0.03


Tree=294
num_leaves=15
num_cat=0
split_feature=9 0 12 12 12 0 1 12 3 6 0 12 12 12
split_gain=38.1738 132.794 184.391 161.079 199.695 124.992 219.492 192.769 134.057 133.99 433.204 304.539 936.674 681.206
threshold=0.8018014430999757 294.25976562500006 1.5000000000000002 8.5000000000000018 12.500000000000002 528.18164062500011 16.820492744445804 1.0000000180025095e-35 0.78130191564559948 3.5000000000000004 428.12890625000006 7.5000000000000009 8.5000000000000018 5.5000000000000009
decision_type=2 2 2 2 2 2 2 2 2 2 2 2 2 2
left_child=1 2 -1 -4 -5 6 7 -3 -8 10 -9 13 -13 -12
right_child=-2 5 3 4 -6 -7 8 9 -10 -11 11 12 -14 -15
leaf_value=0.011545831126053166 0.00089626497704548762 -0.02740951175980947 -0.029032539316194286 0.041248286238624095 -0.006482423960289971 -0.00070064130595231503 -0.0021201623868374935 -0.012448566780306217 -0.021774202676523045 0.0021767741682742949 0.01520230824299766 0.072340477003992154 0.010758344693752487 -0.017902790143142534
leaf_weight=538.02015350281727 31323.587648105342 177.62010429077782 280.94603453483433 80.42192979902029 4137.3927736049518 64602.454152302118 4982.2095954394899 778.77916043065488 333.23163285898045 11063.553400973324 2102.9633910618722 281.66082733869553 1054.5826640613377 762.15134591981769
leaf_count=8089 455751 22035 5586 1402 261370 865692 104917 8071 4573 335386 16171 2051 13331 5555
internal_value=-7.2622e-06 -0.00031767 -0.00505238 -0.00703741 -0.00557233 -4.08188e-05 0.00193841 0.00367208 -0.0033523 0.00401619 0.00810251 0.0119119 0.023739 0.006396
internal_weight=122500 91176 5036.78 4498.76 4217.81 86139.2 21536.8 16221.3 5315.44 16043.7 4980.14 4201.36 1336.24 2865.11
internal_count=2109980 1654229 276447 268358 262772 1377782 512090 402600 109490 380565 45179 37108 15382 21726
is_linear=0
shrinkage=0.03


Tree=295
num_leaves=15
num_cat=0
split_feature=9 9 0 5 0 6 0 10 1 10 0 6 7 7
split_gain=38.0665 45.9093 98.1905 96.1298 92.442 113.481 113.179 228.083 166.806 295.917 191.079 455.026 282.42 221.084
threshold=0.92389631271362316 0.86072671413421642 680.03320312500011 266.33035278320318 310.74609375000006 29.500000000000004 528.18164062500011 0.033929467201232917 15.356582641601564 -0.017162468284368512 714.43945312500011 3.5000000000000004 107.72751235961915 293.22462463378912
decision_type=2 2 2 2 2 2 2 2 2 2 2 2 2 2
left_child=1 4 -3 -4 5 -1 7 -6 10 -10 13 -12 -13 -8
right_child=-2 2 3 -5 6 -7 8 -9 9 -11 11 12 -14 -15
leaf_value=-0.0012171946416832202 -0.009670527612994707 -1.2169435601116004e-05 0.011046793597106331 0.001497795266756031 0.0066466016553357469 -0.0097267113729245375 -0.0049824876585700872 0.00013878879758565108 -0.0084296307942799218 0.0022307952042002551 -0.0015287615277535687 0.004682851457912641 0.023748197989255416 0.013153471861689076
leaf_weight=5421.4722863424104 365.80242196563631 8821.9113721898757 1704.9840608513914 2139.3936803606339 6480.1706588061061 1906.4253609894076 15458.944595252629 19230.810997584136 2573.2106481101364 26250.356358885765 28008.72618237196 2533.5327355940826 965.86154625355266 629.58761218842119
leaf_count=200956 8256 141335 18582 21432 169196 147084 328273 392782 54059 297873 279092 34626 10386 6048
internal_value=-7.34584e-06 2.15983e-05 0.0017315 0.00573278 -0.000176266 -0.00343103 5.72628e-05 0.00177901 -0.000522006 0.00127909 -0.00161271 -0.000254443 0.00994504 -0.00427278
internal_weight=122491 122125 12666.3 3844.38 109459 7327.9 102131 25711 76420.2 28823.6 47596.7 31508.1 3499.39 16088.5
internal_count=2109980 2101724 181349 40014 1920375 348040 1572335 561978 1010357 351932 658425 324104 45012 334321
is_linear=0
shrinkage=0.03


Tree=296
num_leaves=15
num_cat=0
split_feature=9 10 1 12 12 0 11 0 8 0 12 12 0 1
split_gain=37.6838 134.791 98.3529 135.991 245.074 252.67 133.788 118.409 92.4211 103.694 85.9233 99.8417 66.9701 55.0538
threshold=0.40525792539119726 -0.063044670969247804 18.910382270812992 2.5000000000000004 1.5000000000000002 374.97265625000006 1.5000000000000002 803.98046875000011 4.5000000000000009 514.08007812500011 6.5000000000000009 7.5000000000000009 1040.9238281250002 11.54664182662964
decision_type=2 2 2 2 2 2 2 2 2 2 2 2 2 2
left_child=1 2 3 4 5 -1 -6 -8 -7 -10 -5 -12 -4 -2
right_child=13 -3 12 10 6 8 7 -9 9 -11 11 -13 -14 -15
leaf_value=0.049607617198723891 -0.00069791581992239172 -0.0079623215310563669 -0.016849410059042006 -0.010254319696208353 0.034129969452866664 -0.016780213779432923 0.024894250786831169 -0.0042854969820262032 0.029654123288443201 -0.014379616571651941 0.02517905444087068 -0.00046628700296784295 0.023722797674141254 0.00064626098849352581
leaf_weight=72.220806675264612 44887.136419928633 2373.3548484779894 383.98865888104774 788.66349895205349 354.72676861379296 463.0064611233538 246.01880231872201 254.77456372976303 97.651102642994374 94.911481181858107 147.91847472265363 1789.8704117664602 40.47515616286546 70484.625025188434
leaf_count=1364 735164 110674 18029 9908 3020 18145 1825 2252 1945 2822 1332 95372 2946 1105182
internal_value=-7.32198e-06 -0.00212742 0.000797723 0.00215474 0.00914777 -0.00364896 0.0200339 0.0100493 -0.00951598 0.00795049 -0.00190627 0.00149132 -0.0129806 0.000123289
internal_weight=122479 7107.58 4734.23 4309.76 1583.31 727.79 855.52 500.793 655.569 192.563 2726.45 1937.79 424.464 115372
internal_count=2109980 269634 158960 137985 31373 24276 7097 4077 22912 4767 106612 96704 20975 1840346
is_linear=0
shrinkage=0.03


Tree=297
num_leaves=15
num_cat=0
split_feature=4 8 11 12 8 6 8 12 12 6 12 12 8 6
split_gain=36.4191 35.4402 185.905 95.0138 44.7716 110.869 149.734 204.046 614.904 183.892 261.151 258.745 313.662 162.821
threshold=1450.0000000000002 7.5000000000000009 1.5000000000000002 8.5000000000000018 5.5000000000000009 2.5000000000000004 2.5000000000000004 7.5000000000000009 6.5000000000000009 9.5000000000000018 4.5000000000000009 5.5000000000000009 4.5000000000000009 12.500000000000002
decision_type=2 2 2 2 2 2 2 2 2 2 2 2 2 2
left_child=1 4 3 -3 5 -1 7 8 -7 -8 -11 -12 -13 -9
right_child=-2 2 -4 -5 -6 6 9 13 -10 10 11 12 -14 -15
leaf_value=-0.00040511681458222824 -0.015768975436208876 0.035490352989817474 -0.0093276858813546946 0.0076120810373994478 -0.00093082613733945713 0.0023674499556919338 0.00066360034388177926 0.0061461715494571956 0.070224580124260638 -0.0022254458217099019 0.030736110136919834 0.0036818791948637544 0.019371178656125306 -0.0041391570729177665
leaf_weight=58389.296780086588 131.79400966654066 187.51597594609484 379.17361367959529 266.25243968702853 35390.24542329635 838.85025235731155 9081.3070357962279 1687.0906733449083 140.28733812645078 2118.1553496916313 497.38146164268255 4016.6803777581081 1605.1126588052139 7741.5875272036064
leaf_count=592827 18360 1703 3897 3273 637867 22311 95973 66993 1723 29191 3781 67804 26284 537993
internal_value=-7.226e-06 9.75391e-06 0.00617682 0.0191325 -3.25222e-05 0.000336646 0.00189873 -0.00094515 0.0120898 0.00360779 0.00685363 0.00999635 0.00816143 -0.00229878
internal_weight=122471 122339 832.942 453.768 121506 86115.7 27726.5 10407.8 979.138 17318.6 8237.33 6119.17 5621.79 9428.68
internal_count=2109980 2091620 8873 4976 2082747 1444880 852053 629020 24034 223033 127060 97869 94088 604986
is_linear=0
shrinkage=0.03


Tree=298
num_leaves=15
num_cat=0
split_feature=5 1 3 3 9 11 5 1 10 5 5 4 11 9
split_gain=38.076 45.4393 86.1839 106.144 106.701 96.2657 204.832 197.769 96.697 102.762 90.1426 79.3484 72.0976 127.405
threshold=1167.5230712890627 24.578886985778812 0.76752087473869335 -0.36756965517997736 0.59934034943580639 1.5000000000000002 718.24157714843761 30.955171585083011 0.26596447825431829 455.99592590332037 406.73590087890631 6.5000000000000009 1.5000000000000002 0.7098783850669862
decision_type=2 2 2 2 2 2 2 2 2 2 2 2 2 2
left_child=1 12 3 4 -3 -5 7 8 9 -7 -4 -6 -1 -14
right_child=-2 2 10 5 11 6 -8 -9 -10 -11 -12 -13 13 -15
leaf_value=-0.00060098146882360179 -0.0064741877041921397 -0.0075396824002077218 -0.014052165927842331 0.0075911207954569484 0.00074608668119876382 -0.0019350968008771141 0.020289049556339728 -0.028435462160865253 -0.012731514245639274 0.025737370892434799 0.0069759307237238569 0.016512848226378534 -0.00036686093813893903 0.0038395603043626051
leaf_weight=82034.169136164128 813.95046257472131 1438.8302964405157 579.02265950641595 4290.8250536756823 3265.8213473078795 332.10983859444968 309.58396562596317 293.76717247441411 324.2640943499282 189.79774259915575 268.57612533122301 314.98043662961572 17832.207369490061 10179.93759958609
leaf_count=1669697 8040 29576 7460 42069 35017 4036 3814 2780 3499 2342 3100 11257 189761 97532
internal_value=-7.23308e-06 3.60354e-05 0.00182125 0.00254678 -0.000639591 0.00533309 -0.00135105 -0.00722806 0.000134556 0.00812832 -0.00738906 0.00213299 -0.000152267 0.0011618
internal_weight=122468 121654 11607.6 10760 5019.63 5740.35 1449.52 1139.94 846.172 521.908 847.599 3580.8 110046 28012.1
internal_count=2109980 2101940 144950 134390 75850 58540 16471 12657 9877 6378 10560 46274 1956990 287293
is_linear=0
shrinkage=0.03


Tree=299
num_leaves=15
num_cat=0
split_feature=3 12 12 12 12 12 12 7 12 1 1 1 12 7
split_gain=37.3747 349.745 984.259 409.581 251.684 948.021 515.481 267.236 242.415 233.986 258.599 221.707 225.833 253.771
threshold=0.09513940662145616 9.5000000000000018 7.5000000000000009 6.5000000000000009 14.500000000000002 13.500000000000002 12.500000000000002 252.84981536865237 5.5000000000000009 22.736704826354984 5.2064876556396493 11.237922668457033 11.500000000000002 124.63734054565431
decision_type=2 2 2 2 2 2 2 2 2 2 2 2 2 2
left_child=-1 2 3 8 5 6 7 11 -2 10 -10 -3 13 -13
right_child=1 4 -4 -5 -6 -7 -8 -9 9 -11 -12 12 -14 -15
leaf_value=-0.00038234029694248531 8.282248537164457e-05 0.0013266832549625133 -0.021773226920821617 0.010629219638882036 0.0020457373357417453 0.041041897518353312 -0.029063526743054197 -0.022644958966109602 0.010307172465267789 0.011045469643662716 -0.016297289199802459 0.026370172013942001 0.04442720374962765 -0.0067455416054102105
leaf_weight=80957.503685328877 13972.819441228756 1039.7819054760039 2029.3681223066524 2876.2687670011073 15952.766981199733 741.74606190249324 390.81514638476074 230.33253791742027 383.68753847666085 442.80480533279479 2299.5411006975919 516.66460407152772 270.45516291074455 348.90905662998557
leaf_count=1520390 176480 9363 20762 18455 322914 3866 4115 2070 2554 2170 17112 4483 2391 2855
internal_value=-7.10912e-06 0.000724957 -0.0018672 0.000155153 0.00365131 0.0108894 0.00289302 0.00808352 -0.00160673 -0.00915875 -0.012493 0.0113365 0.0204982 0.0130214
internal_weight=122453 41496 22004.5 19975.1 19491.5 3538.7 2796.96 2406.14 17098.9 3126.03 2683.23 2175.81 1136.03 865.574
internal_count=2109980 589590 237533 216771 352057 29143 25277 21162 198316 21836 19666 19092 9729 7338
is_linear=0
shrinkage=0.03


end of trees

feature_importances:
Column_12=1093
Column_0=850
Column_11=321
Column_9=282
Column_1=262
Column_6=232
Column_5=221
Column_8=218
Column_2=194
Column_7=160
Column_10=158
Column_3=154
Column_4=55

parameters:
[boosting: gbdt]
[objective: binary]
[metric: binary_logloss]
[tree_learner: serial]
[device_type: cpu]
[data_sample_strategy: bagging]
[data: ]
[valid: ]
[num_iterations: 300]
[learning_rate: 0.03]
[num_leaves: 15]
[num_threads: 10]
[seed: 42]
[deterministic: 0]
[force_col_wise: 0]
[force_row_wise: 0]
[histogram_pool_size: -1]
[max_depth: -1]
[min_data_in_leaf: 2000]
[min_sum_hessian_in_leaf: 0.001]
[bagging_fraction: 0.8]
[pos_bagging_fraction: 1]
[neg_bagging_fraction: 1]
[bagging_freq: 0]
[bagging_seed: 400]
[bagging_by_query: 0]
[feature_fraction: 0.6]
[feature_fraction_bynode: 1]
[feature_fraction_seed: 30056]
[extra_trees: 0]
[extra_seed: 12879]
[early_stopping_round: 0]
[early_stopping_min_delta: 0]
[first_metric_only: 0]
[max_delta_step: 0]
[lambda_l1: 0]
[lambda_l2: 0]
[linear_lambda: 0]
[min_gain_to_split: 0]
[drop_rate: 0.1]
[max_drop: 50]
[skip_drop: 0.5]
[xgboost_dart_mode: 0]
[uniform_drop: 0]
[drop_seed: 17869]
[top_rate: 0.2]
[other_rate: 0.1]
[min_data_per_group: 100]
[max_cat_threshold: 32]
[cat_l2: 10]
[cat_smooth: 10]
[max_cat_to_onehot: 4]
[top_k: 20]
[monotone_constraints: ]
[monotone_constraints_method: basic]
[monotone_penalty: 0]
[feature_contri: ]
[forcedsplits_filename: ]
[refit_decay_rate: 0.9]
[cegb_tradeoff: 1]
[cegb_penalty_split: 0]
[cegb_penalty_feature_lazy: ]
[cegb_penalty_feature_coupled: ]
[path_smooth: 0]
[interaction_constraints: ]
[verbosity: -1]
[saved_feature_importance_type: 0]
[use_quantized_grad: 0]
[num_grad_quant_bins: 4]
[quant_train_renew_leaf: 0]
[stochastic_rounding: 1]
[linear_tree: 0]
[max_bin: 255]
[max_bin_by_feature: ]
[min_data_in_bin: 3]
[bin_construct_sample_cnt: 200000]
[data_random_seed: 175]
[is_enable_sparse: 1]
[enable_bundle: 1]
[use_missing: 1]
[zero_as_missing: 0]
[feature_pre_filter: 1]
[pre_partition: 0]
[two_round: 0]
[header: 0]
[label_column: ]
[weight_column: ]
[group_column: ]
[ignore_column: ]
[categorical_feature: ]
[forcedbins_filename: ]
[precise_float_parser: 0]
[parser_config_file: ]
[objective_seed: 16083]
[num_class: 1]
[is_unbalance: 0]
[scale_pos_weight: 1]
[sigmoid: 1]
[boost_from_average: 1]
[reg_sqrt: 0]
[alpha: 0.9]
[fair_c: 1]
[poisson_max_delta_step: 0.7]
[tweedie_variance_power: 1.5]
[lambdarank_truncation_level: 30]
[lambdarank_norm: 1]
[label_gain: ]
[lambdarank_position_bias_regularization: 0]
[eval_at: ]
[multi_error_top_k: 1]
[auc_mu_weights: ]
[num_machines: 1]
[local_listen_port: 12400]
[time_out: 120]
[machine_list_filename: ]
[machines: ]
[gpu_platform_id: -1]
[gpu_device_id: -1]
[gpu_device_id_list: ]
[gpu_use_dp: 0]
[num_gpu: 1]

end of parameters

pandas_categorical:null
