{"type": "FeatureCollection", "features": [{"type": "Feature", "geometry": {"type": "Polygon", "coordinates": [[[-8.084782875693014, 41.1466938751085], [-8.084783642747308, 41.145613379994614], [-8.085498333150838, 41.14561366498303], [-8.085498710796136, 41.14507341779448], [-8.084069341730908, 41.14507284339485], [-8.084069732287947, 41.14453259616716], [-8.083355053636767, 41.14453230232216], [-8.083355448857226, 41.14399205504884], [-8.081926103318178, 41.14399145406899], [-8.081926918378645, 41.14291095849328], [-8.08121225735597, 41.14291065136465], [-8.081212670138306, 41.142370403956456], [-8.081927325296128, 41.14237071107911], [-8.082167199071797, 41.139171348975864], [-8.083563175059023, 41.13910157929076], [-8.083563432621565, 41.13874980922261], [-8.084074018181237, 41.1385898679005], [-8.085503246495547, 41.13859044216601], [-8.085503625197129, 41.13805019341661], [-8.084789016897641, 41.138049909406334], [-8.084789400261183, 41.13750966061115], [-8.086218605142339, 41.13751022598879], [-8.086171132445184, 41.135866337022875], [-8.08784615874101, 41.13586697669584], [-8.087846439370646, 41.13544485216733], [-8.092592234263684, 41.13558724287773], [-8.092593607925853, 41.13326555688073], [-8.09551079961621, 41.13319147866399], [-8.095511094954686, 41.13265122933691], [-8.096940193391667, 41.13265166255549], [-8.09693962615533, 41.13373216027531], [-8.096225064613478, 41.13373194542323], [-8.096224775120959, 41.13427219465291], [-8.097653908747091, 41.134272618131995], [-8.0976536309715, 41.13481286731918], [-8.099082776353141, 41.13481327307727], [-8.099132269208473, 41.13535353600711], [-8.099797089455135, 41.13535371845618], [-8.099796829252984, 41.13589396665308], [-8.101225998128465, 41.135894346732584], [-8.10122574964498, 41.13643459488615], [-8.101940339360292, 41.136434778730816], [-8.101940096733005, 41.13697502683718], [-8.104083885890683, 41.136975549985806], [-8.104083660846442, 41.13751579805164], [-8.103369058193714, 41.13751562839812], [-8.103368827279787, 41.13805587640977], [-8.102654218769986, 41.138055702320045], [-8.10265398198563, 41.13859595117784], [-8.103368596359024, 41.13859612527103], [-8.103368384573788, 41.139090310608445], [-8.0990712, 41.1416746], [-8.0978029, 41.1418419], [-8.0974399, 41.1413357], [-8.0961006, 41.1415069], [-8.0936414, 41.1430581], [-8.092376, 41.1434145], [-8.0916197, 41.1441157], [-8.084782875693014, 41.1466938751085]]]}, "properties": {"ano": 2009, "ha": 225}}, {"type": "Feature", "geometry": {"type": "Polygon", "coordinates": [[[-7.894557908980348, 41.177799615695086], [-7.8944084741901435, 41.17779767093307], [-7.894560720797255, 41.17764469752055], [-7.894557908980348, 41.177799615695086]]]}, "properties": {"ano": 2009, "ha": 20}}, {"type": "Feature", "geometry": {"type": "MultiPolygon", "coordinates": [[[[-7.933833068596095, 41.21195318633019], [-7.933895784339139, 41.21189916763877], [-7.9337351507707465, 41.212159655628625], [-7.933833068596095, 41.21195318633019]]], [[[-7.933560281358601, 41.212528384863724], [-7.933493, 41.212712], [-7.9333732354967506, 41.2129227893323], [-7.933560281358601, 41.212528384863724]]], [[[-7.933353665318963, 41.21295525148708], [-7.933361333853089, 41.21294373660342], [-7.933354726351687, 41.212955366015905], [-7.933353665318963, 41.21295525148708]]]]}, "properties": {"ano": 2009, "ha": 3}}, {"type": "Feature", "geometry": {"type": "MultiPolygon", "coordinates": [[[[-8.036117547491074, 41.19204461330497], [-8.036513588751681, 41.19204493738732], [-8.036117095859225, 41.192357633887084], [-8.036117547491074, 41.19204461330497]]], [[[-7.993163000614632, 41.2125302695235], [-7.9931652697392135, 41.21144979321881], [-7.9924498676010955, 41.21144893245246], [-7.9924510080028135, 41.21090869378997], [-7.990958825298322, 41.21090688319721], [-7.990924885102089, 41.20878617575116], [-7.990246678776196, 41.20874505296219], [-7.9903129249382445, 41.207124414961555], [-7.989617586216386, 41.20704338714098], [-7.9897228694183005, 41.20496272960515], [-7.990317559534051, 41.204963460381954], [-7.990318718402775, 41.20442322116003], [-7.991034045143898, 41.204424095944724], [-7.991035196903751, 41.203883857554246], [-7.99175051779349, 41.2038847278793], [-7.991752811839573, 41.202804250015156], [-7.9924681198049825, 41.202805114962395], [-7.99246926089942, 41.20226487548734], [-7.993184563013605, 41.202265735975416], [-7.993185698194495, 41.2017254964331], [-7.993900994457422, 41.20172635246211], [-7.993899865158859, 41.20226659202071], [-7.994615168529148, 41.202267442724285], [-7.9946140450821765, 41.20280768224821], [-7.995329353171596, 41.20280852942415], [-7.995328235578408, 41.20334876801289], [-7.99747417886981, 41.20335128293298], [-7.997473080086688, 41.20389152152011], [-7.998188400063004, 41.20389235095625], [-7.998187305938669, 41.20443259040732], [-7.998902633020172, 41.20443341541756], [-7.9989037200693, 41.20389317594942], [-7.999619040105388, 41.20389399649956], [-7.999620122434155, 41.20335375696631], [-8.000335436617082, 41.203354573057915], [-8.000336513033568, 41.20281433345828], [-8.001051821363317, 41.20281514509152], [-8.001052890675643, 41.202274905424176], [-8.001768194344432, 41.202275712600596], [-8.00176925774513, 41.201735472867014], [-8.00248455436853, 41.20173627558406], [-8.002485613050109, 41.20119603578567], [-8.003200903820344, 41.20119683404486], [-8.003201955398747, 41.20065659417905], [-8.00391724031579, 41.200657387980534], [-8.003918287175713, 41.20011714805012], [-8.00463356623958, 41.200117937394076], [-8.004635645725896, 41.19903745734789], [-8.005350913055043, 41.19903824221955], [-8.005349879207667, 41.19957848228301], [-8.00606515244845, 41.19957926182684], [-8.00606618041254, 41.19903902264896], [-8.007496715213703, 41.199040569280605], [-8.007497732580756, 41.19850032912327], [-8.008928255730613, 41.19850185795674], [-8.008927251318468, 41.199042098144496], [-8.012503587886291, 41.199045843010566], [-8.01250261285435, 41.19958608321875], [-8.0139331587196, 41.1995875490161], [-8.013934121988434, 41.199047308779946], [-8.01464938848476, 41.19904803410024], [-8.014650345845821, 41.19850779379939], [-8.015365606485384, 41.198508515564114], [-8.015367509366524, 41.197428034782284], [-8.016082758269897, 41.197428752077506], [-8.016081812723435, 41.197968992507505], [-8.018227578425412, 41.19797111688245], [-8.01822665049672, 41.198511357302124], [-8.018941911265149, 41.198512056856025], [-8.018940068286536, 41.19959253757062], [-8.021085887223915, 41.19959460965955], [-8.02108498274575, 41.200134849979506], [-8.022515539798508, 41.20013620828515], [-8.022513755487802, 41.20121668882542], [-8.023944337357008, 41.20121803031415], [-8.023946979091205, 41.1995973093513], [-8.025377524573695, 41.19959863299277], [-8.025380130802185, 41.197977911496395], [-8.027525897465464, 41.19797986263008], [-8.027526747722664, 41.197439621991585], [-8.02895724758288, 41.19744090111319], [-8.028958086054894, 41.19690066039943], [-8.029673330734797, 41.19690129328569], [-8.029675829563045, 41.195280570804094], [-8.030391055433338, 41.195281198310965], [-8.030391882052731, 41.194740957369675], [-8.031822323290038, 41.1947422008366], [-8.03182395294059, 41.19366171875405], [-8.032539162430243, 41.19366233290173], [-8.032539971342167, 41.19312209177241], [-8.034685581112381, 41.1931239075312], [-8.034686372363142, 41.19258366631632], [-8.035829287377698, 41.19258461577374], [-8.0341797, 41.1939953], [-8.0302494, 41.1990328], [-8.0269093, 41.2010363], [-8.0241771, 41.2014204], [-8.0197724, 41.2029486], [-8.0164074, 41.20442], [-8.0098927, 41.2066099], [-8.0049428, 41.2089822], [-8.0028426, 41.2077802], [-8.0015286, 41.2059297], [-8.0015113, 41.2062617], [-7.9990325, 41.206984], [-7.9976275, 41.2081048], [-7.9966991, 41.2095309], [-7.9956946, 41.2101932], [-7.9957613, 41.2118598], [-7.995310361834095, 41.211992586631865], [-7.995058924784713, 41.212532527177956], [-7.993163000614632, 41.2125302695235]]]]}, "properties": {"ano": 2009, "ha": 1043}}, {"type": "Feature", "geometry": {"type": "Polygon", "coordinates": [[[-7.913241926687546, 41.124374110169306], [-7.91323850722403, 41.12540749986443], [-7.915023802774935, 41.12543282082783], [-7.914918252803815, 41.1275916803448], [-7.91617606882537, 41.1275940385761], [-7.916174304973804, 41.12813428193843], [-7.915459810340518, 41.12813294421674], [-7.915456270774807, 41.12921342983753], [-7.914027259402193, 41.12921074100081], [-7.914023696196829, 41.130291227216425], [-7.91616724789806, 41.130295253976165], [-7.916165483808676, 41.130835496183586], [-7.9154509610624135, 41.130834158337215], [-7.915447419819666, 41.13191464434724], [-7.91616195547952, 41.13191598224661], [-7.916160191245664, 41.13245622430137], [-7.916874731624362, 41.13245755779203], [-7.916872973201111, 41.13299780072161], [-7.917587520680521, 41.13299912980788], [-7.917592778218563, 41.13137840169122], [-7.918307308161121, 41.131379726270154], [-7.918309054717831, 41.130839483137514], [-7.91902357765592, 41.13084080325748], [-7.919025319494766, 41.130300560051126], [-7.919739836619311, 41.130301875714494], [-7.919743307238873, 41.129221389997376], [-7.920457812689101, 41.12922270117947], [-7.920459542664106, 41.12868245777059], [-7.921174042300943, 41.128683764496515], [-7.921172319377447, 41.129224007932386], [-7.923315838533425, 41.12922790160081], [-7.923314133145278, 41.12976814505971], [-7.924028644690876, 41.12976943410947], [-7.924023544645185, 41.13139016245114], [-7.922594485240172, 41.13138758067139], [-7.922591061133706, 41.13246806617943], [-7.923305603129959, 41.13246935978556], [-7.923297071950293, 41.13517057323914], [-7.922582501834672, 41.13516927951243], [-7.922580790071716, 41.135709522386946], [-7.92115163706488, 41.135706921585154], [-7.92114991233876, 41.13624716435725], [-7.920435330638709, 41.136245857284074], [-7.920437060036527, 41.1357056145346], [-7.9197224842464236, 41.13570430305388], [-7.919724219456635, 41.13516406117882], [-7.917580508768019, 41.13516010021549], [-7.917582261520908, 41.13461985746426], [-7.916867696455323, 41.13461852830232], [-7.916869456210609, 41.1340782864281], [-7.916154897055268, 41.13407695285926], [-7.916149603625302, 41.13569768006092], [-7.915435026931041, 41.13569634198382], [-7.915429715478976, 41.13731706865124], [-7.914715121244541, 41.13731572606535], [-7.914713344799684, 41.1378559684607], [-7.913284145941267, 41.13785326994214], [-7.913285934109442, 41.13731302849844], [-7.912672021289225, 41.13731186364919], [-7.912924, 41.1359376], [-7.9136038, 41.1349599], [-7.9144105, 41.1344681], [-7.914043, 41.133812], [-7.9132347, 41.1341432], [-7.9124399, 41.1330062], [-7.9127979, 41.1324653], [-7.9123379, 41.1303708], [-7.9133248, 41.1300562], [-7.9124608, 41.1300165], [-7.9131468, 41.1296502], [-7.911888523828442, 41.12777076862806], [-7.912602581655376, 41.1275970879957], [-7.912494756801765, 41.12714218951687], [-7.9109369, 41.1270704], [-7.9114993, 41.1270003], [-7.9118358, 41.126468], [-7.912359084776793, 41.124372426255285], [-7.913241926687546, 41.124374110169306]]]}, "properties": {"ano": 2009, "ha": 85}}, {"type": "Feature", "geometry": {"type": "Polygon", "coordinates": [[[-7.9498818566637715, 41.1945560353964], [-7.946762345070707, 41.194426077244664], [-7.9471522474636656, 41.19221642987103], [-7.949491877517205, 41.19208643518981], [-7.949361862823149, 41.19000677145601], [-7.955470898055263, 41.189876744532356], [-7.955672499876857, 41.19501535224661], [-7.949881887022691, 41.196368836396], [-7.9498818566637715, 41.1945560353964]]]}, "properties": {"ano": 2009, "ha": 42}}, {"type": "Feature", "geometry": {"type": "Polygon", "coordinates": [[[-8.01543888515656, 41.15690983077682], [-8.019012924433051, 41.15691336416366], [-8.019011078191394, 41.15799385450471], [-8.018296259261229, 41.15799315685284], [-8.018295329637398, 41.15853340193313], [-8.017580503673377, 41.15853269893035], [-8.017577699422999, 41.1601534338282], [-8.016148012350252, 41.16015201623437], [-8.016147066206038, 41.160692261071894], [-8.015432216839942, 41.16069154470657], [-8.015431264799618, 41.161231789479544], [-8.01471640958774, 41.16123106956462], [-8.014715451651, 41.161771314273], [-8.018289753743202, 41.1617748713493], [-8.01828789530552, 41.1628553607482], [-8.017573023572014, 41.16285465763919], [-8.017572087846855, 41.16339490314879], [-8.019001844275577, 41.163396303157285], [-8.019002768257483, 41.16285605852135], [-8.021147384878006, 41.162858127019604], [-8.021146478508612, 41.16339837169509], [-8.020431600803642, 41.16339768631943], [-8.020430688538449, 41.163937930930935], [-8.01971580498587, 41.16393724200584], [-8.01971488682456, 41.16447748655332], [-8.018999997425878, 41.16447679317818], [-8.01899907336813, 41.16501703766153], [-8.017569282905567, 41.16501563667346], [-8.017570217514413, 41.16447539221569], [-8.01471065919095, 41.164472537049555], [-8.014709699905326, 41.16501278145158], [-8.013994804816933, 41.16501205610412], [-8.013993840825146, 41.16555230044264], [-8.014708741786627, 41.1655530249035], [-8.014706827852054, 41.16663351255765], [-8.013277001278722, 41.16663205824174], [-8.013272157261852, 41.169333275898076], [-8.011842272071952, 41.16933180369284], [-8.011841291442504, 41.169872047583695], [-8.010411393424532, 41.16987055669788], [-8.010407422464727, 41.17203152983679], [-8.009692450003838, 41.17203077767993], [-8.009693448359185, 41.17149053493575], [-8.00468868182572, 41.1714851474749], [-8.004687642356734, 41.17202539011633], [-8.001112640713943, 41.17209152784392], [-8.001111710203597, 41.17256165174282], [-7.99968175429788, 41.17256002847149], [-7.999680673656161, 41.173100270904314], [-7.998965688683116, 41.17309945214425], [-7.998966776390206, 41.17255920972841], [-7.998251798512273, 41.17255838654724], [-7.998250704931489, 41.1730986289474], [-7.996820737516201, 41.173096970139454], [-7.996821841652672, 41.17255672776954], [-7.997536819472539, 41.172557558926535], [-7.9975412134129815, 41.1703965897766], [-7.9932514867245645, 41.17039153304525], [-7.993250353343722, 41.17093177553813], [-7.991105472202868, 41.170929186311895], [-7.991103168916835, 41.17200967104492], [-7.990388196060268, 41.17200879815916], [-7.990385882092698, 41.173089282656946], [-7.989670897520595, 41.17308840529973], [-7.989669733423804, 41.173628647454144], [-7.988954744199404, 41.17362776654387], [-7.988957081725324, 41.172547282214765], [-7.987527125675923, 41.172545507145465], [-7.987525943991923, 41.1730857483997], [-7.986810959546066, 41.173084854190094], [-7.98681214710575, 41.172544612052434], [-7.985382190058926, 41.17254281035293], [-7.985383389333177, 41.17200256819873], [-7.984668416732352, 41.172001660709064], [-7.9846672115866175, 41.17254190194554], [-7.982522277555559, 41.17253915189708], [-7.982525943372761, 41.17091842728859], [-7.9818109838427915, 41.17091750208357], [-7.981812211190154, 41.1703772607629], [-7.9825271660387385, 41.17037818595186], [-7.982528387479674, 41.1698379445627], [-7.984673234606625, 41.16984069345052], [-7.984675643346171, 41.168760209516016], [-7.983960706015979, 41.16875929769251], [-7.9839631263663655, 41.16767881448968], [-7.9846780519519465, 41.16767972627847], [-7.984679255611692, 41.16713948368218], [-7.983249417409338, 41.16713765570363], [-7.983251849306891, 41.16605717133006], [-7.982536941403366, 41.166056250719144], [-7.982538162577066, 41.16551600892301], [-7.981108359805073, 41.16551415442674], [-7.981109593879738, 41.16497391261661], [-7.982539384908893, 41.16497576707756], [-7.982540607207321, 41.16443552518126], [-7.983211705359863, 41.164436388759306], [-7.983145894708427, 41.16336654286637], [-7.976926263716485, 41.163286066974806], [-7.976643109051006, 41.16172654339035], [-7.973968393196635, 41.16172292415196], [-7.97396580919906, 41.162803407970166], [-7.973250936969163, 41.1628024297886], [-7.973254831119649, 41.16118170404166], [-7.972539977725842, 41.16118072238169], [-7.972541281972315, 41.16064048038355], [-7.9703967360500565, 41.160637505235485], [-7.970399378464003, 41.15955702119814], [-7.96968454163652, 41.159556020047376], [-7.969685869252463, 41.15901577887271], [-7.968971038330895, 41.15901477330496], [-7.968972371782284, 41.15847453119811], [-7.9696871968343626, 41.158475536746735], [-7.969688524379988, 41.1579352945699], [-7.968258886048655, 41.1579332799755], [-7.968257546764373, 41.15847352211403], [-7.966113071935336, 41.15847046644525], [-7.966111715008287, 41.159010707574346], [-7.965396884268194, 41.159009680726975], [-7.965403696693969, 41.15630847196753], [-7.964688895339186, 41.15630743988188], [-7.964690263820528, 41.15576719763714], [-7.965405059306638, 41.155768229703185], [-7.965409145727644, 41.154147503503594], [-7.967553479597936, 41.15415057111273], [-7.967556169278199, 41.15307008690984], [-7.968270935573462, 41.153071100236986], [-7.968272274491881, 41.152530857589724], [-7.968987034953731, 41.15253186736302], [-7.968988367967997, 41.151991624645696], [-7.968273613371462, 41.15199061579204], [-7.968281664997845, 41.148741054604415], [-7.9675775192130756, 41.148751883902285], [-7.967519363834824, 41.148258031555436], [-7.966984903438827, 41.148257271048486], [-7.966809443334814, 41.147179706363445], [-7.969000361070625, 41.147129439697814], [-7.968999028384091, 41.14766968287301], [-7.969748620996502, 41.14767073571446], [-7.969781538071812, 41.14599437549222], [-7.971206607820524, 41.146041252501355], [-7.971209664609171, 41.14478438891537], [-7.970497088227714, 41.14478339695287], [-7.970499501477218, 41.143795862085575], [-7.973296355607591, 41.14389393696295], [-7.973293761018133, 41.14497442409981], [-7.976152474384686, 41.1449783032617], [-7.976151200498808, 41.14551854682779], [-7.976865885090531, 41.14551950577747], [-7.976868421096629, 41.14443901855788], [-7.977583093992116, 41.14443997303726], [-7.977581831871739, 41.14498021669068], [-7.978394077627907, 41.14510835177364], [-7.978390635199673, 41.14658965513634], [-7.9798752102728505, 41.146591613371484], [-7.979873938066718, 41.14714422888887], [-7.980435591092357, 41.14714496473375], [-7.980434353455323, 41.147685208206354], [-7.981149060524767, 41.147686140622014], [-7.981146595690716, 41.148766627448595], [-7.981861314526588, 41.14876755546541], [-7.981860088519201, 41.14930779972132], [-7.980430636765353, 41.149305939214656], [-7.980428158804114, 41.15038642569893], [-7.981142896397961, 41.15038735820506], [-7.981139197993156, 41.15200808850528], [-7.980424442797498, 41.152007155945824], [-7.980423203664497, 41.15254739895905], [-7.97899368164176, 41.152545519599066], [-7.978992431928603, 41.15308576342765], [-7.978277665101695, 41.153084816626894], [-7.9782751514563355, 41.15416530319174], [-7.977560372927762, 41.154164351919654], [-7.9775579885661845, 41.15518462069034], [-7.983276169301085, 41.15525232001537], [-7.983277383940583, 41.154712076283886], [-7.9839921686075, 41.15471299209127], [-7.98399337853688, 41.15417274829304], [-7.98470815736861, 41.154173659647725], [-7.984709361396819, 41.15363341578125], [-7.986853679297161, 41.153636121379684], [-7.986856052045799, 41.15255563429141], [-7.98828557360584, 41.152557416079475], [-7.988286748197296, 41.15201717197485], [-7.9875719926721205, 41.15201628376472], [-7.9875731730989274, 41.15147603962619], [-7.9861436750716175, 41.151474249936776], [-7.986147250167885, 41.149853518217235], [-7.987576714181737, 41.14985530870623], [-7.987577894479471, 41.14931506436421], [-7.989007345699373, 41.149316836179025], [-7.989006177135262, 41.14985708055484], [-7.989720909255594, 41.14985795982801], [-7.989725559852121, 41.14769698285293], [-7.991154976064059, 41.1476987279608], [-7.991153825194774, 41.148238972539254], [-7.992583254458246, 41.14824069904406], [-7.992582115290492, 41.148780943604635], [-7.9940115552220075, 41.148782651502735], [-7.994010427756415, 41.14932289604507], [-7.996154604888403, 41.14932542468159], [-7.996153494992438, 41.149865669221334], [-7.999012422518041, 41.149868979618084], [-7.999010249571509, 41.15094946867149], [-7.9982955065062775, 41.15094864791864], [-7.998294414121154, 41.15148889235339], [-7.999009163053671, 41.1514897131219], [-7.999008076506127, 41.152029957521464], [-7.999722832525241, 41.15203077477255], [-7.9997239132053295, 41.15149053035739], [-8.001153412409339, 41.15149214972155], [-8.001154481325266, 41.15095190522458], [-8.002583968911377, 41.1509535068187], [-8.002582911728272, 41.151493752246715], [-8.003297660836365, 41.1514945464061], [-8.003301867112913, 41.14933356703083], [-8.004016592781447, 41.149334356694986], [-8.004017638115538, 41.14879411103326], [-8.0054470789942, 41.148795677929854], [-8.00544914730031, 41.14771518729569], [-8.00616385545444, 41.147715963611745], [-8.006162827778365, 41.148256208519534], [-8.00902168652172, 41.148259269502205], [-8.009022690732372, 41.14771902453587], [-8.009737400216416, 41.14771977868184], [-8.009736401872114, 41.14826002366261], [-8.011165831461613, 41.148261519579485], [-8.01116681807487, 41.1477212736697], [-8.011881527640194, 41.14772201451282], [-8.011880545702077, 41.14826226043555], [-8.013309975452774, 41.148263729746255], [-8.013307067059934, 41.149884467296054], [-8.014021798978689, 41.14988519579124], [-8.014020835725464, 41.15042544155381], [-8.014735573537545, 41.15042616562824], [-8.014734614933827, 41.15096641135255], [-8.016164103561936, 41.150967846225974], [-8.01616126398969, 41.15258858317729], [-8.016876025349411, 41.152589294002034], [-8.016872263156904, 41.15475027594699], [-8.016157478325008, 41.154749565067895], [-8.016156532439783, 41.155289810414], [-8.01544174176529, 41.1552890950859], [-8.01543888515656, 41.15690983077682]], [[-8.01544174176529, 41.1552890950859], [-8.015437549262614, 41.15474884449856], [-8.015419974400887, 41.15528907284867], [-8.01544174176529, 41.1552890950859]]]}, "properties": {"ano": 2009, "ha": 882}}, {"type": "Feature", "geometry": {"type": "MultiPolygon", "coordinates": [[[[-7.885083435396282, 41.22562267489094], [-7.888663817770521, 41.22555307512987], [-7.888662670193827, 41.225862822316344], [-7.890093785934534, 41.225865838762424], [-7.890091796510498, 41.22640607007961], [-7.889376233319888, 41.226404564052515], [-7.88937423795209, 41.22694479529026], [-7.8886586689264595, 41.22694328478811], [-7.888656667614574, 41.227483515946304], [-7.88794109275393, 41.227482000968955], [-7.887937079379278, 41.22856246307775], [-7.8872214927936515, 41.22856094359626], [-7.887215454050439, 41.23018163719031], [-7.887931058306938, 41.23018315675809], [-7.887927044384744, 41.23126361835754], [-7.887211428346869, 41.23126209873221], [-7.887205388779866, 41.232882791562226], [-7.888636656260349, 41.23288582563761], [-7.888638656925478, 41.232345594986214], [-7.889354284854843, 41.232347105774316], [-7.889350294059883, 41.233427567080874], [-7.890065933829747, 41.23342907257821], [-7.890063943645784, 41.233969303182334], [-7.889348297984354, 41.23396779765646], [-7.889344306862715, 41.23504825865739], [-7.890059964307791, 41.23504976424029], [-7.890057973960947, 41.235589994691615], [-7.890773637352401, 41.235591495855175], [-7.8907756218071725, 41.23505126537542], [-7.8914912793607295, 41.235052762062736], [-7.891487322181316, 41.23613322302801], [-7.892202991566543, 41.23613471712495], [-7.892199047148969, 41.237215177945494], [-7.8929147283664145, 41.23721666945165], [-7.892912761376481, 41.23775689891206], [-7.893628448540388, 41.23775838599818], [-7.8936245273717045, 41.23883884662571], [-7.89290882842191, 41.238837359483384], [-7.892910795522453, 41.23829712922443], [-7.892195102519455, 41.23829563766192], [-7.892193129525875, 41.238835867892675], [-7.890761731872477, 41.238832877669054], [-7.890759747042032, 41.23937310689183], [-7.890044042398342, 41.239371606429664], [-7.890042052809965, 41.239911836476], [-7.888610631902365, 41.2399088212487], [-7.888608629279796, 41.24044905118446], [-7.885782214882211, 41.24049616518906], [-7.885784350487035, 41.23992651872813], [-7.8850834212103855, 41.23996570756118], [-7.885089386870113, 41.23837883307917], [-7.883741618664131, 41.23841662590386], [-7.883692790293263, 41.23707376922302], [-7.883099851589661, 41.23707248966482], [-7.8829477069170615, 41.23454941559873], [-7.882408692069393, 41.234548247831945], [-7.882411474745235, 41.233815844013705], [-7.880794604888348, 41.233771638469015], [-7.880851461679095, 41.232998662829424], [-7.879989214687294, 41.232956089448244], [-7.879991088511606, 41.232467819603116], [-7.878853317055687, 41.23235791940021], [-7.881776, 41.230638], [-7.883576, 41.2283012], [-7.8844215, 41.2258934], [-7.885066491173382, 41.224928875890846], [-7.885083435396282, 41.22562267489094]]], [[[-7.886602499734184, 41.22294041950251], [-7.886394640532452, 41.22295423927977], [-7.886604587326703, 41.22238136462213], [-7.886602499734184, 41.22294041950251]]], [[[-7.889408139851539, 41.2177608644999], [-7.889406146550185, 41.21830109565464], [-7.89012162141104, 41.218302603055044], [-7.890123608828806, 41.21776237097137], [-7.890839077857067, 41.21776387389815], [-7.890843041945704, 41.21668341042411], [-7.891558499254744, 41.216684908849125], [-7.891560475926075, 41.21614467745885], [-7.89220928694872, 41.216146032025506], [-7.892266076518123, 41.21884732800159], [-7.891550595604384, 41.218845834808924], [-7.891544667001573, 41.22046652896849], [-7.892260165577532, 41.22046802224589], [-7.892258194362562, 41.221008253257004], [-7.890111681133667, 41.22100376000319], [-7.890109729296403, 41.221534291548764], [-7.887577548546098, 41.22159974261164], [-7.887417120431009, 41.22207853332281], [-7.886712767990678, 41.22208617573364], [-7.8882836, 41.2177999], [-7.889408139851539, 41.2177608644999]]], [[[-7.890961838847759, 41.184269469952184], [-7.890963815770575, 41.18372923823095], [-7.891678914293516, 41.183730736729586], [-7.891680886480911, 41.1831905040312], [-7.890965793834626, 41.18318900556084], [-7.890967770652872, 41.1826487728373], [-7.891682857422662, 41.182650271279364], [-7.891686800333369, 41.1815698065259], [-7.892401874225944, 41.18157129686768], [-7.8923999080760865, 41.18211152974707], [-7.893114987898523, 41.182113015677515], [-7.893116948172212, 41.18157278277002], [-7.893832020983458, 41.18157426332998], [-7.893876245771358, 41.18041931609438], [-7.896696638969323, 41.1803704806746], [-7.896698107496829, 41.179959444435255], [-7.897413162945718, 41.17996090271505], [-7.897415087752345, 41.179420669436844], [-7.8981301373782555, 41.17942212324989], [-7.898128219635744, 41.17996235745851], [-7.898843276381374, 41.17996380686232], [-7.898841364465456, 41.180504040147014], [-7.898126301844118, 41.18050259071577], [-7.898118628959231, 41.18266352413361], [-7.8974035428858675, 41.182662070152894], [-7.8974054667664, 41.18212183622641], [-7.8967211682738565, 41.182120440113394], [-7.8968361007672865, 41.18274018440254], [-7.896070107584373, 41.18273861770031], [-7.89606855211384, 41.18317263622444], [-7.895256292920652, 41.18321187198517], [-7.895254401819932, 41.183738144604774], [-7.8966845960111645, 41.1837410766738], [-7.896680736132007, 41.184821543214646], [-7.897395845656548, 41.18482300264592], [-7.8973939203248396, 41.18536323541494], [-7.898109035779105, 41.18536469043377], [-7.898107117460862, 41.18590492408231], [-7.897391996129283, 41.18590346903593], [-7.897386219648521, 41.18752417048643], [-7.898101358613014, 41.187525625615464], [-7.898097519118183, 41.18860609334978], [-7.897382368400857, 41.18860463726523], [-7.897380442698227, 41.18914487057825], [-7.896665286151993, 41.18914341092593], [-7.8966633545183935, 41.18968364416041], [-7.895948192146502, 41.189682180039725], [-7.8959462545816175, 41.19022241319554], [-7.896661422832101, 41.190223877343946], [-7.896657560490173, 41.191304344461166], [-7.897372740551085, 41.191305804223994], [-7.897368888564676, 41.19238627119035], [-7.898084080436498, 41.192387726567326], [-7.898082160242263, 41.19292796045191], [-7.898797358045933, 41.19292941141517], [-7.898795444870915, 41.193469645278704], [-7.897365036371304, 41.19346673705259], [-7.8973611839645175, 41.194547203611585], [-7.899506831478458, 41.19455155855195], [-7.899510648606451, 41.19347109182814], [-7.900225852390909, 41.1934725348367], [-7.900227754998832, 41.1929323009209], [-7.900942952955722, 41.192933739460905], [-7.90094105623054, 41.19347397250349], [-7.901656260118814, 41.19347540662939], [-7.901658150964427, 41.19293517355968], [-7.902373349027961, 41.19293660231677], [-7.902375233942585, 41.19239636916908], [-7.903090426178216, 41.19239779345798], [-7.903094184094865, 41.19131732695594], [-7.903809364623492, 41.19131874674992], [-7.903811237626, 41.19077851339563], [-7.903096062979449, 41.19077709272812], [-7.903101698127381, 41.1891563915376], [-7.9052471693191535, 41.18916063817548], [-7.905249030363825, 41.188620403663606], [-7.90596418164927, 41.18862181090189], [-7.905969745649683, 41.187001107879], [-7.906684879354992, 41.1870025096967], [-7.906686728438166, 41.18646227582844], [-7.908116983052938, 41.186465066087685], [-7.908118820330685, 41.185924832115674], [-7.908833942431896, 41.18592622055983], [-7.908835772593353, 41.185385985607866], [-7.909550888867251, 41.18538736958568], [-7.909554537283058, 41.18430690037707], [-7.914560269134112, 41.184316458132706], [-7.914558486088791, 41.1848566933937], [-7.913843375343442, 41.18485534142246], [-7.913841587564167, 41.18539557660921], [-7.9145567029978, 41.18539692770337], [-7.914554919855149, 41.18593716286253], [-7.91527004240376, 41.18593851044484], [-7.9152664865357245, 41.18701898065927], [-7.916696755291869, 41.187021661704584], [-7.91668792415023, 41.18972283660493], [-7.915972760358637, 41.18972149772542], [-7.915970988580877, 41.19026173342874], [-7.915255818959055, 41.190260390083054], [-7.915252262314636, 41.191340859482956], [-7.914537080983623, 41.19133951164535], [-7.914524590638136, 41.195121152763726], [-7.913094144616083, 41.19511844340402], [-7.913090551816065, 41.196198911733816], [-7.9123753177139715, 41.196197550341125], [-7.912371712959603, 41.197278017515245], [-7.911656467145502, 41.19727665162907], [-7.911654658216084, 41.197816885562965], [-7.910939406576588, 41.197815513408045], [-7.91093577800264, 41.198895980173056], [-7.910220514650544, 41.198894603524025], [-7.9102168729204605, 41.19997507093141], [-7.908786322840008, 41.19997230420216], [-7.908782657387261, 41.20105277040079], [-7.908067370658602, 41.20105138032003], [-7.908063694433904, 41.20213184626472], [-7.907348394799164, 41.20213045168639], [-7.907346550131608, 41.20267068500501], [-7.906631245857193, 41.20266928595987], [-7.906627545801322, 41.203749751493355], [-7.905912228620165, 41.203748347950004], [-7.905910372039149, 41.20428858016244], [-7.904479727255906, 41.20428575969591], [-7.904475991598959, 41.20536622476408], [-7.903760656921681, 41.20536480781151], [-7.903756908098728, 41.206445273520444], [-7.902326215364629, 41.20644242617802], [-7.902324329109265, 41.20698265890222], [-7.901608978128157, 41.206981228541316], [-7.901607084745292, 41.20752146118516], [-7.900891727932173, 41.20752002635366], [-7.900886032202982, 41.20914072480346], [-7.899455281046732, 41.209137840741064], [-7.899453370993284, 41.20967807400236], [-7.897307228191646, 41.209673714050275], [-7.8973110847380985, 41.20859324944497], [-7.89516497652081, 41.20858885056264], [-7.895159140451429, 41.21020954714831], [-7.893728366597062, 41.210206592774334], [-7.893724450887301, 41.21128705679586], [-7.8930090534631026, 41.211285572889324], [-7.893005125769537, 41.21236603665101], [-7.891906773892351, 41.21236374742974], [-7.8920816, 41.2106631], [-7.8940898, 41.2092383], [-7.8933023, 41.2060326], [-7.8903425, 41.20244], [-7.8898627, 41.1986975], [-7.8899414, 41.1957597], [-7.888222526541549, 41.19017057623089], [-7.888737859710456, 41.19017166897111], [-7.888689723291603, 41.18966144198611], [-7.8881098418953215, 41.18968597321076], [-7.8879704, 41.1890863], [-7.88827, 41.1879192], [-7.8891987, 41.1878175], [-7.8901348, 41.1867135], [-7.890505959860861, 41.18426851039565], [-7.890961838847759, 41.184269469952184]]]]}, "properties": {"ano": 2009, "ha": 1252}}, {"type": "Feature", "geometry": {"type": "Polygon", "coordinates": [[[-8.069075334257779, 41.12993879825782], [-8.067646295297441, 41.12993802121964], [-8.067646820358036, 41.12939777182075], [-8.064074251919816, 41.12939575216179], [-8.064074806269389, 41.12885550365156], [-8.063360298011531, 41.12885508589282], [-8.06336085820658, 41.12831483733982], [-8.062646355824722, 41.12831441515782], [-8.062645790958893, 41.12885466460382], [-8.06050226751439, 41.12885337234613], [-8.06050285115221, 41.12831312382625], [-8.059788350023954, 41.1283126839197], [-8.059788938315426, 41.127772435356675], [-8.059074443062771, 41.127771991927844], [-8.05907503839033, 41.12723174242287], [-8.058360547823408, 41.12723129457067], [-8.058361148993864, 41.126691045923955], [-8.059075632509714, 41.12669149376671], [-8.059076227803628, 41.126151245060505], [-8.0605051843536, 41.12615212833704], [-8.0605057679124, 41.12561187866248], [-8.06264918468071, 41.12561317076981], [-8.062650315400568, 41.12453267211804], [-8.061935855244405, 41.12453224646348], [-8.06193699762087, 41.12345174762481], [-8.059079202838618, 41.12344999986564], [-8.059078012397647, 41.12453049773562], [-8.059792473680295, 41.12453094201428], [-8.059791884294915, 41.125071190881584], [-8.059077418343502, 41.125070746595135], [-8.059076823082234, 41.125610995403036], [-8.058362350095502, 41.12561054757677], [-8.05836355232104, 41.12453004992746], [-8.057649091070006, 41.12452959768777], [-8.057650911863524, 41.122908849958236], [-8.058365354344971, 41.122909303071395], [-8.058365955383605, 41.122369054017966], [-8.061223703229807, 41.12237081943119], [-8.061225435944419, 41.120750070963105], [-8.0605110156414, 41.120749636505124], [-8.060511599039232, 41.12020938722264], [-8.06122601229322, 41.12020982167149], [-8.061226589816922, 41.11966957232976], [-8.061940997228502, 41.11967000234023], [-8.061940426753665, 41.12021025169101], [-8.062654840038975, 41.12021067727973], [-8.06265427421603, 41.120750926587164], [-8.063368694564844, 41.12075134865513], [-8.063369253339697, 41.1202110984384], [-8.064798081176574, 41.12021192836674], [-8.064800272828558, 41.118050929630755], [-8.070405341242738, 41.11813848910181], [-8.070461422382419, 41.11640824676776], [-8.071169593608856, 41.116408616155546], [-8.071170047587028, 41.11591425301965], [-8.072586378262878, 41.11591497872294], [-8.072641221447988, 41.11550303755199], [-8.073349346803797, 41.115544590694086], [-8.073374339123065, 41.116492133269915], [-8.074165630182705, 41.116492526406894], [-8.074136185145816, 41.11697541110527], [-8.07480267119323, 41.11697573771854], [-8.07480220503749, 41.117515988358505], [-8.075516590476795, 41.11751633507364], [-8.075515669842908, 41.11859683531406], [-8.0748012738791, 41.11859648858612], [-8.074800807684953, 41.11913673907356], [-8.07408640587605, 41.11913638790899], [-8.074085933811089, 41.11967663833883], [-8.07551475034913, 41.11967733535175], [-8.075515210698095, 41.1191370849084], [-8.07622961253229, 41.11913742721318], [-8.076229159232831, 41.119677676763324], [-8.076943566937423, 41.11967801464476], [-8.076943119482868, 41.12021826505105], [-8.077657533058643, 41.12021859760852], [-8.077657118024153, 41.1207258601954], [-8.080514819829578, 41.120698335534165], [-8.080591581823784, 41.11917331972731], [-8.081899061245373, 41.119132687736446], [-8.081953879707758, 41.118679544287005], [-8.083370271269304, 41.11868013925714], [-8.08347847321217, 41.11971010753654], [-8.086256822930162, 41.11971122045985], [-8.08628861294227, 41.12130277290599], [-8.086944188004331, 41.121303024852715], [-8.086943822533813, 41.12184327518934], [-8.087658253839015, 41.12184354664227], [-8.087657894217823, 41.12238379603292], [-8.086943455862423, 41.12238352547467], [-8.086942358169896, 41.12400427512617], [-8.084084535733318, 41.12400314582227], [-8.084084146774586, 41.12454339588274], [-8.08336968503472, 41.12454310224917], [-8.083369290205662, 41.12508335225311], [-8.080511421107698, 41.125082134288675], [-8.080511001637898, 41.125622384217536], [-8.081225475052886, 41.12562269558619], [-8.081225062623014, 41.126162944570346], [-8.081939540718379, 41.12616325151352], [-8.081938727544129, 41.12724375024173], [-8.07908076477665, 41.127242496733274], [-8.079079903482945, 41.12832299520886], [-8.07836540080165, 41.12832267051601], [-8.078365837910031, 41.127782421760415], [-8.07765134110121, 41.12778209264262], [-8.077650898131525, 41.12832234229225], [-8.076936396665138, 41.12832200873729], [-8.076935947822566, 41.128862258329626], [-8.076221439316836, 41.128861920336206], [-8.076220985792723, 41.1294021689713], [-8.075506471437773, 41.129401827440304], [-8.075506012040158, 41.1299420760179], [-8.076220532255356, 41.12994241845599], [-8.076220077515371, 41.13048266698879], [-8.075505551438205, 41.13048232544452], [-8.0755050920153, 41.13102257392045], [-8.074790560090142, 41.13102222703735], [-8.074791025374383, 41.13048197856811], [-8.073361974476047, 41.13048127152098], [-8.073362929641425, 41.12940077445803], [-8.07264841533852, 41.129400414300605], [-8.072648899358647, 41.12886016479969], [-8.073363406609797, 41.12886052494954], [-8.073363884755114, 41.128320276291284], [-8.071812560048738, 41.128232462303885], [-8.071867978683517, 41.1272025690133], [-8.072576265969742, 41.1272029307356], [-8.072715956446082, 41.12453820280314], [-8.070617372583756, 41.124482926397334], [-8.070452398026129, 41.126130714800674], [-8.069907571640396, 41.12613042710974], [-8.06990645269701, 41.12732513602037], [-8.070669224188277, 41.127325538444], [-8.070668805374206, 41.127778646796116], [-8.071220873955589, 41.127778933879526], [-8.071219882513532, 41.128859432104996], [-8.070505375301632, 41.12885905956139], [-8.070504873699756, 41.12939930814042], [-8.071219387962548, 41.129399681592325], [-8.071217901847879, 41.131020427947135], [-8.0690743087302, 41.13101929603335], [-8.069073795350254, 41.131559544394335], [-8.068359258874901, 41.131559157618724], [-8.06835873961833, 41.1320994068218], [-8.06692965379514, 41.13209862085971], [-8.06693071454853, 41.13101812333285], [-8.068359776925414, 41.131018909264576], [-8.0683602961526, 41.13047866086024], [-8.069074820906014, 41.13047904672045], [-8.069075334257779, 41.12993879825782]]]}, "properties": {"ano": 2009, "ha": 227}}, {"type": "Feature", "geometry": {"type": "Polygon", "coordinates": [[[-8.051220267069684, 41.123444826880345], [-8.049076923809299, 41.123443323108155], [-8.04907759984177, 41.12290307422473], [-8.047648716542357, 41.122902049277066], [-8.047649405463728, 41.12236180126387], [-8.046934969106228, 41.12236128170366], [-8.046935663867487, 41.12182103364959], [-8.045506802925788, 41.121819982158726], [-8.045507509385205, 41.121279734074044], [-8.04693635742015, 41.121280784643346], [-8.046937052143365, 41.12074053648761], [-8.046222633380605, 41.12074001252724], [-8.046223333943066, 41.120199764330714], [-8.045508921056474, 41.12019923685082], [-8.045509627459078, 41.11965898771319], [-8.04479522044986, 41.11965845581347], [-8.044794508190348, 41.120198704040426], [-8.044080095342434, 41.120198167700416], [-8.044081531559227, 41.11911767031588], [-8.044795932689862, 41.11911820753566], [-8.044796643720874, 41.11857795830566], [-8.045511039014336, 41.1185784901849], [-8.045510332650421, 41.119118739424216], [-8.046939135010506, 41.11911978991355], [-8.046939829658806, 41.11857954065398], [-8.047654225008356, 41.11858006014429], [-8.04765560134208, 41.1174995614518], [-8.048369984996425, 41.117500075592055], [-8.048371350729747, 41.11641957757774], [-8.049085722688206, 41.116420087268715], [-8.049086398479727, 41.115879837724385], [-8.045514569349548, 41.11587724592607], [-8.045513863083526, 41.11641749451917], [-8.044799491219683, 41.11641696268088], [-8.044798779075956, 41.11695721211332], [-8.044084401374338, 41.116956675835254], [-8.044085119374026, 41.11641642731358], [-8.043370747549123, 41.11641588661635], [-8.043370024882956, 41.11695613512858], [-8.041941269578185, 41.11695504042473], [-8.041942003958662, 41.116414791933565], [-8.041227632193397, 41.116414237947986], [-8.041228373601399, 41.11587398941759], [-8.039085275998438, 41.11587230091656], [-8.039086034956652, 41.115332052367805], [-8.038371674986974, 41.11533148068637], [-8.03837243978109, 41.114791232097744], [-8.03765808568892, 41.11479065599812], [-8.037661165700008, 41.112629661177564], [-8.03837549636709, 41.11263023723292], [-8.038378552618383, 41.110469241554625], [-8.039092859885011, 41.11046981223674], [-8.03909134351216, 41.111550310199526], [-8.039805662509133, 41.11155087737533], [-8.03980491074258, 41.112091126291865], [-8.040519235615776, 41.11209168904976], [-8.040520728608838, 41.11101119024476], [-8.039806415445659, 41.11101062840893], [-8.039807920066345, 41.109930130322624], [-8.04052222151888, 41.10993069213685], [-8.040521475669353, 41.110470941216704], [-8.041950090344509, 41.11047205248156], [-8.041950824483552, 41.109931803380334], [-8.041236522991758, 41.109931249522596], [-8.041237264156305, 41.10939100038211], [-8.042665855450986, 41.10939210274745], [-8.042665125996608, 41.109932351909166], [-8.044093729080917, 41.109933436581905], [-8.044093012507606, 41.11047368571461], [-8.044807319933794, 41.110474221868834], [-8.0448066080057, 41.11101447096009], [-8.0469495479674, 41.11101605198159], [-8.046948853586509, 41.11155630105244], [-8.047663172800284, 41.1115568195125], [-8.04766248544668, 41.11209706854339], [-8.04837681053495, 41.11209758258464], [-8.048376127827812, 41.11263783157372], [-8.049804789771743, 41.11263884638938], [-8.049804118757995, 41.113179095347164], [-8.052661466289274, 41.113181070969645], [-8.052662761451757, 41.11210057202657], [-8.053377086667943, 41.11210105416583], [-8.053379652168559, 41.109940054731105], [-8.054093955170755, 41.10994053240546], [-8.05409331937933, 41.110480782574534], [-8.054807627062482, 41.11048125672917], [-8.054808256998655, 41.10994100655097], [-8.055522558843705, 41.10994147626802], [-8.055523182907498, 41.10940122602992], [-8.056237478915499, 41.10940169040907], [-8.056235625428117, 41.11102244189912], [-8.05694993901875, 41.111022901876595], [-8.056949326614824, 41.1115631519801], [-8.05766364726726, 41.11156360843897], [-8.057664252625033, 41.11102335832589], [-8.058378567438394, 41.11102381034734], [-8.058377966745644, 41.111564060468375], [-8.059092286240409, 41.11156450806906], [-8.059091691386927, 41.112104758147886], [-8.05837736603643, 41.11210431053858], [-8.058376765310744, 41.11264456055794], [-8.057662434120713, 41.112644108511084], [-8.057661222098254, 41.1137246083806], [-8.056232535151706, 41.11372369186451], [-8.056231916807473, 41.114263941704934], [-8.053374520885, 41.114262053687604], [-8.05337323848337, 41.11534255314386], [-8.054801959241422, 41.11534350604713], [-8.054801329132632, 41.11588375571697], [-8.054086962888086, 41.115883281470815], [-8.05408632690501, 41.1164235310807], [-8.053371954820767, 41.11642305239595], [-8.053371312963087, 41.11696330194572], [-8.054085690904495, 41.11696378063972], [-8.05408505607724, 41.11750403014871], [-8.053370671087823, 41.117503551444685], [-8.053370030386747, 41.11804379999318], [-8.052655639557313, 41.118043316850176], [-8.052654345194084, 41.11912381557608], [-8.054083147919979, 41.11912477746778], [-8.05408378399019, 41.11858452811212], [-8.05479817952033, 41.11858500330443], [-8.054800070053911, 41.11696425490497], [-8.057657583249659, 41.116966107667984], [-8.057658189964275, 41.116425858064055], [-8.059086934352296, 41.116426757850476], [-8.059086340542715, 41.11696700747255], [-8.05980071861832, 41.116967450730144], [-8.059800129459108, 41.11750770030916], [-8.059085745526167, 41.117507257043044], [-8.059083961569332, 41.1191280054502], [-8.059798363075235, 41.11912844874202], [-8.059797773851411, 41.11966869811769], [-8.056225736005072, 41.119666437315274], [-8.0562244989268, 41.12074693582683], [-8.055510079929176, 41.12074647035862], [-8.055510703144353, 41.120206221136456], [-8.054081876917992, 41.12020527602742], [-8.054081240795488, 41.12074552523057], [-8.053366821849409, 41.120745046471946], [-8.053366179851034, 41.12128529561501], [-8.052651755064002, 41.12128481241696], [-8.052651107189414, 41.12182506149986], [-8.05193667537178, 41.121824572960904], [-8.05193602281144, 41.122364821984426], [-8.052650459298183, 41.1223653096315], [-8.05264851670548, 41.12398605642351], [-8.051219607405608, 41.12398507574102], [-8.051220267069684, 41.123444826880345]]]}, "properties": {"ano": 2009, "ha": 143}}, {"type": "Feature", "geometry": {"type": "Polygon", "coordinates": [[[-7.937366407180124, 41.157570199314335], [-7.936518436271972, 41.1582331921153], [-7.934158478192453, 41.15779922431332], [-7.935617429239452, 41.15673823545288], [-7.936497407866671, 41.15654423132929], [-7.938761370579884, 41.15715819587725], [-7.939072383807502, 41.15825616791763], [-7.938535398074264, 41.15842816873195], [-7.937366407180124, 41.157570199314335]]]}, "properties": {"ano": 2011, "ha": 5}}, {"type": "Feature", "geometry": {"type": "Polygon", "coordinates": [[[-7.99938708389943, 41.136605344181184], [-7.997950890139324, 41.135078997522264], [-7.998181114525941, 41.13420375220209], [-7.997346407370892, 41.13404793601129], [-7.997229032754365, 41.13366066869084], [-7.995396578025776, 41.13411117479704], [-7.993963035544553, 41.13402609919934], [-7.99327841376639, 41.13367984350627], [-7.993878286539419, 41.13311475191906], [-7.992697209349429, 41.13285724075124], [-7.992366999444503, 41.132553095177215], [-7.9924936026948945, 41.13228523398053], [-7.991895328522138, 41.13209392713512], [-7.99116249142105, 41.13085263352232], [-7.991251911359131, 41.13029050902055], [-7.992020999743802, 41.13015802765552], [-7.9917542681318094, 41.131129701599846], [-7.992546783648021, 41.13184535887787], [-7.992976369075289, 41.13134081677119], [-7.994978935041364, 41.13201978008811], [-7.99573574579547, 41.13173478820769], [-7.994522907492486, 41.13039448358604], [-7.9943729748713634, 41.12976536722114], [-7.995040683472919, 41.12837248442328], [-7.997103865955228, 41.12864886596129], [-7.998488976154971, 41.129257962296066], [-7.998808818879679, 41.1308044707231], [-7.999450379045318, 41.13141270230267], [-7.998919618647577, 41.132112504471266], [-7.999051297530319, 41.13244141924054], [-8.000213739556315, 41.13257138886599], [-8.001518966335684, 41.132201215089076], [-8.001001497530375, 41.133648860223104], [-8.002574195018985, 41.13508360136518], [-8.002107517058036, 41.13578031360962], [-8.000623903945499, 41.135815811527465], [-7.99938708389943, 41.136605344181184]]]}, "properties": {"ano": 2011, "ha": 35}}, {"type": "Feature", "geometry": {"type": "Polygon", "coordinates": [[[-8.073774349400763, 41.14262363044508], [-8.072082105627386, 41.14252986500004], [-8.070315250290408, 41.1413425372766], [-8.069322198657275, 41.14172795056193], [-8.068896201454555, 41.1423137795852], [-8.06772002873584, 41.14139831737345], [-8.067097489821105, 41.13993282883473], [-8.065567261526041, 41.138624059317536], [-8.065615518393358, 41.137637794029835], [-8.064519342905735, 41.13720119672409], [-8.064576621498663, 41.13665376566071], [-8.065465428269068, 41.13647559823994], [-8.066543920126536, 41.13566859015655], [-8.06726220637377, 41.135840519182985], [-8.067535748425433, 41.13646246383434], [-8.069237954415435, 41.136845041917475], [-8.069483213485688, 41.13740978989189], [-8.068641324115648, 41.1379525125302], [-8.068792146540174, 41.13841000598166], [-8.069170437637672, 41.138260121012905], [-8.069085069880469, 41.1385602520855], [-8.070304291767144, 41.1388968123138], [-8.070191179399066, 41.1385393994736], [-8.070853727034805, 41.137689248865826], [-8.06979527514347, 41.13730989750458], [-8.071015056350547, 41.1370175098725], [-8.070883332585456, 41.13633847125006], [-8.071290244731921, 41.135886989808455], [-8.0719046422252, 41.135965923764076], [-8.072159638154377, 41.13623764222041], [-8.07168651887618, 41.13673054597779], [-8.071837282250039, 41.137273799910645], [-8.072489399341668, 41.13747425102342], [-8.073255654108902, 41.13689572599717], [-8.074072641152112, 41.13774663213414], [-8.074051659773827, 41.14011944203509], [-8.074911449774554, 41.14072736335851], [-8.074408578828278, 41.14171626918552], [-8.074521385601155, 41.142459616546155], [-8.07386854908578, 41.14301676469848], [-8.073774349400763, 41.14262363044508]]]}, "properties": {"ano": 2011, "ha": 38}}, {"type": "Feature", "geometry": {"type": "Polygon", "coordinates": [[[-7.938745314293098, 41.12391691830788], [-7.937721336705701, 41.12401992671612], [-7.937447337098001, 41.12374193512402], [-7.937629325081997, 41.123287942396125], [-7.939051300269179, 41.12350892452418], [-7.939292308173701, 41.124229906504645], [-7.938745314293098, 41.12391691830788]]]}, "properties": {"ano": 2011, "ha": 1}}, {"type": "Feature", "geometry": {"type": "Polygon", "coordinates": [[[-7.928891791630391, 41.1387636899537], [-7.930092770336321, 41.138973675005346], [-7.929492802740388, 41.14007265599686], [-7.929470826077764, 41.14128562970282], [-7.927367898866649, 41.14288361383224], [-7.927711845878268, 41.14041166457188], [-7.928140825452117, 41.13978267472184], [-7.927925822654801, 41.13940868463704], [-7.928891791630391, 41.1387636899537]]]}, "properties": {"ano": 2011, "ha": 5}}, {"type": "Feature", "geometry": {"type": "Polygon", "coordinates": [[[-7.954810260648341, 41.17522884399659], [-7.955525694105538, 41.17651925032645], [-7.95560692652783, 41.177989553022805], [-7.954661963544359, 41.178996539559115], [-7.954138393001918, 41.178841313412086], [-7.952668318969634, 41.17683115213874], [-7.954810260648341, 41.17522884399659]]]}, "properties": {"ano": 2011, "ha": 6}}, {"type": "Feature", "geometry": {"type": "Polygon", "coordinates": [[[-7.97604884001563, 41.14093414141326], [-7.97517983721791, 41.13970217910757], [-7.972701870635729, 41.13861423507217], [-7.9717098657763525, 41.13714227910287], [-7.971097875183601, 41.1368982918258], [-7.97176285359349, 41.13651629245999], [-7.973114832139163, 41.13689026666256], [-7.97318484534096, 41.1377642469285], [-7.977829773179006, 41.13927115377962], [-7.979272760266097, 41.14029711384298], [-7.978377786735603, 41.14066711757296], [-7.9775248001880055, 41.14040413395083], [-7.97604884001563, 41.14093414141326]]]}, "properties": {"ano": 2011, "ha": 10}}, {"type": "Feature", "geometry": {"type": "Polygon", "coordinates": [[[-7.94011252507378, 41.167537943333144], [-7.93855255090949, 41.167193965242596], [-7.938682540658125, 41.16674797512532], [-7.938322542587275, 41.166365987813556], [-7.934472635761916, 41.16719400167759], [-7.933202630382493, 41.16527505918902], [-7.9348025922078955, 41.164985051352495], [-7.9340226033485814, 41.16468406564575], [-7.933252623261601, 41.164936066596425], [-7.936012540271048, 41.1634980752174], [-7.936802527440476, 41.163715062762805], [-7.9386125208115965, 41.165497005180285], [-7.939492494559414, 41.16499700912967], [-7.940272485354528, 41.16543599208387], [-7.940592479826161, 41.16547798797256], [-7.940822467264488, 41.165065995406664], [-7.943892391428975, 41.16441698288449], [-7.9432923865351395, 41.16339501154573], [-7.942222394240311, 41.16255604009452], [-7.941102425192846, 41.16302503986951], [-7.940872444778511, 41.163814023719496], [-7.941362439327404, 41.164135012489375], [-7.941402451352677, 41.16485599515165], [-7.9407124691601645, 41.165034996972466], [-7.940452481442913, 41.16539699100845], [-7.939822488526875, 41.165077004400175], [-7.940032475238468, 41.16455401445722], [-7.939672470551171, 41.16384503384846], [-7.940052446213302, 41.16292605203746], [-7.939692405417097, 41.160248116731], [-7.940022394763801, 41.16002611815107], [-7.940452335665036, 41.15715818025349], [-7.94092231472734, 41.15656618969636], [-7.9417522987962945, 41.1566271804908], [-7.942512296996683, 41.15741715511456], [-7.943432281726442, 41.15764614147455], [-7.944322286050697, 41.15898510260147], [-7.94541225961465, 41.158737097821856], [-7.94518227805678, 41.15949608290404], [-7.945482282777455, 41.16015606526258], [-7.94690227108716, 41.161136029672335], [-7.947002282225867, 41.16192601105457], [-7.945042418436267, 41.16734690526165], [-7.944472431642901, 41.16743490754249], [-7.944022431415678, 41.16681692663826], [-7.942982449464624, 41.166613940088865], [-7.942092473906685, 41.166957940013816], [-7.94072252714279, 41.16846391654189], [-7.939942545644294, 41.16854492093501], [-7.94011252507378, 41.167537943333144]]]}, "properties": {"ano": 2011, "ha": 64}}, {"type": "Feature", "geometry": {"type": "Polygon", "coordinates": [[[-7.947108986162818, 41.1713477788506], [-7.947722992258539, 41.17245474814495], [-7.949012977043715, 41.173087722852294], [-7.949152986653946, 41.17379670564656], [-7.947523049289193, 41.17549467966107], [-7.9465262474830745, 41.17427343653396], [-7.945037497970622, 41.173683032599385], [-7.945607030091099, 41.17207677413422], [-7.947108986162818, 41.1713477788506]]]}, "properties": {"ano": 2011, "ha": 8}}, {"type": "Feature", "geometry": {"type": "MultiPolygon", "coordinates": [[[[-7.960602221344503, 41.14394725619557], [-7.9612402190953375, 41.14458123474233], [-7.9608062258914405, 41.144455242425266], [-7.960318248018896, 41.14507723443398], [-7.959422256541137, 41.14454325583835], [-7.959765235808604, 41.14376426928081], [-7.960602221344503, 41.14394725619557]]], [[[-7.960275224407987, 41.14375726385737], [-7.960334223867086, 41.14378026226799], [-7.960293273838505, 41.14376775045269], [-7.960275224407987, 41.14375726385737]]]]}, "properties": {"ano": 2011, "ha": 1}}, {"type": "Feature", "geometry": {"type": "Polygon", "coordinates": [[[-7.954683586436718, 41.15753902006755], [-7.9577084908944835, 41.155681029635495], [-7.957859474366004, 41.154938044570095], [-7.95833147515775, 41.155598025070155], [-7.958803467519351, 41.15571201722747], [-7.958803473304106, 41.15601701019053], [-7.958159490850017, 41.156261011733484], [-7.958824490544061, 41.15701998818732], [-7.959704476370313, 41.15724497434593], [-7.9593614864226705, 41.157408973897475], [-7.9588675219990295, 41.15886294694816], [-7.957708561317424, 41.159701940516555], [-7.958266578010795, 41.16133489909937], [-7.955842634414415, 41.16159391862971], [-7.95530563338928, 41.16091493891254], [-7.955069610502234, 41.15934697591705], [-7.954661608089055, 41.1586839949444], [-7.954683586436718, 41.15753902006755]]]}, "properties": {"ano": 2011, "ha": 17}}, {"type": "Feature", "geometry": {"type": "Polygon", "coordinates": [[[-7.933144960556591, 41.21352420208243], [-7.929380487947283, 41.21257724759633], [-7.927169412494393, 41.212968226055644], [-7.925266560976633, 41.2118947911374], [-7.925353105097422, 41.21119433021554], [-7.927163211009548, 41.20954156229065], [-7.928665794361448, 41.20912130849851], [-7.929544780994256, 41.20852414889975], [-7.931356958151298, 41.2061324849498], [-7.9324531457785, 41.20619808124883], [-7.933214507066364, 41.205428717750145], [-7.934463560573657, 41.20513787975219], [-7.935038910476644, 41.20451467862477], [-7.937704833109393, 41.20420074143608], [-7.940518606748103, 41.20523726961118], [-7.940421441119847, 41.205874825256195], [-7.9376393, 41.2083316], [-7.9375879, 41.209711], [-7.9364566760981745, 41.2098800014091], [-7.9358366, 41.2105564], [-7.934446357428504, 41.210870175389424], [-7.933144960556591, 41.21352420208243]]]}, "properties": {"ano": 2011, "ha": 83}}, {"type": "Feature", "geometry": {"type": "Polygon", "coordinates": [[[-7.953020020184277, 41.123878778163224], [-7.955197961033233, 41.12307777144821], [-7.956592943561606, 41.123733741051296], [-7.9565709543607275, 41.124328728562915], [-7.95559496751105, 41.123894749452006], [-7.953599018551117, 41.12446675924177], [-7.953020020184277, 41.123878778163224]]]}, "properties": {"ano": 2011, "ha": 2}}, {"type": "Feature", "geometry": {"type": "Polygon", "coordinates": [[[-8.071594451833455, 41.152948944901226], [-8.070892709751295, 41.15341909268492], [-8.07017602704256, 41.153001807092856], [-8.070609994237484, 41.15238024391495], [-8.070287216903084, 41.15206441381827], [-8.068955447724317, 41.15215899767269], [-8.06756920632371, 41.151544788264296], [-8.066529004362074, 41.151627593174645], [-8.066264979216184, 41.15088891846729], [-8.065688127218815, 41.150952916018035], [-8.064922792170778, 41.15039501041901], [-8.064589952923283, 41.149163146951054], [-8.065138484537247, 41.14903958035887], [-8.066267814708686, 41.14803010663651], [-8.067389134939397, 41.14792745690167], [-8.067660556119028, 41.14835345034656], [-8.068668971541333, 41.14849574995651], [-8.06901893120735, 41.14920111320468], [-8.07008275418686, 41.149091497993794], [-8.072026263713076, 41.14946594214454], [-8.071955004679626, 41.1498470804205], [-8.073403352582185, 41.15152093406188], [-8.073478550759184, 41.15202841131609], [-8.074419116367686, 41.1523469197443], [-8.074612635200426, 41.152722234062075], [-8.072791436565078, 41.15379409646121], [-8.071594451833455, 41.152948944901226]]]}, "properties": {"ano": 2011, "ha": 26}}, {"type": "Feature", "geometry": {"type": "Polygon", "coordinates": [[[-7.984824605228151, 41.18350343090647], [-7.980731867246852, 41.180358250921586], [-7.979187744835523, 41.17993931439636], [-7.9787006720650195, 41.17921682604824], [-7.976906815566333, 41.17796609800229], [-7.9767579974955884, 41.176889088906535], [-7.976280438452027, 41.1761642203223], [-7.974780751029733, 41.17567619813683], [-7.975414267779474, 41.1744477780419], [-7.974737835382743, 41.17251241285291], [-7.977223405614717, 41.172039299103176], [-7.978325856430243, 41.17248864568287], [-7.980105470489495, 41.17188111927243], [-7.9809878711503695, 41.172053801318945], [-7.982767147553354, 41.1715796437163], [-7.982752013002668, 41.17199891389221], [-7.9838115738205655, 41.17190736442892], [-7.9854848880490765, 41.17228828427293], [-7.986753134643646, 41.17192538635987], [-7.988220307393793, 41.17214341439154], [-7.991134121133526, 41.169652698000164], [-7.9926676993832615, 41.16901132412126], [-7.9939713617859, 41.16975617081278], [-7.994378181957725, 41.169699478389475], [-7.994279696127306, 41.168874360729376], [-7.995993187415785, 41.16733978077023], [-7.99855476142615, 41.16652323635132], [-7.999114210325096, 41.16658939261395], [-7.999633396978691, 41.167084320968954], [-8.000008037274947, 41.168134165160616], [-8.000708934968259, 41.16842084004252], [-8.005109040914784, 41.169364377735526], [-8.006857352360008, 41.17012862419273], [-8.008511261344866, 41.17000115576514], [-8.007640070710503, 41.170550543418344], [-8.006023872765619, 41.17092758970643], [-8.005248848874073, 41.17063371824877], [-8.002282608455834, 41.170635201995985], [-8.000437551533825, 41.170978560249324], [-7.998924646458007, 41.170762423689624], [-7.997923083596236, 41.17142474813174], [-7.998451580710851, 41.172006646566395], [-7.998374931067219, 41.17249255388569], [-7.996707627918948, 41.173758017433016], [-7.997009803317574, 41.17400613254128], [-7.9969197686341085, 41.174863665193534], [-7.995973151130024, 41.17521514278262], [-7.996312226874974, 41.1759207087103], [-7.994340237122099, 41.178081535228515], [-7.995997834814215, 41.17854328263415], [-7.996015298075204, 41.17925085368494], [-7.997583534277448, 41.180260408114215], [-7.997118769690799, 41.18086736034425], [-7.997524595459389, 41.18133238573031], [-7.99624308324754, 41.18348927759292], [-7.99599832477774, 41.182902937780646], [-7.99561010707663, 41.183074008659425], [-7.9955064894684735, 41.182859477941655], [-7.995934414191059, 41.1817807886496], [-7.993634488323661, 41.182335527042405], [-7.993734765871986, 41.18188252899399], [-7.992605336415256, 41.18139232243992], [-7.988781566999667, 41.18375854128473], [-7.9855634862257325, 41.18448112054979], [-7.984824605228151, 41.18350343090647]]]}, "properties": {"ano": 2011, "ha": 236}}, {"type": "Feature", "geometry": {"type": "Polygon", "coordinates": [[[-7.893638278100697, 41.18482575752293], [-7.895569221293553, 41.18350978880723], [-7.896288226513762, 41.18483274769776], [-7.893885284048412, 41.1855847338677], [-7.893638278100697, 41.18482575752293]]]}, "properties": {"ano": 2011, "ha": 2}}, {"type": "Feature", "geometry": {"type": "Polygon", "coordinates": [[[-7.954532997687073, 41.124363751181036], [-7.95460800252461, 41.124687743423856], [-7.9554389901899185, 41.12500772728954], [-7.955343001803935, 41.125519717180765], [-7.953760016272757, 41.12452375593372], [-7.954532997687073, 41.124363751181036]]]}, "properties": {"ano": 2011, "ha": 1}}, {"type": "Feature", "geometry": {"type": "Polygon", "coordinates": [[[-7.927957612170278, 41.158016273641806], [-7.924582679834267, 41.157905304354706], [-7.922992750268374, 41.159977267961786], [-7.92153279733214, 41.16094625690589], [-7.920982810684514, 41.16103725929106], [-7.920082818517309, 41.160457280667714], [-7.919132853812131, 41.161316267933834], [-7.917482893586654, 41.16163627344714], [-7.916682908383763, 41.16149528367706], [-7.917032880903848, 41.16039630754751], [-7.916562872916383, 41.15935533660376], [-7.915832881860151, 41.15897735207437], [-7.916402858630415, 41.15832936228165], [-7.917314845058473, 41.1586453470194], [-7.919842782043901, 41.15808534005061], [-7.92168072187797, 41.15686035331493], [-7.920932720038655, 41.15583838434075], [-7.9219626879385, 41.155254389560284], [-7.922562684627757, 41.15577737197459], [-7.92347265947104, 41.15542237250087], [-7.923021660796132, 41.15495338769233], [-7.92460261732209, 41.154365387950506], [-7.922652662479357, 41.1546063991704], [-7.921212678289028, 41.15380543046247], [-7.921152662683692, 41.15288545347798], [-7.921852645719651, 41.15275645034388], [-7.922402625603009, 41.15224445784257], [-7.924302584940122, 41.15218744223441], [-7.925872541263989, 41.1515844431011], [-7.927332527855155, 41.15252740862696], [-7.928232491254671, 41.15150442488809], [-7.929992471434946, 41.15244738745153], [-7.931057440813158, 41.1520193881066], [-7.930456444160582, 41.15144740630598], [-7.931540394484438, 41.14992943249805], [-7.932822363229655, 41.149666426158895], [-7.933364355334632, 41.149879416205565], [-7.933772399180373, 41.15283634296861], [-7.933552417496205, 41.153606327116556], [-7.932482440067654, 41.15360633784853], [-7.931472476804191, 41.15451432630679], [-7.931282495670144, 41.15535730741074], [-7.932055502691779, 41.15668927029747], [-7.931207524849911, 41.15694827129034], [-7.93087251678013, 41.156048295238215], [-7.9284925825733135, 41.15696729362711], [-7.927914603031112, 41.15747428639281], [-7.927957612170278, 41.158016273641806]]]}, "properties": {"ano": 2011, "ha": 77}}, {"type": "Feature", "geometry": {"type": "Polygon", "coordinates": [[[-8.044371915349497, 41.09980212772251], [-8.042956260451522, 41.09863179449937], [-8.043712965680688, 41.097984365855055], [-8.042787964595563, 41.09731946133407], [-8.043393965279265, 41.09631932965888], [-8.045428538771445, 41.09570787148909], [-8.046793704073508, 41.09645217104855], [-8.047658461018656, 41.096224090918845], [-8.048512183233798, 41.096500342717114], [-8.048454738734527, 41.097100657305496], [-8.047925054389177, 41.09757913247957], [-8.0458590873961, 41.097361787888886], [-8.04547550591561, 41.09808336083742], [-8.044270227635634, 41.098585617206815], [-8.043933872511138, 41.09929935855556], [-8.044586812496512, 41.09852796296039], [-8.045766514420574, 41.09831585597423], [-8.044907412400596, 41.099726292569606], [-8.04466653182425, 41.10088394051194], [-8.04426985930342, 41.100764525035366], [-8.044371915349497, 41.09980212772251]]]}, "properties": {"ano": 2011, "ha": 11}}, {"type": "Feature", "geometry": {"type": "Polygon", "coordinates": [[[-7.97843875610206, 41.13902315137298], [-7.980492706222524, 41.13862213372682], [-7.980567699145918, 41.13833213873455], [-7.980154707918438, 41.13834014443029], [-7.980771688798296, 41.137981143737896], [-7.981109685785824, 41.13821813437884], [-7.9799087378662374, 41.139736117577], [-7.97843875610206, 41.13902315137298]]]}, "properties": {"ano": 2011, "ha": 2}}, {"type": "Feature", "geometry": {"type": "Polygon", "coordinates": [[[-7.945607030091099, 41.17207677413422], [-7.9435134911715615, 41.16980301088773], [-7.941055077985265, 41.16996486232172], [-7.941524232185231, 41.16853624591353], [-7.942129851995665, 41.168977972063004], [-7.943741020127432, 41.169265856204596], [-7.943440020393537, 41.16891086634364], [-7.943590007658503, 41.168311879049476], [-7.942625024329774, 41.16813589162044], [-7.942002046550821, 41.16870088398671], [-7.941595050711152, 41.16841089416201], [-7.942346026122413, 41.16792689959206], [-7.945177960939164, 41.16755288347059], [-7.9475191564033665, 41.1701909702972], [-7.947108986162818, 41.1713477788506], [-7.945607030091099, 41.17207677413422]]]}, "properties": {"ano": 2011, "ha": 13}}, {"type": "Feature", "geometry": {"type": "Polygon", "coordinates": [[[-7.929780489038499, 41.218182213498885], [-7.927921844764648, 41.218848703016], [-7.925785439427772, 41.22098896115538], [-7.924632444041548, 41.22141570215452], [-7.923598456139323, 41.22162109333416], [-7.921438999267409, 41.22103349939944], [-7.919135672081525, 41.22104117237534], [-7.918711590995121, 41.22046387099205], [-7.919648132997109, 41.21867888100902], [-7.918348048746103, 41.215822483075634], [-7.918508347475515, 41.2150366218849], [-7.9181015798396395, 41.21399956740835], [-7.91879881330425, 41.21302411830852], [-7.918234780677403, 41.2118438342919], [-7.918222104491289, 41.21089089050423], [-7.91850359219767, 41.21164183794302], [-7.9198416662799715, 41.2124781169058], [-7.920721827820596, 41.21346838974375], [-7.9230891202461216, 41.213103455368476], [-7.9246024900184135, 41.21340398006021], [-7.924778856413623, 41.21249902374349], [-7.925266560976633, 41.2118947911374], [-7.927169412494393, 41.212968226055644], [-7.929380487947283, 41.21257724759633], [-7.933144960556591, 41.21352420208243], [-7.931717740033085, 41.2156392686637], [-7.931573227895522, 41.21647282207045], [-7.9306105, 41.2170235], [-7.929780489038499, 41.218182213498885]]]}, "properties": {"ano": 2011, "ha": 88}}, {"type": "Feature", "geometry": {"type": "Polygon", "coordinates": [[[-7.95865354669205, 41.1600189241636], [-7.960265478352219, 41.158026951335884], [-7.960719491411372, 41.159331918156205], [-7.961421482586529, 41.159671903180445], [-7.9615774948549385, 41.16052188249018], [-7.960354525552683, 41.16080488943057], [-7.959388542065484, 41.1605829041092], [-7.95865354669205, 41.1600189241636]]]}, "properties": {"ano": 2011, "ha": 4}}, {"type": "Feature", "geometry": {"type": "Polygon", "coordinates": [[[-7.924665233765126, 41.158588270286465], [-7.924257262181055, 41.15974424633435], [-7.924128248254164, 41.15879027042665], [-7.924643224563963, 41.15803928386144], [-7.927669159801925, 41.15795126027405], [-7.927991163015287, 41.158539243841034], [-7.927883182118405, 41.159492222620415], [-7.926564219678285, 41.16003422027895], [-7.926381231976497, 41.160560209533806], [-7.925856244310489, 41.160599213159195], [-7.925512246927976, 41.16033922174989], [-7.926059212448552, 41.15903124886057], [-7.924665233765126, 41.158588270286465]]]}, "properties": {"ano": 2011, "ha": 6}}, {"type": "Feature", "geometry": {"type": "Polygon", "coordinates": [[[-8.041471909300979, 41.131565978379314], [-8.040872272197916, 41.13112239283198], [-8.040916074838814, 41.13020331606975], [-8.038502777122083, 41.12890993054513], [-8.040190230097988, 41.12876118561737], [-8.042015578519623, 41.12903419814693], [-8.042524787680872, 41.12993511932186], [-8.042935750714618, 41.13009981670057], [-8.042263596157596, 41.13143556214649], [-8.041471909300979, 41.131565978379314]]]}, "properties": {"ano": 2011, "ha": 6}}, {"type": "Feature", "geometry": {"type": "Polygon", "coordinates": [[[-8.014659292456214, 41.13192658963507], [-8.014398897304911, 41.13207761578045], [-8.014009785356052, 41.13147357812076], [-8.01301506527036, 41.13105273656229], [-8.01415796464354, 41.13055976018337], [-8.01532113384269, 41.13074941438888], [-8.015838170179627, 41.13004391629886], [-8.017376251839654, 41.13027405723297], [-8.019564574285628, 41.12989292793846], [-8.02016800787012, 41.13065331753089], [-8.01950924967507, 41.13104939593992], [-8.019339468722178, 41.131526633244896], [-8.021668877102703, 41.13188456334799], [-8.022405819557045, 41.13260472390824], [-8.022644548363864, 41.133445444102094], [-8.021025424927506, 41.13375657413582], [-8.019280638072372, 41.134736594007364], [-8.01667396109835, 41.135228247945015], [-8.016337234584896, 41.13643025476523], [-8.015987154474224, 41.13636560782735], [-8.015192124155204, 41.13613409636832], [-8.014457893940554, 41.13547335810615], [-8.014124170729557, 41.13465605895928], [-8.015032040153747, 41.133302939414776], [-8.014659292456214, 41.13192658963507]]]}, "properties": {"ano": 2011, "ha": 31}}, {"type": "Feature", "geometry": {"type": "Polygon", "coordinates": [[[-7.960943743077707, 41.15380074648188], [-7.958753746091044, 41.154601730787036], [-7.958363757689028, 41.1535527336619], [-7.9592537541565, 41.15344173887259], [-7.960273758255146, 41.15252974868733], [-7.96156375298393, 41.15248075533891], [-7.960943743077707, 41.15380074648188]]]}, "properties": {"ano": 2012, "ha": 3}}, {"type": "Feature", "geometry": {"type": "Polygon", "coordinates": [[[-7.931713970110484, 41.14452263054652], [-7.931893971917246, 41.144141632985075], [-7.932466970665204, 41.144053636507145], [-7.932333975454144, 41.1435806385232], [-7.933003976854388, 41.1430926445811], [-7.933448968311684, 41.14375564375452], [-7.933813967032793, 41.143721645758795], [-7.933803961022058, 41.144362642863335], [-7.933483960012245, 41.14461063998333], [-7.933913955941796, 41.14485064117572], [-7.934203946313084, 41.14577063833028], [-7.932773948569739, 41.14618262833551], [-7.933593953803001, 41.145262637529605], [-7.933563957353227, 41.14493063833343], [-7.931713970110484, 41.14452263054652]]]}, "properties": {"ano": 2012, "ha": 3}}, {"type": "Feature", "geometry": {"type": "Polygon", "coordinates": [[[-7.91365488775799, 41.208032605411056], [-7.911664135415296, 41.20865835189858], [-7.9140816832542376, 41.20956101535634], [-7.91453413454797, 41.20941775938441], [-7.9149336510391315, 41.21009357189698], [-7.916918075391525, 41.209869756781536], [-7.9173281845589685, 41.210386297517346], [-7.917780634519336, 41.21024302880759], [-7.918070621528575, 41.210637984091974], [-7.918395269032676, 41.21244081762438], [-7.917819745331725, 41.213698277708005], [-7.917889469275471, 41.2142197988513], [-7.918340790285586, 41.21454426195738], [-7.91757594602735, 41.21544178803303], [-7.916367665971897, 41.21383714642083], [-7.914835702636795, 41.213382537324364], [-7.91331029526813, 41.21197306630136], [-7.912166680252347, 41.211546129104946], [-7.912061518658125, 41.210707796641245], [-7.910610280204999, 41.20992566020611], [-7.910987751583006, 41.209681773623416], [-7.910770679825715, 41.20927177081976], [-7.909193346230283, 41.20792619529393], [-7.91010719123562, 41.20722256702714], [-7.911561731724088, 41.20700350839687], [-7.912087748811736, 41.20625929870983], [-7.912484874469361, 41.2068858133168], [-7.9124800011999685, 41.20759120009341], [-7.91365488775799, 41.208032605411056]]]}, "properties": {"ano": 2012, "ha": 28}}, {"type": "Feature", "geometry": {"type": "Polygon", "coordinates": [[[-7.94894382797524, 41.15089369498821], [-7.947853841634262, 41.149981693074054], [-7.949213842107307, 41.1492117039094], [-7.94922483507883, 41.14998170077999], [-7.949963818278182, 41.15131269818906], [-7.949763814540471, 41.15186269424737], [-7.948793819757357, 41.151812689154156], [-7.94894382797524, 41.15089369498821]]]}, "properties": {"ano": 2012, "ha": 3}}, {"type": "Feature", "geometry": {"type": "Polygon", "coordinates": [[[-7.940659849501016, 41.20540714326849], [-7.938358249597538, 41.20448448719001], [-7.937374164303455, 41.2044494650856], [-7.937488461399118, 41.2042018949371], [-7.936824780361159, 41.20398635509376], [-7.934804314162328, 41.20452606875147], [-7.934544743516631, 41.20482579720412], [-7.934710945019574, 41.205569377467995], [-7.933954228969301, 41.20544895339403], [-7.933325074002088, 41.20632742766369], [-7.93128798057453, 41.206085640750516], [-7.9301460117389055, 41.2071156675746], [-7.929992839122747, 41.207682396685456], [-7.928057631682828, 41.207131026619344], [-7.9278781188880725, 41.20665318611877], [-7.927835746088079, 41.20585655018924], [-7.928521533497795, 41.2051713182554], [-7.9281173816023, 41.20456296013938], [-7.928991546878248, 41.20398836227437], [-7.928867295693702, 41.20336873108293], [-7.929693855335339, 41.203177321676144], [-7.931652523963168, 41.20098233040806], [-7.932130938095459, 41.20132146012205], [-7.93347379549047, 41.20134235900818], [-7.933864364254906, 41.201861625241264], [-7.933561088157636, 41.20263641278691], [-7.932844420624224, 41.20304884031698], [-7.9328407598689274, 41.20362860253827], [-7.93469554520257, 41.20335358703411], [-7.9355563830711935, 41.20282809055679], [-7.936426644034937, 41.202943933032316], [-7.937313047295431, 41.20187814979815], [-7.938132540656126, 41.20145405212343], [-7.937925035691221, 41.20122499558146], [-7.9387760261925155, 41.200385464174666], [-7.938108571259848, 41.199544259476596], [-7.938638628119455, 41.19896147884092], [-7.942287308062693, 41.198231196411236], [-7.942567328146838, 41.197819990688906], [-7.944027929191015, 41.197416536043505], [-7.9435716, 41.1987795], [-7.9423881, 41.2002567], [-7.9418981, 41.2027258], [-7.940659849501016, 41.20540714326849]]]}, "properties": {"ano": 2012, "ha": 182}}, {"type": "Feature", "geometry": {"type": "Polygon", "coordinates": [[[-8.053231465463536, 41.10164922251908], [-8.052968649133787, 41.10265980038565], [-8.053309214941796, 41.10354128202273], [-8.052709535143428, 41.10396625259525], [-8.0506804730469, 41.104203361715626], [-8.049394074687958, 41.10317542378438], [-8.048902969924733, 41.10361900531674], [-8.047430879811174, 41.1039691007652], [-8.046993364012446, 41.1036043519168], [-8.046898641623741, 41.10234535670555], [-8.046229328994004, 41.10232597158499], [-8.044973510748502, 41.10162646959157], [-8.045649385571522, 41.100585295507095], [-8.047448044265495, 41.10057600796564], [-8.05012693269727, 41.101088168377004], [-8.051845353336937, 41.10063098877671], [-8.053231465463536, 41.10164922251908]]]}, "properties": {"ano": 2012, "ha": 19}}, {"type": "Feature", "geometry": {"type": "Polygon", "coordinates": [[[-7.931329943020392, 41.14745661473199], [-7.93168894107255, 41.14759761614906], [-7.93115793831568, 41.14813161063812], [-7.931162942623918, 41.14766961283915], [-7.929483943465, 41.148429600559595], [-7.928056948376575, 41.1486385915256], [-7.926978959259165, 41.148017588414476], [-7.9291839526101535, 41.1475476025442], [-7.929794955494445, 41.146937609039576], [-7.929982964510747, 41.14589961469828], [-7.930749963305122, 41.14569762004352], [-7.932058955232449, 41.145869626068276], [-7.931329943020392, 41.14745661473199]]]}, "properties": {"ano": 2012, "ha": 6}}, {"type": "Feature", "geometry": {"type": "Polygon", "coordinates": [[[-7.965173477387632, 41.179671649309036], [-7.965363465865713, 41.180712646016296], [-7.966123465154127, 41.18050265065087], [-7.965733455525324, 41.18171964330732], [-7.96608344832071, 41.18231164232392], [-7.965493442393812, 41.18311963553854], [-7.964763441772374, 41.183642629030814], [-7.961383452199976, 41.18426060813304], [-7.959963449135995, 41.18528259535699], [-7.959753456276145, 41.18453159752853], [-7.960003460619635, 41.18402060169487], [-7.959343469895984, 41.18335260130564], [-7.9590734671458305, 41.18382159721079], [-7.957023475201918, 41.18397058539666], [-7.9564434526845735, 41.186602570562336], [-7.955213466688183, 41.18571056789391], [-7.955413480867319, 41.18416157640323], [-7.95451349610197, 41.18300157676941], [-7.952883507761573, 41.18264356968181], [-7.950903508401832, 41.183470554861394], [-7.947383546363069, 41.18129254559059], [-7.948913538700197, 41.18130055374282], [-7.952153558669902, 41.17761158824921], [-7.953413548989017, 41.17796259385529], [-7.954083537472144, 41.178912593033665], [-7.955513525917536, 41.17938159858619], [-7.959503505013822, 41.179633619260954], [-7.960793503166825, 41.17917162804283], [-7.961743492626206, 41.17975163062769], [-7.962933488930417, 41.17951163812724], [-7.965173477387632, 41.179671649309036]]]}, "properties": {"ano": 2012, "ha": 71}}, {"type": "Feature", "geometry": {"type": "Polygon", "coordinates": [[[-8.099344732748257, 41.114368732418804], [-8.097498971052282, 41.114121110648], [-8.097081068643027, 41.1133258349204], [-8.094218221954975, 41.11270879388512], [-8.093329796777496, 41.11288716965051], [-8.092747863281446, 41.1125616037501], [-8.09256461105146, 41.112430031084095], [-8.092931337674969, 41.11207218185851], [-8.092504781313533, 41.11111836179708], [-8.091784383181366, 41.11060998929243], [-8.09299669549288, 41.11026925936176], [-8.093835680920597, 41.10890017295879], [-8.095074633226586, 41.109262713055834], [-8.096072557722064, 41.11031653156948], [-8.097182798202013, 41.109952377042916], [-8.097945024856775, 41.1100574376509], [-8.098530601099988, 41.11064916305055], [-8.098473587414842, 41.11124784087758], [-8.099342145014191, 41.111734701566384], [-8.099994851155696, 41.1135684383862], [-8.099344732748257, 41.114368732418804]]]}, "properties": {"ano": 2012, "ha": 22}}, {"type": "Feature", "geometry": {"type": "Polygon", "coordinates": [[[-7.893093812724245, 41.1803732563359], [-7.8945238088774214, 41.180029264846276], [-7.895720818625979, 41.17846527849908], [-7.895973814167118, 41.178832278311006], [-7.896986809562586, 41.17877428427202], [-7.897565803949156, 41.17911428618036], [-7.897993791970078, 41.18015928364707], [-7.897865787388939, 41.18069728027265], [-7.896771781469614, 41.181777269717585], [-7.8959537909228255, 41.18126926705033], [-7.895743787902022, 41.181632264058614], [-7.8937537967078075, 41.18178025336663], [-7.894013786404632, 41.18271125049129], [-7.893693775096707, 41.184031242041726], [-7.891043790430385, 41.1836992292067], [-7.890319802042197, 41.182851752612976], [-7.8905053, 41.1825378], [-7.893093812724245, 41.1803732563359]]]}, "properties": {"ano": 2012, "ha": 22}}, {"type": "Feature", "geometry": {"type": "Polygon", "coordinates": [[[-7.991253839581987, 41.12846302736385], [-7.991063834226524, 41.129142023527166], [-7.992113817971807, 41.130321023287124], [-7.99120378423017, 41.13428100006187], [-7.988703810081827, 41.13284999378395], [-7.988567825101025, 41.13135899935118], [-7.988853830499664, 41.13058100439175], [-7.988113847942757, 41.12920300751102], [-7.989293845152405, 41.1289210145378], [-7.9896138480709356, 41.12833401945713], [-7.991253839581987, 41.12846302736385]]]}, "properties": {"ano": 2012, "ha": 14}}, {"type": "Feature", "geometry": {"type": "Polygon", "coordinates": [[[-8.033201882418611, 41.106304897554395], [-8.030630514562699, 41.106176172349194], [-8.030942263435174, 41.10598400662595], [-8.030983167837872, 41.105058996736844], [-8.031409153623223, 41.10474084762548], [-8.031153068903631, 41.10402269038827], [-8.031988493010187, 41.103802646890884], [-8.032684885879197, 41.104373588338035], [-8.032843865196996, 41.10580324480884], [-8.033201882418611, 41.106304897554395]]]}, "properties": {"ano": 2012, "ha": 4}}, {"type": "Feature", "geometry": {"type": "Polygon", "coordinates": [[[-8.027808717610812, 41.14403223945894], [-8.026882737612956, 41.143674033167834], [-8.02516062152123, 41.14431984292474], [-8.022925620826651, 41.14463994329195], [-8.021669947338184, 41.144501748685926], [-8.019379419244174, 41.143201114117296], [-8.017582586534804, 41.14346734330101], [-8.014191887810423, 41.14036656394501], [-8.01514437855862, 41.1408142395489], [-8.017200802828818, 41.14073889983733], [-8.018609975104491, 41.14135972708163], [-8.019639725980063, 41.140890226716564], [-8.0198751179872, 41.14145031666075], [-8.020741171323438, 41.14179660992508], [-8.022720495472868, 41.14135659248313], [-8.024139868502276, 41.14156640227682], [-8.024991176459018, 41.141311099116294], [-8.025494702829878, 41.14174039849823], [-8.026188059542097, 41.14171722024582], [-8.028063586518098, 41.141456884032365], [-8.02839361254072, 41.140025375655256], [-8.029400203172466, 41.13919721823684], [-8.029793417901528, 41.139644267991194], [-8.031400556584597, 41.13967547752085], [-8.031429721716982, 41.14017580294525], [-8.03015908763826, 41.14158682931901], [-8.028511033016306, 41.14248469178999], [-8.028809102269571, 41.14331819860961], [-8.027808717610812, 41.14403223945894]]]}, "properties": {"ano": 2012, "ha": 36}}, {"type": "Feature", "geometry": {"type": "Polygon", "coordinates": [[[-7.949267614886663, 41.173106593897316], [-7.949329942024812, 41.17386703301885], [-7.946938070353589, 41.17466281645253], [-7.94516186452721, 41.17376394075185], [-7.944903508723735, 41.173004635249036], [-7.944311731350847, 41.17260997281775], [-7.945435822808465, 41.172360469384046], [-7.945203970852232, 41.17159731766842], [-7.947229590230954, 41.17003938044754], [-7.947884967392036, 41.170176190485215], [-7.9489036331003895, 41.171401599679626], [-7.948795622060669, 41.17257959335581], [-7.949267614886663, 41.173106593897316]]]}, "properties": {"ano": 2012, "ha": 13}}, {"type": "Feature", "geometry": {"type": "Polygon", "coordinates": [[[-7.925943726272943, 41.17308346784791], [-7.923793751184667, 41.17150046324728], [-7.922873769256828, 41.170062464476686], [-7.922323784157925, 41.16878046817133], [-7.92280379862929, 41.16695347852276], [-7.925523764553959, 41.16922248339894], [-7.925173755066832, 41.17039047593975], [-7.925873744791753, 41.17119147592353], [-7.927283730807221, 41.1718624805341], [-7.925943726272943, 41.17308346784791]]]}, "properties": {"ano": 2012, "ha": 11}}, {"type": "Feature", "geometry": {"type": "Polygon", "coordinates": [[[-7.958477901724219, 41.19440454443466], [-7.958716340594063, 41.1936824877551], [-7.958193396619384, 41.19310687109666], [-7.959244271293186, 41.19237050360026], [-7.959616920946955, 41.19144201955875], [-7.957531799106172, 41.19053779094408], [-7.958482742803261, 41.18978535440479], [-7.9626519054994525, 41.18916674544241], [-7.96433090464028, 41.187839048236775], [-7.968519282378219, 41.1869888882936], [-7.968335651842081, 41.18732005918179], [-7.968884441528318, 41.18716893352278], [-7.968316129382295, 41.187817178689464], [-7.969540650637853, 41.18792939484241], [-7.971022563466043, 41.1874481443052], [-7.971698736965378, 41.1875319482156], [-7.970542385272366, 41.1889094385329], [-7.97091587178917, 41.190704354956914], [-7.969997327915259, 41.19101183788876], [-7.969685206231706, 41.19247370946696], [-7.969298922916987, 41.19273532983925], [-7.968065944476043, 41.192314108297694], [-7.968211188480857, 41.19129011431615], [-7.967564377023046, 41.19087554726486], [-7.967405186181163, 41.19130738846869], [-7.965317291927783, 41.1914519672817], [-7.9642398463579065, 41.19054931832028], [-7.965458792915922, 41.192827095721775], [-7.964778926361541, 41.193276647315706], [-7.9650257966737215, 41.19375667648099], [-7.964476013181554, 41.19460646286776], [-7.963520243499713, 41.19436037501881], [-7.96316473139425, 41.19463949831732], [-7.965399857239569, 41.19527779036194], [-7.964107877980169, 41.196802305617325], [-7.963791370466169, 41.19690670957023], [-7.963538439269862, 41.19628296280898], [-7.962297990038724, 41.195756801712], [-7.9600745879848445, 41.1959469153493], [-7.959027212488226, 41.19533944415787], [-7.958477901724219, 41.19440454443466]]]}, "properties": {"ano": 2012, "ha": 62}}, {"type": "Feature", "geometry": {"type": "Polygon", "coordinates": [[[-7.942173982107293, 41.137972717732566], [-7.941146983506245, 41.138346710190376], [-7.940993987680891, 41.137950711224015], [-7.941333992264482, 41.13738171528761], [-7.94201398854805, 41.13738171972121], [-7.942173982107293, 41.137972717732566]]]}, "properties": {"ano": 2012, "ha": 1}}, {"type": "Feature", "geometry": {"type": "MultiPolygon", "coordinates": [[[[-7.9231007051393325, 41.22215809616368], [-7.9229932, 41.2222966], [-7.922913656239695, 41.222379390185594], [-7.9231007051393325, 41.22215809616368]]], [[[-7.921338378649047, 41.224243071363865], [-7.921420952386108, 41.224145379934434], [-7.921387906372978, 41.22473955588662], [-7.921338378649047, 41.224243071363865]]], [[[-7.92163169351094, 41.2271833698001], [-7.921497511764521, 41.22583828153345], [-7.921572028627365, 41.22835757609601], [-7.92163169351094, 41.2271833698001]]]]}, "properties": {"ano": 2012, "ha": 53}}, {"type": "Feature", "geometry": {"type": "Polygon", "coordinates": [[[-8.00397790993651, 41.13735800409725], [-8.00243801833579, 41.138376274507046], [-8.002199768243504, 41.13777866725566], [-7.999412640269949, 41.136673122185975], [-7.9979707345710285, 41.13507956466951], [-7.9990107153649195, 41.13360439961164], [-7.9998393329851325, 41.133409864322935], [-8.000222478653336, 41.13374121676558], [-8.0009669262368, 41.13369681594928], [-8.001349033655472, 41.13417693270553], [-8.00224738423744, 41.13390643460896], [-8.002762101917293, 41.13467948139915], [-8.002975388578431, 41.13579294175309], [-8.004041859335159, 41.13679467744264], [-8.00397790993651, 41.13735800409725]]]}, "properties": {"ano": 2012, "ha": 15}}, {"type": "Feature", "geometry": {"type": "Polygon", "coordinates": [[[-7.9327339493293545, 41.146182628100554], [-7.932133951739894, 41.146151625249615], [-7.9317479682923695, 41.14465663045288], [-7.933550956864358, 41.14493063832408], [-7.9327339493293545, 41.146182628100554]]]}, "properties": {"ano": 2012, "ha": 2}}, {"type": "Feature", "geometry": {"type": "Polygon", "coordinates": [[[-8.012377612706967, 41.14413187440156], [-8.012318346889925, 41.14620110930423], [-8.009395312132193, 41.147501118999855], [-8.00893362617891, 41.14710913606302], [-8.0071952353806, 41.14694786662588], [-8.007122287072216, 41.146402500036395], [-8.006549455494827, 41.14610825833377], [-8.006956885122678, 41.145843051001805], [-8.006865283648416, 41.14538155325639], [-8.005977839442549, 41.14518483773449], [-8.007385879706929, 41.143961575791174], [-8.006887371040802, 41.143499636710246], [-8.007831553901223, 41.143025283241805], [-8.007019293505225, 41.14221345994975], [-8.007260239325293, 41.14194806991292], [-8.01080726005045, 41.14290612536481], [-8.012766585894495, 41.14382468094144], [-8.012377612706967, 41.14413187440156]]]}, "properties": {"ano": 2012, "ha": 22}}, {"type": "Feature", "geometry": {"type": "Polygon", "coordinates": [[[-8.044046315219504, 41.12182618300152], [-8.04311071433375, 41.121764723669], [-8.0428843549217, 41.12141434489709], [-8.042557811780501, 41.121764300337055], [-8.042189505758401, 41.12154603160223], [-8.042067741124141, 41.12073474756327], [-8.043111832702186, 41.120932092602864], [-8.043282432759451, 41.120574869033625], [-8.0437927764975, 41.120589550456934], [-8.043607549345706, 41.121286248084125], [-8.044046315219504, 41.12182618300152]]]}, "properties": {"ano": 2013, "ha": 2}}, {"type": "Feature", "geometry": {"type": "Polygon", "coordinates": [[[-7.96362840141818, 41.18840463786142], [-7.962369157925996, 41.18754516182188], [-7.960443963243887, 41.18509091558624], [-7.961445559778609, 41.18433839647843], [-7.9650327861397665, 41.18363966107726], [-7.96615568253122, 41.18227144540592], [-7.965826141913193, 41.18165156914189], [-7.966144584877041, 41.18041322127281], [-7.965198371291247, 41.18050715135389], [-7.9650964719321955, 41.179552941625666], [-7.961520101336497, 41.17979786403186], [-7.961480690933625, 41.17880385571846], [-7.962528713885056, 41.17834799250872], [-7.962744764031103, 41.17770984703987], [-7.964121312990347, 41.17700668822611], [-7.963781902362806, 41.17656594260872], [-7.963822747853157, 41.1753843701973], [-7.9650092861564765, 41.17498586077137], [-7.966615414442548, 41.17322525113449], [-7.969504098206831, 41.17297205756971], [-7.971182864797484, 41.174190572068746], [-7.973120517344781, 41.17477691793401], [-7.973846925569708, 41.17426571356094], [-7.9731703905101625, 41.173704940952234], [-7.974053832865751, 41.17344409512454], [-7.974071932497188, 41.17246736676673], [-7.974388155538186, 41.17207471397117], [-7.974576275613928, 41.17251570050104], [-7.975130840010371, 41.172659392265885], [-7.977134248002709, 41.17209033308307], [-7.9783156768413, 41.17247307967075], [-7.982684373813674, 41.171597336371], [-7.982701362537181, 41.17203012891642], [-7.984265124655272, 41.172051193711596], [-7.988557822618198, 41.16982673289702], [-7.991261022352723, 41.16773360040456], [-7.99330596322849, 41.16676407521492], [-7.994087842688046, 41.16674594938698], [-7.99509836629118, 41.16592762541301], [-7.99573953656156, 41.16391870207037], [-7.997038302321034, 41.163796151627714], [-7.998552818948266, 41.16313085056714], [-8.000384560128358, 41.161453399006774], [-8.002401479170153, 41.161746313558446], [-8.00317401278971, 41.16163996884036], [-8.003631933125739, 41.16121165629762], [-8.005554733002837, 41.16127332501726], [-8.004895769209229, 41.159700264596445], [-8.005054410337236, 41.15916441285714], [-8.006229187544, 41.15836570215188], [-8.008913639539673, 41.15901657512974], [-8.01101736628996, 41.16008607310473], [-8.011484091842341, 41.15998173603421], [-8.011686703293579, 41.15950547927829], [-8.013356998118327, 41.15889294339221], [-8.015574143240235, 41.16003489829361], [-8.015510242208665, 41.16052083108411], [-8.014640314088844, 41.160462778956806], [-8.014198265659264, 41.160872093057556], [-8.014955120242673, 41.1607013303163], [-8.014524749843995, 41.161634771088096], [-8.016446149973564, 41.16250863525053], [-8.015625543383855, 41.16342835026715], [-8.014017323862777, 41.16369831308747], [-8.012805411802667, 41.16446180436967], [-8.013530926014274, 41.164653133826164], [-8.013898184189221, 41.165821338603386], [-8.013238864649281, 41.165784921405134], [-8.012310947568876, 41.166377645428575], [-8.011925038664332, 41.16709194586565], [-8.012385969619016, 41.16812730756412], [-8.011742380654143, 41.16837440536384], [-8.012939568357622, 41.168833047400135], [-8.012900827255592, 41.169338061979815], [-8.0125625142517, 41.16952830115937], [-8.011390554623635, 41.16906015169513], [-8.010570662266476, 41.16916411842946], [-8.010178991407239, 41.16956393981859], [-8.009234430665074, 41.16888636218979], [-8.009850106412468, 41.17010676506497], [-8.009565381152735, 41.17063534316274], [-8.009340580646624, 41.170469294538385], [-8.00891894139524, 41.172565298871916], [-8.009524853944963, 41.17311387590761], [-8.008155111757222, 41.17385451682443], [-8.007719123812915, 41.17516433127619], [-8.00683673761118, 41.17492514889633], [-8.006710900850397, 41.17560874149682], [-8.005851172462597, 41.17588773309735], [-8.004984915374484, 41.17545796814727], [-8.003097287331341, 41.175741764693385], [-8.003174982577034, 41.174703155552685], [-8.00221767950407, 41.17409221181047], [-8.000779147125161, 41.174490823570785], [-7.999918934219597, 41.17421778427237], [-7.998594238222792, 41.17444497087423], [-7.997335322623673, 41.174879481208855], [-7.996984379826897, 41.17535077288031], [-7.997567454760437, 41.177015268330614], [-7.996554015043285, 41.17765016948286], [-7.996439404241242, 41.178186059102586], [-7.997280809796339, 41.17842289013063], [-7.997001981741189, 41.179084851787664], [-7.998316739742027, 41.179143552154585], [-7.998542555864035, 41.17974415790281], [-7.996978759120851, 41.181191753091646], [-7.9977999710457635, 41.182076073382994], [-7.997893542032216, 41.18258361601872], [-7.997347250014122, 41.18326766202795], [-7.997145088274609, 41.184982699711796], [-7.995999545107707, 41.185388736864525], [-7.995367129137134, 41.18469473707053], [-7.995566372367797, 41.184416240338905], [-7.994857606693397, 41.18405090853875], [-7.993206046092107, 41.18485654799578], [-7.992532897862638, 41.185548995148736], [-7.991577498919665, 41.18549781227338], [-7.990661342460147, 41.18656159375074], [-7.9894991824705395, 41.185866913599064], [-7.987723492625065, 41.186276376878965], [-7.987260895813388, 41.18583268753359], [-7.985122045875096, 41.18618019293482], [-7.984791243579937, 41.18603683342449], [-7.984792230311961, 41.185593722999094], [-7.985456873738675, 41.18450822836447], [-7.984976168424009, 41.18371144709466], [-7.982888854150872, 41.18220791292285], [-7.983549029326317, 41.18310927953078], [-7.982913476267747, 41.18387318782661], [-7.982134418126443, 41.183946033691356], [-7.9819605575242125, 41.18552004467155], [-7.98124041614556, 41.186022254489146], [-7.98031949295015, 41.18606393226449], [-7.980022130601545, 41.18646853638537], [-7.979776716386093, 41.18622521702586], [-7.978892947013016, 41.1865623391034], [-7.979721952435404, 41.18741010965874], [-7.980185436923014, 41.18745002721774], [-7.979644782553576, 41.188053234383865], [-7.979666357174774, 41.188953779561146], [-7.976684354186906, 41.187334211897785], [-7.974226235971792, 41.18663334233063], [-7.973233718833823, 41.18546783836427], [-7.972469751307423, 41.18531112813891], [-7.9723423446289585, 41.18583506329238], [-7.9708271836430304, 41.18644045125421], [-7.969745427134611, 41.1877611225026], [-7.968357963580818, 41.18771151862497], [-7.968926787309326, 41.1872358601038], [-7.968939914987304, 41.186898140522324], [-7.968409601869989, 41.187235128894095], [-7.968612349701461, 41.186863774517064], [-7.964394727449777, 41.18777137601294], [-7.96362840141818, 41.18840463786142]]]}, "properties": {"ano": 2013, "ha": 672}}, {"type": "Feature", "geometry": {"type": "Polygon", "coordinates": [[[-7.924861601495677, 41.16724864718873], [-7.925145022426345, 41.16734921395727], [-7.924958848814561, 41.16830589396485], [-7.92422169037237, 41.16791224743952], [-7.924861601495677, 41.16724864718873]]]}, "properties": {"ano": 2013, "ha": 1}}, {"type": "Feature", "geometry": {"type": "Polygon", "coordinates": [[[-7.942535273783682, 41.13859124736896], [-7.941011328011821, 41.13815610737802], [-7.94094427376107, 41.13736982565318], [-7.9404777349041415, 41.13742622900917], [-7.940638590946631, 41.13628773930279], [-7.942590601282276, 41.136176118324], [-7.945258776006215, 41.13500641953104], [-7.944965570862649, 41.13578666812318], [-7.9435198320358, 41.13621239576333], [-7.944969482089653, 41.135851713409586], [-7.945484327140801, 41.13653865713226], [-7.943207065452912, 41.13741018810728], [-7.942997941118096, 41.13768671719483], [-7.943411130669246, 41.13811888078666], [-7.9431018631040144, 41.13842433833606], [-7.942535273783682, 41.13859124736896]]]}, "properties": {"ano": 2013, "ha": 8}}, {"type": "Feature", "geometry": {"type": "Polygon", "coordinates": [[[-8.057233289664868, 41.183937871822465], [-8.058665758942828, 41.181137078307465], [-8.05875705765321, 41.180914015766], [-8.058986390113995, 41.17988042075255], [-8.059167461131224, 41.17932398076688], [-8.0587738, 41.1809143], [-8.0586825, 41.1811374], [-8.057233289664868, 41.183937871822465]]]}, "properties": {"ano": 2013, "ha": 66}}, {"type": "Feature", "geometry": {"type": "Polygon", "coordinates": [[[-8.03645633819224, 41.12825546541984], [-8.036164393320608, 41.12860066617944], [-8.032912342527736, 41.12785345843091], [-8.032181414649735, 41.12678077587402], [-8.033600249094535, 41.1260911015575], [-8.03460813078414, 41.12631231705064], [-8.035939551620308, 41.12612879103189], [-8.036640433820187, 41.12622466228885], [-8.037096149898943, 41.12701120944782], [-8.038017837213301, 41.12693453124623], [-8.038308811840041, 41.12726233888247], [-8.037677000599956, 41.12843513728383], [-8.036825934740374, 41.128684591198535], [-8.03645633819224, 41.12825546541984]]]}, "properties": {"ano": 2013, "ha": 10}}, {"type": "Feature", "geometry": {"type": "Polygon", "coordinates": [[[-7.92960624570615, 41.14181930803681], [-7.929840571087258, 41.139064788922624], [-7.930625864055245, 41.13885889756366], [-7.93147316271949, 41.138115400162825], [-7.934230095317931, 41.13850437757955], [-7.9340691042584135, 41.139103361984326], [-7.933415128637141, 41.13993534249349], [-7.933084329357817, 41.1397680762672], [-7.932782149355075, 41.14036233380279], [-7.931398181857768, 41.14000735030834], [-7.931329893149538, 41.140506792589186], [-7.932170171258605, 41.14100332005962], [-7.931884498409785, 41.141556934595684], [-7.931016308808484, 41.14103369587646], [-7.930428021274606, 41.14173307820677], [-7.92960624570615, 41.14181930803681]]]}, "properties": {"ano": 2013, "ha": 9}}, {"type": "Feature", "geometry": {"type": "Polygon", "coordinates": [[[-7.9617723272413174, 41.17981014776424], [-7.9650964719321955, 41.179552941625666], [-7.965198371291247, 41.18050715135389], [-7.966144584877041, 41.18041322127281], [-7.965826141913193, 41.18165156914189], [-7.96615568253122, 41.18227144540592], [-7.9650327861397665, 41.18363966107726], [-7.961445559778609, 41.18433839647843], [-7.960443963243887, 41.18509091558624], [-7.962369157925996, 41.18754516182188], [-7.96362840141818, 41.18840463786142], [-7.962779724474417, 41.189057398622246], [-7.959360065040289, 41.189471625958966], [-7.9583248074049715, 41.18979406784172], [-7.9575030641906865, 41.19046749984327], [-7.955900159109931, 41.19077000339901], [-7.953952665140736, 41.19347713490011], [-7.952772308957304, 41.194237647581375], [-7.951620431195528, 41.19564618096875], [-7.950690315676923, 41.19610665306453], [-7.9491952050983254, 41.19614717452893], [-7.9490317393954735, 41.1965049288102], [-7.948302623942511, 41.1966967363566], [-7.9477528423897725, 41.19593404490401], [-7.94845377339823, 41.195667152698135], [-7.948289151283807, 41.19452909960261], [-7.948609136248091, 41.193920252161625], [-7.948266579380135, 41.193673051896944], [-7.947821041809691, 41.193973941262946], [-7.947188282733846, 41.19355411954518], [-7.946707167883654, 41.193045915671746], [-7.946567395072031, 41.19228096985736], [-7.945717900766594, 41.191406021472446], [-7.946237688968215, 41.189880307851965], [-7.945766277481831, 41.18922746268254], [-7.9456898925976756, 41.18835779534147], [-7.946196098334188, 41.18778161570697], [-7.945307737411957, 41.18744427556694], [-7.9444748277999775, 41.1875715692691], [-7.943634721145472, 41.186905536131235], [-7.942555469050187, 41.18716105899044], [-7.94243170205596, 41.18633419395143], [-7.943723550600681, 41.18590634940306], [-7.9436114136866225, 41.185420174719624], [-7.942439278889317, 41.185084730347086], [-7.940967152251514, 41.18554923626102], [-7.939226931510071, 41.18537481525198], [-7.939200785577714, 41.185689236934614], [-7.937914891303137, 41.18543932128158], [-7.937786141401796, 41.18632532429666], [-7.9342912054811805, 41.183233818488276], [-7.931152703468007, 41.18118123155092], [-7.930302703687698, 41.180727107604966], [-7.928096130544739, 41.180496908413794], [-7.928366104366813, 41.17986607236452], [-7.9265678125250805, 41.18017258322525], [-7.925261280846259, 41.17951511270889], [-7.924823090825194, 41.17847802162109], [-7.925126002755676, 41.17740652563563], [-7.923707413825732, 41.17730867938606], [-7.921912169327722, 41.176674111076345], [-7.923647816913622, 41.176212708241486], [-7.922783114488283, 41.17546071519876], [-7.924295612118841, 41.1757612375057], [-7.927908175370068, 41.171266701136396], [-7.9289405899676515, 41.171821219744274], [-7.929325686711619, 41.17262215593273], [-7.930237829185964, 41.173338449127755], [-7.92902235274085, 41.17386042652553], [-7.928958413954429, 41.174146190691474], [-7.929729275450753, 41.17467165467707], [-7.930898461686798, 41.173823213171154], [-7.932470451984806, 41.175302976216436], [-7.9338244613520335, 41.17589612319175], [-7.934264341115795, 41.176411456952955], [-7.933923224522306, 41.177873222734085], [-7.934615519221891, 41.178338960360215], [-7.934315864650487, 41.17837418182192], [-7.934457221116597, 41.17855309719993], [-7.9350876353420325, 41.17862564397685], [-7.935151978725286, 41.178196937775084], [-7.9359075951283975, 41.17857939435978], [-7.936334083912036, 41.17830615205362], [-7.936203327009082, 41.17774132165891], [-7.937935783892488, 41.17833982615269], [-7.938472113921426, 41.178669486107815], [-7.93783432023376, 41.178959057017344], [-7.938205596646247, 41.17923126512278], [-7.938665263005071, 41.179470267369965], [-7.93899443507332, 41.179046765548506], [-7.9409390906904065, 41.180431743602], [-7.941229711116179, 41.180251167829326], [-7.942639930902794, 41.18109873477067], [-7.942617331447893, 41.18238038384813], [-7.943258800638715, 41.18301417635223], [-7.94320122198843, 41.18329996028232], [-7.944869657413691, 41.1834189344321], [-7.9448036088827445, 41.18224672848799], [-7.94508157380694, 41.18208041765655], [-7.9457933490995005, 41.182391269227935], [-7.946336164420883, 41.18223491059582], [-7.946849517418793, 41.18268837494473], [-7.9475513308981665, 41.18205580366624], [-7.9467962487859936, 41.18144472135713], [-7.947490369846396, 41.18130289450647], [-7.948782871012991, 41.18142883310487], [-7.950344394543663, 41.182341346503755], [-7.950344029012297, 41.18109968190253], [-7.9509858424602875, 41.18071094363044], [-7.950909136291056, 41.17993657093536], [-7.950626493824527, 41.17951922217151], [-7.948905525190997, 41.178803906466754], [-7.9486670705700915, 41.178376617847654], [-7.950574780974632, 41.17720991344082], [-7.951745814895579, 41.17791214877692], [-7.952144160073437, 41.17752683443277], [-7.9534200431560915, 41.177943336476986], [-7.954112408118548, 41.17891715178481], [-7.955514420817709, 41.17934811909602], [-7.959282290871905, 41.17942528156024], [-7.9617723272413174, 41.17981014776424]]]}, "properties": {"ano": 2013, "ha": 332}}, {"type": "Feature", "geometry": {"type": "Polygon", "coordinates": [[[-8.020517787512253, 41.2027639691178], [-8.021294973183327, 41.200533847248465], [-8.02208090343583, 41.20021298232515], [-8.021845170524422, 41.199712472103606], [-8.022158107272185, 41.1993053915224], [-8.023721895163932, 41.197784559966486], [-8.02666697626723, 41.19631928593243], [-8.02764413406681, 41.19468494413717], [-8.029747420507034, 41.192887210447026], [-8.03168742043544, 41.19269626858348], [-8.035578215283975, 41.19117120571016], [-8.035072972403656, 41.191854823383316], [-8.034715094376232, 41.193463330772786], [-8.0302494, 41.1990328], [-8.0264418, 41.2012295], [-8.0241771, 41.2014204], [-8.020517787512253, 41.2027639691178]]]}, "properties": {"ano": 2013, "ha": 477}}, {"type": "Feature", "geometry": {"type": "Polygon", "coordinates": [[[-7.929125800765318, 41.15247464934538], [-7.930668797180904, 41.152716422570265], [-7.931902842171188, 41.15321409077535], [-7.928628383369093, 41.15456395407897], [-7.927886392040712, 41.153358991183104], [-7.929125800765318, 41.15247464934538]]]}, "properties": {"ano": 2013, "ha": 4}}, {"type": "Feature", "geometry": {"type": "Polygon", "coordinates": [[[-7.891366299294091, 41.187623288454844], [-7.891540542735979, 41.18611499802457], [-7.8910870550512735, 41.18400270234492], [-7.891326537684652, 41.18378007786437], [-7.89368148154041, 41.184101072130034], [-7.894115474479375, 41.18489004559013], [-7.895263446212527, 41.18488304754516], [-7.896318669204317, 41.184444184049624], [-7.896674410835493, 41.184730056083374], [-7.897494708488909, 41.18428506438112], [-7.897114402484708, 41.18533303605657], [-7.89750105583934, 41.18645432879948], [-7.897434591390205, 41.187407113217894], [-7.894770472020703, 41.18802194382387], [-7.892104987712002, 41.18914950278083], [-7.891366299294091, 41.187623288454844]]]}, "properties": {"ano": 2013, "ha": 22}}, {"type": "Feature", "geometry": {"type": "Polygon", "coordinates": [[[-8.005696757154281, 41.20306488615454], [-8.005222120678246, 41.202194822366444], [-8.005444263673757, 41.201492281039215], [-8.004325377389197, 41.20103841348791], [-8.00604584039934, 41.20030177952261], [-8.007826574527465, 41.20104222047937], [-8.006957653163077, 41.201839361502756], [-8.009364395241727, 41.202609773362965], [-8.005696757154281, 41.20306488615454]]]}, "properties": {"ano": 2013, "ha": 6}}, {"type": "Feature", "geometry": {"type": "Polygon", "coordinates": [[[-8.073883250231878, 41.13742250098308], [-8.073488731621302, 41.136995811231664], [-8.072780882588074, 41.13649314011712], [-8.07382215299202, 41.13610944942246], [-8.074404814133372, 41.13641776115252], [-8.074648907080611, 41.136834896222005], [-8.073883250231878, 41.13742250098308]]]}, "properties": {"ano": 2013, "ha": 1}}, {"type": "Feature", "geometry": {"type": "Polygon", "coordinates": [[[-7.892448470999199, 41.21041202258772], [-7.89288410379786, 41.211670973413604], [-7.892785596947858, 41.21273327259978], [-7.89131212638166, 41.21450500767816], [-7.891024476807261, 41.21551687970239], [-7.88939519514902, 41.21673318984561], [-7.887891134238349, 41.21891638367257], [-7.888308002033835, 41.21779222152722], [-7.8917938707408375, 41.2136915126614], [-7.8921060239170355, 41.21065558846912], [-7.892448470999199, 41.21041202258772]]]}, "properties": {"ano": 2013, "ha": 4}}, {"type": "Feature", "geometry": {"type": "Polygon", "coordinates": [[[-7.997003445672758, 41.11057556774861], [-7.99782008928871, 41.111077642098095], [-7.997896687299717, 41.11154154173772], [-7.997178373429446, 41.11121017978341], [-7.996840773943031, 41.11084460248197], [-7.997003445672758, 41.11057556774861]]]}, "properties": {"ano": 2013, "ha": 0}}, {"type": "Feature", "geometry": {"type": "Polygon", "coordinates": [[[-8.037447889869604, 41.10938090920727], [-8.03795630317382, 41.10902992113655], [-8.03799889897511, 41.10953322924057], [-8.037447889869604, 41.10938090920727]]]}, "properties": {"ano": 2013, "ha": 0}}, {"type": "Feature", "geometry": {"type": "MultiPolygon", "coordinates": [[[[-8.108258355346194, 41.13650688248966], [-8.108273057049365, 41.136500785248685], [-8.108253831861765, 41.136512769199335], [-8.108258355346194, 41.13650688248966]]], [[[-8.0828115, 41.1473133], [-8.077463373026989, 41.15142612813832], [-8.077552032827082, 41.15093064268861], [-8.07717365350753, 41.1511210538815], [-8.07672018343383, 41.150644372243306], [-8.07644271836243, 41.15076812221062], [-8.075649100569878, 41.15000539501541], [-8.075498754528866, 41.148899915356594], [-8.075196338692997, 41.14872347553892], [-8.075833750787167, 41.14782325669849], [-8.07809412379939, 41.14695689928259], [-8.078922484555118, 41.14621946641967], [-8.079246488543502, 41.14454673364543], [-8.079719819868327, 41.143784594772605], [-8.081449433813054, 41.14348862953948], [-8.080497482707392, 41.14252789267651], [-8.081354023152977, 41.141316841377645], [-8.080817378681003, 41.140742660372396], [-8.081038094880615, 41.14029324824396], [-8.082111422434846, 41.13989704785989], [-8.08259874643427, 41.13927475122758], [-8.082599328623933, 41.13851429960153], [-8.084986583385444, 41.13825584032136], [-8.084997253308252, 41.136535549435564], [-8.085347335007715, 41.13610329287227], [-8.086240917670677, 41.13576058508086], [-8.088925556266933, 41.135940273022456], [-8.091054392577995, 41.135534839788974], [-8.092881915880783, 41.13359074651821], [-8.093650943982684, 41.13327652838733], [-8.093651899799962, 41.13161364769607], [-8.094294808469664, 41.13139944361647], [-8.09437060245389, 41.13109452600824], [-8.096689721181804, 41.130980889295536], [-8.09687868884602, 41.13114294487853], [-8.096411941689514, 41.13192135793219], [-8.096543991750027, 41.13246457405027], [-8.095806225771241, 41.133279114836164], [-8.096891222852966, 41.13390276993315], [-8.098402451953719, 41.133670586865904], [-8.099234175187492, 41.13397099516205], [-8.098767321094897, 41.1349762171792], [-8.10086565775519, 41.135586668866274], [-8.10138858635537, 41.13592509849648], [-8.101810386922226, 41.136925793315235], [-8.102194810302606, 41.136968772565346], [-8.103266631513542, 41.135987508398195], [-8.104130157367283, 41.13570659636481], [-8.105264540349731, 41.13575450322007], [-8.106770395853907, 41.13676018305572], [-8.106926089976957, 41.137143274247464], [-8.0990712, 41.1416746], [-8.0978029, 41.1418419], [-8.0974399, 41.1413357], [-8.0961006, 41.1415069], [-8.0936414, 41.1430581], [-8.092376, 41.1434145], [-8.0916197, 41.1441157], [-8.0828115, 41.1473133]]]]}, "properties": {"ano": 2013, "ha": 494}}, {"type": "Feature", "geometry": {"type": "Polygon", "coordinates": [[[-7.883360884256783, 41.228627624564616], [-7.884445918256277, 41.22588543757707], [-7.886402586880685, 41.22299126803201], [-7.887854248243805, 41.2190154188488], [-7.887791931674935, 41.2194217888843], [-7.888247435360323, 41.21995877053744], [-7.888992016256084, 41.219114631497554], [-7.891231143724058, 41.21921477292609], [-7.89385288350726, 41.21856495958576], [-7.897068708545362, 41.21922670437415], [-7.896069081224363, 41.22083270482655], [-7.895262625382161, 41.22135515133484], [-7.893478382571997, 41.221780277426966], [-7.893349059649344, 41.22263763409959], [-7.892589412411424, 41.223291185754384], [-7.890551448869593, 41.22404925890221], [-7.888716333848132, 41.225403299695905], [-7.886204410875346, 41.22630323417826], [-7.885157469684615, 41.227804221158934], [-7.884859847942393, 41.22723183232992], [-7.884224620367771, 41.228326321895345], [-7.883360884256783, 41.228627624564616]]]}, "properties": {"ano": 2013, "ha": 46}}, {"type": "Feature", "geometry": {"type": "Polygon", "coordinates": [[[-8.073964678021742, 41.13748888467957], [-8.074335002836284, 41.136910931908936], [-8.07493680311115, 41.137030051592724], [-8.073935888163495, 41.13851864314635], [-8.07405341995543, 41.13925127494651], [-8.072635271564993, 41.1393279916224], [-8.071485360418066, 41.13898791752863], [-8.071856534306596, 41.13799705141457], [-8.071447479750821, 41.13733573863456], [-8.071825914712006, 41.137014315290145], [-8.072432109532317, 41.1374672730529], [-8.07324404549504, 41.13690187448677], [-8.073964678021742, 41.13748888467957]]]}, "properties": {"ano": 2013, "ha": 5}}, {"type": "Feature", "geometry": {"type": "Polygon", "coordinates": [[[-7.966386890045483, 41.13888514314798], [-7.9664032470769515, 41.13754723156601], [-7.969270427080642, 41.13882967371518], [-7.967283986820653, 41.1392914195313], [-7.966386890045483, 41.13888514314798]]]}, "properties": {"ano": 2013, "ha": 2}}, {"type": "Feature", "geometry": {"type": "Polygon", "coordinates": [[[-7.969076087666925, 41.14085827837673], [-7.969408015401768, 41.140453124359915], [-7.968473010405059, 41.14017415710143], [-7.968606956013857, 41.139757349659064], [-7.969968334188782, 41.14015349515855], [-7.970419139646695, 41.1406139825454], [-7.969766978987821, 41.14096977749729], [-7.969076087666925, 41.14085827837673]]]}, "properties": {"ano": 2013, "ha": 1}}, {"type": "Feature", "geometry": {"type": "Polygon", "coordinates": [[[-8.01103471604712, 41.142250509744244], [-8.009699718872982, 41.14249538135061], [-8.006474317124667, 41.14161905461486], [-8.005682134130206, 41.14058902634823], [-8.004208453322665, 41.139996594693734], [-8.003073352192715, 41.14031934010006], [-8.003099899800581, 41.13963325538627], [-8.003277224733774, 41.13919510068128], [-8.006017089285336, 41.13928243727502], [-8.007698342595974, 41.13758087124021], [-8.00928970446645, 41.13757660560685], [-8.01313231493774, 41.13860500413057], [-8.01350159242572, 41.13915927583198], [-8.014155055571933, 41.13939817504068], [-8.013294098758717, 41.14064207186254], [-8.013695148176993, 41.14105939167318], [-8.01439629259725, 41.14107797118412], [-8.01669518027505, 41.14290276585048], [-8.01103471604712, 41.142250509744244]]]}, "properties": {"ano": 2013, "ha": 34}}, {"type": "Feature", "geometry": {"type": "Polygon", "coordinates": [[[-7.923347619817003, 41.16661462286066], [-7.924063604645598, 41.16691261206676], [-7.923973612125108, 41.16778958554388], [-7.9229056372196744, 41.167327602210804], [-7.922928616122886, 41.166887815099116], [-7.923347619817003, 41.16661462286066]]]}, "properties": {"ano": 2013, "ha": 1}}, {"type": "Feature", "geometry": {"type": "MultiPolygon", "coordinates": [[[[-7.979059009653098, 41.203826009663224], [-7.980648685448379, 41.20475086350194], [-7.981632569045093, 41.2048807919777], [-7.982983234927385, 41.20602605116499], [-7.982222942387754, 41.2074444488673], [-7.980940148953406, 41.20764884888543], [-7.9788750592928475, 41.208851963635546], [-7.9809644, 41.2067787], [-7.9821022, 41.2062973], [-7.982103, 41.2059546], [-7.9779731, 41.2048232], [-7.9790492, 41.2038291], [-7.9767813, 41.2040953], [-7.975767788147318, 41.20295756214143], [-7.9781943379730995, 41.20345327965909], [-7.979059009653098, 41.203826009663224]], [[-7.979035931196253, 41.20381796405238], [-7.9789853788855885, 41.20380882276549], [-7.978941688429582, 41.20380811147478], [-7.979035931196253, 41.20381796405238]]], [[[-7.948952862413046, 41.196584830420214], [-7.94923947933617, 41.19617674428105], [-7.9505169294674145, 41.19614898315638], [-7.951620431195528, 41.19564618096875], [-7.952772308957304, 41.194237647581375], [-7.955275189624401, 41.19220454276678], [-7.955606829127952, 41.192861423964096], [-7.956590255330636, 41.193077329359326], [-7.95723136762922, 41.19393593448441], [-7.958689066296622, 41.19370942971823], [-7.958484898329392, 41.19459057809975], [-7.95923941864448, 41.19551604596508], [-7.9601843174099125, 41.19601297739519], [-7.962480868827493, 41.19584293982741], [-7.963375576571088, 41.19624447884225], [-7.963953196196375, 41.197215187969306], [-7.9611077, 41.1969525], [-7.9609129, 41.1964201], [-7.9566443, 41.1947882], [-7.948952862413046, 41.196584830420214]]], [[[-7.9475594, 41.1969116], [-7.947566860548088, 41.19690501457954], [-7.947593030369007, 41.196903740606125], [-7.9475594, 41.1969116]]], [[[-7.92349046021817, 41.22168481638458], [-7.921231744324456, 41.221007507379774], [-7.919196456014279, 41.22106331877761], [-7.9193719555746895, 41.220456158204904], [-7.920922113066372, 41.21917257224109], [-7.921195055956279, 41.21800587280419], [-7.919560697452224, 41.215218268650794], [-7.918812871664154, 41.21459388072739], [-7.918122840163574, 41.21162028733336], [-7.919760611951789, 41.21245712363181], [-7.920640619021903, 41.213495042122034], [-7.923149915066581, 41.213118454824055], [-7.924679209898851, 41.21337136042224], [-7.924729157436037, 41.212537645989514], [-7.92523508341158, 41.21216929960166], [-7.9253802643423, 41.2111451716271], [-7.926124193393299, 41.21032461055119], [-7.927373104851844, 41.209421563474564], [-7.92862002950622, 41.209149808694946], [-7.929679067615305, 41.208422689808536], [-7.930219071345871, 41.20720866399482], [-7.931357858496124, 41.206174352043625], [-7.932209024919791, 41.20635450433727], [-7.933158031075202, 41.205474692944065], [-7.934373385470261, 41.20517899541642], [-7.935373559875038, 41.204402189299536], [-7.937607318140851, 41.204253511368336], [-7.937787054044305, 41.20320560037823], [-7.938381777050442, 41.20262531801153], [-7.941145174109111, 41.20255178727875], [-7.941122700749912, 41.20159882795976], [-7.941491046519908, 41.20075133681813], [-7.9411906702233, 41.19991226750516], [-7.941860839824056, 41.199398796486236], [-7.942382124480474, 41.19800838853835], [-7.944038268056873, 41.19744241441197], [-7.9435716, 41.1987795], [-7.9423881, 41.2002567], [-7.9418981, 41.2027258], [-7.9403763, 41.2059624], [-7.9376393, 41.2083316], [-7.9375879, 41.209711], [-7.9343355, 41.2109988], [-7.9316667, 41.2163681], [-7.9306105, 41.2170235], [-7.9299296, 41.2180921], [-7.9276385, 41.2194767], [-7.9262216, 41.2213377], [-7.92349046021817, 41.22168481638458]]]]}, "properties": {"ano": 2013, "ha": 1276}}, {"type": "Feature", "geometry": {"type": "Polygon", "coordinates": [[[-7.907295967251221, 41.15810791579289], [-7.908157139432569, 41.15926503981725], [-7.906717810472724, 41.15982446581829], [-7.906404735370359, 41.15919492141291], [-7.907295967251221, 41.15810791579289]]]}, "properties": {"ano": 2013, "ha": 2}}, {"type": "Feature", "geometry": {"type": "Polygon", "coordinates": [[[-8.098774511761915, 41.121464263800306], [-8.10076062947114, 41.118584532826425], [-8.101885449149593, 41.11822032320355], [-8.102471246701926, 41.118570677038555], [-8.102017101140625, 41.119692653780156], [-8.101516087923887, 41.11992837999107], [-8.101931832954266, 41.120157192703275], [-8.101619609298721, 41.120900407757496], [-8.099728705749113, 41.122264999715014], [-8.099671763123116, 41.12275098453822], [-8.098774511761915, 41.121464263800306]]]}, "properties": {"ano": 2013, "ha": 7}}, {"type": "Feature", "geometry": {"type": "Polygon", "coordinates": [[[-8.062573126875208, 41.09685941815567], [-8.06378232259658, 41.09697448015907], [-8.063056827640288, 41.0980949589066], [-8.062151409357137, 41.09808489434769], [-8.061901459203884, 41.09768808193722], [-8.061873456777377, 41.09736644524168], [-8.062573126875208, 41.09685941815567]]]}, "properties": {"ano": 2013, "ha": 2}}, {"type": "Feature", "geometry": {"type": "Polygon", "coordinates": [[[-8.037562570232382, 41.109031985980714], [-8.037835418913476, 41.10853858272833], [-8.038122632866216, 41.10857312057408], [-8.03798598118594, 41.108980869517], [-8.037562570232382, 41.109031985980714]]]}, "properties": {"ano": 2013, "ha": 0}}, {"type": "Feature", "geometry": {"type": "MultiPolygon", "coordinates": [[[[-7.877679556746227, 41.24375399416138], [-7.877647900079758, 41.243748750445995], [-7.8762038434732125, 41.24256155358953], [-7.877679556746227, 41.24375399416138]]], [[[-7.875663368138834, 41.24202394252185], [-7.875756103831349, 41.24209894538097], [-7.875948351134623, 41.24188938804094], [-7.875663368138834, 41.24202394252185]]], [[[-7.8768651880791465, 41.24145650425148], [-7.876469699957058, 41.2416432336345], [-7.877316884508925, 41.241179428777144], [-7.8768651880791465, 41.24145650425148]]], [[[-7.878542791195152, 41.23262550962105], [-7.879385871959039, 41.23310592060813], [-7.879798583668705, 41.234248882465046], [-7.8796098892688375, 41.235449986105934], [-7.880231315685505, 41.23479786325218], [-7.8805969184254625, 41.23492254071787], [-7.881412313492261, 41.236267930022215], [-7.881904490372271, 41.23630711709849], [-7.883205016819286, 41.2362336998251], [-7.885114015501794, 41.23548500382862], [-7.887367739205664, 41.237069746367936], [-7.887378695176456, 41.237517640378094], [-7.884627475974408, 41.23730212359998], [-7.882870809150685, 41.23781291242407], [-7.879455371435373, 41.23693762757115], [-7.87866923184131, 41.23930318626434], [-7.877893789007001, 41.24086852076417], [-7.877752726090494, 41.24094082026838], [-7.8786448, 41.2393116], [-7.8786669, 41.2385136], [-7.8795935, 41.2364311], [-7.8795186, 41.2359973], [-7.8797741, 41.2342571], [-7.8793614, 41.2331142], [-7.878542791195152, 41.23262550962105]]], [[[-7.893219029354313, 41.20985610401154], [-7.892106044273018, 41.21065556510054], [-7.89179389228698, 41.21369149019581], [-7.888308022390047, 41.21779219905979], [-7.886363902418222, 41.22307291785284], [-7.884445938616327, 41.22588541511033], [-7.884060208111245, 41.2273822084723], [-7.883814562600758, 41.2278285368219], [-7.8844215, 41.2258934], [-7.8863782, 41.2229991], [-7.8882836, 41.2177999], [-7.8917695, 41.2136991], [-7.8920816, 41.2106631], [-7.893219029354313, 41.20985610401154]]]]}, "properties": {"ano": 2013, "ha": 712}}, {"type": "Feature", "geometry": {"type": "Polygon", "coordinates": [[[-7.8778706259413465, 41.240897401866036], [-7.879455342692488, 41.23693765722187], [-7.8828707815983785, 41.23781294297864], [-7.884286460389529, 41.23733953732273], [-7.88737866762974, 41.23751767003334], [-7.887442674231449, 41.237279577497056], [-7.885113987954917, 41.23548503348333], [-7.883204989267804, 41.23623373037976], [-7.8819044628236, 41.23630714675242], [-7.881412285939918, 41.236267960576455], [-7.880596890876786, 41.2349225703715], [-7.880231286940442, 41.234797893803524], [-7.8796098617160135, 41.23545001665973], [-7.879798554923683, 41.23424891301626], [-7.879385843217812, 41.23310595025885], [-7.8785427624537645, 41.23262553927157], [-7.878762648629866, 41.232479083762186], [-7.880948804732847, 41.232683983589325], [-7.88353465306865, 41.232346541333875], [-7.886381094288486, 41.233203125989526], [-7.886455112102759, 41.23366354354597], [-7.886997320789595, 41.23382192884884], [-7.887010256507728, 41.23458428845188], [-7.88857115785743, 41.234921119819504], [-7.891936790417903, 41.237972747412975], [-7.890733836268375, 41.23897079378597], [-7.888079220836349, 41.239918119462125], [-7.888061360955884, 41.240477918787384], [-7.887634265837418, 41.24075097681341], [-7.8878328613132735, 41.24251429000935], [-7.88833719179219, 41.242694029023276], [-7.887766325932327, 41.24343132864204], [-7.889700964006791, 41.24518639136728], [-7.889703814759332, 41.24583914626899], [-7.889069296837108, 41.246714498203076], [-7.8827574071864746, 41.246453263405115], [-7.881193434671499, 41.2460305852521], [-7.878800097790036, 41.244595977668226], [-7.8756334772347305, 41.24202512589674], [-7.8778706259413465, 41.240897401866036]]]}, "properties": {"ano": 2013, "ha": 120}}, {"type": "Feature", "geometry": {"type": "Polygon", "coordinates": [[[-8.073965111890717, 41.137488517521994], [-8.074335435509159, 41.136910563848915], [-8.074937236972488, 41.13702968353101], [-8.07393632204023, 41.1385182750885], [-8.074053853836343, 41.13925090688829], [-8.072635706645405, 41.13932762357014], [-8.071485796692885, 41.138987550381785], [-8.071856969381725, 41.137996684265616], [-8.071447913632811, 41.137335371486465], [-8.071826348589767, 41.137013948140584], [-8.072432543410526, 41.13746690500066], [-8.073244479364158, 41.136901507331864], [-8.073965111890717, 41.137488517521994]]]}, "properties": {"ano": 2013, "ha": 5}}, {"type": "Feature", "geometry": {"type": "Polygon", "coordinates": [[[-8.034563781651926, 41.193472495195685], [-8.03491887102923, 41.1918546795016], [-8.036409598534679, 41.19012127280798], [-8.037800932119726, 41.18973647159067], [-8.03906926827724, 41.18844007915222], [-8.040665474702575, 41.18809828806383], [-8.042351913737194, 41.18631190479521], [-8.042056784326098, 41.18534921835213], [-8.042828410338398, 41.18372983065705], [-8.042608936996292, 41.18279102637671], [-8.04307817460362, 41.18089441815668], [-8.04334806158995, 41.177142456102615], [-8.044076846103847, 41.17682496804945], [-8.046989867990243, 41.177151604494924], [-8.049165077129592, 41.17496190514939], [-8.050480379944336, 41.1745483080719], [-8.05152374836827, 41.17514368088854], [-8.052272063948118, 41.17491274692224], [-8.052763983163102, 41.17513987402697], [-8.052798981472662, 41.17750622125514], [-8.053156498937877, 41.17798882162414], [-8.056179374446014, 41.17803755346815], [-8.059038679230719, 41.17878475421504], [-8.0584590503023, 41.181093750649225], [-8.057051520112555, 41.1842629405977], [-8.0547247, 41.1864348], [-8.0493646, 41.1877114], [-8.0466195, 41.1890163], [-8.0412791, 41.1894414], [-8.0379656, 41.1908998], [-8.034563781651926, 41.193472495195685]]]}, "properties": {"ano": 2013, "ha": 473}}, {"type": "Feature", "geometry": {"type": "Polygon", "coordinates": [[[-7.945295121217934, 41.137479374963355], [-7.946620754478345, 41.13652137251163], [-7.946892109848955, 41.13720202656641], [-7.945295121217934, 41.137479374963355]]]}, "properties": {"ano": 2013, "ha": 1}}, {"type": "Feature", "geometry": {"type": "Polygon", "coordinates": [[[-8.063301308568699, 41.1549868617271], [-8.062641079107726, 41.15482788068008], [-8.062334634355423, 41.15466794228242], [-8.06290426319459, 41.154296933490485], [-8.063785948233928, 41.154437391226836], [-8.063301308568699, 41.1549868617271]]]}, "properties": {"ano": 2014, "ha": 1}}, {"type": "Feature", "geometry": {"type": "Polygon", "coordinates": [[[-7.994371458560665, 41.151059209842835], [-7.99406844932007, 41.15129296328272], [-7.9937522408933575, 41.150745212084935], [-7.992582204906202, 41.15061917344518], [-7.993184625316606, 41.15022909976163], [-7.991857891486651, 41.14922114550873], [-7.992275357520131, 41.14931265689486], [-7.992598036293518, 41.148751367367275], [-7.993295413994336, 41.14898512457368], [-7.993462701117353, 41.149606093399434], [-7.994104970678881, 41.15005946723677], [-7.994371458560665, 41.151059209842835]]]}, "properties": {"ano": 2014, "ha": 2}}, {"type": "Feature", "geometry": {"type": "Polygon", "coordinates": [[[-7.994777559395634, 41.14473455627151], [-7.993724371654655, 41.14525920073761], [-7.9932529456381, 41.144326409596886], [-7.9943938850725385, 41.14441521288817], [-7.994777559395634, 41.14473455627151]]]}, "properties": {"ano": 2014, "ha": 1}}, {"type": "Feature", "geometry": {"type": "Polygon", "coordinates": [[[-7.963079885534941, 41.15976523166899], [-7.9616226808972765, 41.160449204294025], [-7.959174700610758, 41.15991665896001], [-7.958514962550213, 41.1590651539491], [-7.956921963534167, 41.158529560089455], [-7.955903568882486, 41.15743449041846], [-7.955772519706826, 41.15693398898395], [-7.956156381230875, 41.15649161311829], [-7.955589934898206, 41.15614053492563], [-7.955605993238037, 41.155443712062485], [-7.957121503542089, 41.15574978326437], [-7.958250631382918, 41.15555852439708], [-7.959166399306584, 41.15612810383408], [-7.958854333463862, 41.15645777255855], [-7.959049507567007, 41.1568553293848], [-7.959924321919189, 41.156823884605224], [-7.960606036864905, 41.157828244379004], [-7.961548510763714, 41.15735984192659], [-7.962209473025006, 41.157746766724124], [-7.962916781992201, 41.15745106458], [-7.964206865755211, 41.15589487889631], [-7.96603636415303, 41.156145305305024], [-7.966508283684108, 41.15650334315848], [-7.965476112892419, 41.15705932877524], [-7.965273677703869, 41.15857279957223], [-7.964362047523784, 41.16005093156809], [-7.9641157627562755, 41.160207808583564], [-7.963079885534941, 41.15976523166899]]]}, "properties": {"ano": 2015, "ha": 27}}, {"type": "Feature", "geometry": {"type": "Polygon", "coordinates": [[[-8.079736312358024, 41.126206168329546], [-8.077049132210046, 41.12668904446552], [-8.076349000154398, 41.12654405888568], [-8.07820835115504, 41.126038690853164], [-8.07824078140272, 41.1249189800556], [-8.079287956380174, 41.1254376398621], [-8.079736312358024, 41.126206168329546]]]}, "properties": {"ano": 2015, "ha": 2}}, {"type": "Feature", "geometry": {"type": "Polygon", "coordinates": [[[-7.894036926812391, 41.1826291924625], [-7.8937469188833855, 41.18191568866017], [-7.895459391204698, 41.18169817015456], [-7.895663450254518, 41.1819085929445], [-7.895264739009847, 41.18293567954825], [-7.894036926812391, 41.1826291924625]]]}, "properties": {"ano": 2015, "ha": 2}}, {"type": "Feature", "geometry": {"type": "Polygon", "coordinates": [[[-7.890734219435884, 41.182313723583285], [-7.8937469188833855, 41.18191568866017], [-7.894058209154826, 41.182811607812404], [-7.895264739009847, 41.18293567954825], [-7.895742778494993, 41.18222375978445], [-7.895554424007226, 41.181714944992386], [-7.895942080146543, 41.18136304295912], [-7.8973256614374385, 41.1824522365996], [-7.897612061960708, 41.18349153424415], [-7.897358526166877, 41.18384360741879], [-7.896457039175707, 41.183729792426895], [-7.89346159190822, 41.18450026597387], [-7.891509908612975, 41.1861281215146], [-7.891028755948629, 41.18404492361724], [-7.8903851570215044, 41.183266919804254], [-7.890734219435884, 41.182313723583285]]]}, "properties": {"ano": 2015, "ha": 15}}, {"type": "Feature", "geometry": {"type": "Polygon", "coordinates": [[[-8.077079691926752, 41.12874812780098], [-8.07603218597837, 41.12857489505579], [-8.076607706668643, 41.12799148971724], [-8.07620623484553, 41.127693494753395], [-8.076238245877782, 41.12710386770662], [-8.078294692534085, 41.12640800304259], [-8.078483623729882, 41.12654507907947], [-8.078049615237168, 41.12749187713169], [-8.077009746707583, 41.12762241251374], [-8.076804627325847, 41.12799754075784], [-8.077135366637865, 41.128110864253244], [-8.077079691926752, 41.12874812780098]]]}, "properties": {"ano": 2015, "ha": 2}}, {"type": "Feature", "geometry": {"type": "Polygon", "coordinates": [[[-8.053062394862087, 41.1746724133264], [-8.053445305322242, 41.17562514379465], [-8.052905409218965, 41.17621798347967], [-8.050121625957468, 41.176376127814734], [-8.045766258264312, 41.17467191375343], [-8.046000084061607, 41.174290910119026], [-8.04894070731839, 41.17470951396883], [-8.052298239092103, 41.17444031008256], [-8.053062394862087, 41.1746724133264]]]}, "properties": {"ano": 2015, "ha": 9}}, {"type": "Feature", "geometry": {"type": "Polygon", "coordinates": [[[-7.935718474263707, 41.13288987033986], [-7.933751697517946, 41.13306517366], [-7.933929637682284, 41.13215600255926], [-7.935856984701153, 41.13240767323839], [-7.935718474263707, 41.13288987033986]]]}, "properties": {"ano": 2015, "ha": 1}}, {"type": "Feature", "geometry": {"type": "Polygon", "coordinates": [[[-8.0498492816938, 41.10840402548473], [-8.049653722626646, 41.10786820927826], [-8.051571926552244, 41.107217009260786], [-8.051553422031585, 41.106287114737235], [-8.052121766429302, 41.10642208830291], [-8.054539136224504, 41.10858341219203], [-8.053861075992607, 41.10950231705986], [-8.051133154397416, 41.10958895383923], [-8.050296125977896, 41.110123144682845], [-8.050036816821477, 41.10971107679886], [-8.050376060728606, 41.1092105602017], [-8.050219764000321, 41.10900822742416], [-8.050587877099407, 41.10883435343807], [-8.0498492816938, 41.10840402548473]]]}, "properties": {"ano": 2015, "ha": 9}}, {"type": "Feature", "geometry": {"type": "Polygon", "coordinates": [[[-8.093519048466328, 41.109402337224], [-8.09166238909111, 41.10987955028198], [-8.090722166344829, 41.10827822163756], [-8.09071890564081, 41.1076005262958], [-8.091419828942161, 41.10760231550165], [-8.091901650324969, 41.10841479163137], [-8.092482990980155, 41.10847325877216], [-8.0930865238663, 41.108080881592024], [-8.093070131301854, 41.10763866114643], [-8.093519048466328, 41.109402337224]]]}, "properties": {"ano": 2015, "ha": 3}}, {"type": "Feature", "geometry": {"type": "Polygon", "coordinates": [[[-7.925791399733651, 41.19130063487658], [-7.926715925798904, 41.19065309589485], [-7.928111124906322, 41.19076874239149], [-7.928636466109166, 41.191710708701066], [-7.927996886481526, 41.19200737065037], [-7.927399792812153, 41.19132137894691], [-7.925791399733651, 41.19130063487658]]]}, "properties": {"ano": 2015, "ha": 1}}, {"type": "Feature", "geometry": {"type": "Polygon", "coordinates": [[[-8.054000453251188, 41.10955286394719], [-8.054492544851636, 41.10849292336085], [-8.052122931784677, 41.106413469145025], [-8.051543036208198, 41.10629488904653], [-8.05146916985954, 41.10680782935132], [-8.05110139947079, 41.10585218692741], [-8.051854675999166, 41.104725437566735], [-8.053700713155354, 41.10477186944608], [-8.054560460109595, 41.105713834656946], [-8.05562283564313, 41.10516483656253], [-8.056501590865047, 41.10514637162775], [-8.057491231244892, 41.10594933439564], [-8.05704761580666, 41.106232440932885], [-8.057776849166572, 41.10742540864681], [-8.05757166828689, 41.108752751308614], [-8.056798504980685, 41.108570811768494], [-8.05668682862763, 41.10949774639811], [-8.056328308857893, 41.10902821071002], [-8.055856405753955, 41.10901462448776], [-8.054000453251188, 41.10955286394719]]]}, "properties": {"ano": 2015, "ha": 17}}, {"type": "Feature", "geometry": {"type": "Polygon", "coordinates": [[[-7.970042510279936, 41.13887340778882], [-7.967327687850311, 41.13948420296186], [-7.967451074248073, 41.13929140690097], [-7.966466294503185, 41.13898552217468], [-7.966378757385319, 41.13795858531995], [-7.964816963751206, 41.13759467634466], [-7.963719598707549, 41.13787753098407], [-7.96360989947113, 41.13825974387305], [-7.962272289540064, 41.13821489170978], [-7.961898058448585, 41.13852523962115], [-7.961125330833005, 41.137566372835884], [-7.959995739207495, 41.13751465599976], [-7.958700152058115, 41.13588315468098], [-7.959372655994982, 41.13538743765584], [-7.959208435424493, 41.13492619967883], [-7.959893935323891, 41.13487719756553], [-7.959838425088009, 41.13441612204609], [-7.960069702880679, 41.134541544655356], [-7.960927126740216, 41.133813812608835], [-7.961843996137263, 41.13385091065382], [-7.963336006148655, 41.134474915702896], [-7.963801034292412, 41.13561199823985], [-7.9660454125903195, 41.13594045950195], [-7.9659393618552, 41.13675508292451], [-7.96713487899944, 41.136903321503375], [-7.967557410863928, 41.13805462260862], [-7.968337012741123, 41.13819153228474], [-7.968685488944606, 41.138720918832036], [-7.968538106747337, 41.139060199964604], [-7.970042510279936, 41.13887340778882]]]}, "properties": {"ano": 2015, "ha": 23}}, {"type": "Feature", "geometry": {"type": "Polygon", "coordinates": [[[-7.983860688423038, 41.171894169156474], [-7.9842411442843275, 41.17095957642164], [-7.986365673204676, 41.169056390983854], [-7.986468042660676, 41.16810595188622], [-7.9880587384573545, 41.16732177384229], [-7.988786225408415, 41.1676800395583], [-7.9897862707253005, 41.16883911852753], [-7.991831852783571, 41.167626622306585], [-7.994033209952481, 41.16875853734518], [-7.994372746037232, 41.1692163614628], [-7.9944096036137635, 41.16968096903681], [-7.994144528969344, 41.16979500499043], [-7.993256482576044, 41.16930078264079], [-7.990483265560871, 41.17019078719657], [-7.98817105828174, 41.17216766780954], [-7.98677164030669, 41.17195149190823], [-7.985560176114208, 41.17228586762422], [-7.983860688423038, 41.171894169156474]]]}, "properties": {"ano": 2015, "ha": 24}}, {"type": "Feature", "geometry": {"type": "Polygon", "coordinates": [[[-7.889088148251927, 41.19248319516165], [-7.88997773088581, 41.19073163112014], [-7.890697096268034, 41.187233608834994], [-7.892040076298095, 41.18564715930166], [-7.893984626170004, 41.1851175548663], [-7.8954728997013275, 41.18517781270278], [-7.895507478428914, 41.186800985439206], [-7.894943647229326, 41.18788424316011], [-7.8964948526730385, 41.18800179542137], [-7.8970223122146335, 41.18866042084954], [-7.8950135360470215, 41.189485361049236], [-7.895050035003611, 41.18985709013425], [-7.895844170848158, 41.190030262196395], [-7.896067119098313, 41.1911742725511], [-7.896733122474323, 41.1913294928738], [-7.898829885111084, 41.19306924809135], [-7.899130628283937, 41.193641634848554], [-7.898673668620687, 41.194422132123556], [-7.898948029332008, 41.19531847155804], [-7.901187322203535, 41.19713362519987], [-7.90176853076993, 41.19728511490872], [-7.903222991001469, 41.196600237036094], [-7.904259236671577, 41.19466588858719], [-7.906952492254644, 41.19218589041134], [-7.9079480335163295, 41.19029716832755], [-7.910253242181478, 41.18906661631446], [-7.9117065421636745, 41.18905417129287], [-7.9124099619608215, 41.189955116026304], [-7.913386094960057, 41.19381456354048], [-7.914089486859883, 41.194745991296294], [-7.912065063097034, 41.19648032120744], [-7.9112517430910465, 41.19821695435159], [-7.910442874506118, 41.198627071537125], [-7.909954814103342, 41.199678192781086], [-7.90859807756924, 41.201013654364615], [-7.909447716465228, 41.20141432819463], [-7.910759513319067, 41.200957746591314], [-7.910102638828576, 41.201798583077554], [-7.912742261047117, 41.201167397020754], [-7.913154432287441, 41.20016186031306], [-7.913380431239987, 41.20049392146142], [-7.914152795655954, 41.20043821508707], [-7.914824252432317, 41.20087880380479], [-7.913178981533645, 41.20237658240039], [-7.91210584735942, 41.202565119578594], [-7.911757338364007, 41.20301710497354], [-7.912860955462841, 41.20415133517094], [-7.912606198252998, 41.20486556538465], [-7.909667558748575, 41.20722260001084], [-7.908449597645906, 41.20644969991547], [-7.905736009624139, 41.207835994544], [-7.905166402910254, 41.20955670300926], [-7.9054662456178875, 41.21042639265264], [-7.906356942903565, 41.21138705783156], [-7.905161600372242, 41.214014857328365], [-7.904023159016843, 41.21477496359808], [-7.904533197598633, 41.213270306613715], [-7.9040068291898296, 41.21222100881923], [-7.904134353320033, 41.21184007917734], [-7.902402453750036, 41.2091111671874], [-7.900933680165885, 41.21051859085532], [-7.900630484545269, 41.21061327525371], [-7.900505440176606, 41.21028901757632], [-7.8997972833661665, 41.21070688630803], [-7.8999750341154975, 41.21040229960324], [-7.899267482299596, 41.210648633563835], [-7.898992986227031, 41.20977135635741], [-7.898338229597809, 41.20936978152017], [-7.897250198773875, 41.21014898269848], [-7.896750032784111, 41.2088709948478], [-7.896192123793904, 41.209613155001755], [-7.895942429231701, 41.20886933449757], [-7.895386374973945, 41.20909689807816], [-7.89420249090105, 41.20846549706477], [-7.894382131847823, 41.207646326199004], [-7.890443949880832, 41.20256313968575], [-7.889926429167764, 41.1991926202528], [-7.890084923661302, 41.195858778652656], [-7.889088148251927, 41.19248319516165]]]}, "properties": {"ano": 2016, "ha": 355}}, {"type": "Feature", "geometry": {"type": "Polygon", "coordinates": [[[-8.077486042860814, 41.1516231127627], [-8.078183565804519, 41.14924546323242], [-8.077792661915595, 41.14825292174493], [-8.076796204115935, 41.14735531581417], [-8.07858325285873, 41.14689756589904], [-8.082015760038876, 41.1478243059804], [-8.078577, 41.1509761], [-8.077486042860814, 41.1516231127627]]]}, "properties": {"ano": 2016, "ha": 12}}, {"type": "Feature", "geometry": {"type": "MultiPolygon", "coordinates": [[[[-8.013104592995626, 41.13223770256183], [-8.01637667554958, 41.13029457653033], [-8.017006848073853, 41.13034963610269], [-8.017398957529592, 41.12993796720359], [-8.01761706649715, 41.12917965466056], [-8.016275655575217, 41.12886782212158], [-8.01716137715448, 41.1271560423498], [-8.017046544841108, 41.12631089925078], [-8.016716167326004, 41.1262640526357], [-8.017638788932747, 41.1247665725794], [-8.01955334272342, 41.12338397466784], [-8.022667470803242, 41.12420004618182], [-8.02424984257043, 41.125076643141064], [-8.02451473683264, 41.125753120950314], [-8.025557536037882, 41.12637771849641], [-8.024098012827242, 41.12928707927396], [-8.02440833565664, 41.12985358098701], [-8.02482689022825, 41.13032389472436], [-8.026736719873112, 41.13034680825361], [-8.028950553970095, 41.13107681124312], [-8.029458770956703, 41.131394486606354], [-8.029964968768203, 41.13277335388149], [-8.030805466594204, 41.13173179323268], [-8.030709370585523, 41.13144715894177], [-8.032704049244707, 41.12984465583664], [-8.033445856514751, 41.1295419523927], [-8.035359823185363, 41.12983902401703], [-8.036478728345978, 41.12919995099974], [-8.03696470370339, 41.129450500695775], [-8.037889513996268, 41.12914928536179], [-8.03863399065705, 41.12872113423843], [-8.039099701472036, 41.12780296938184], [-8.038590223534374, 41.127427231496675], [-8.038870001157857, 41.127129640819476], [-8.039675065256512, 41.12683651694634], [-8.040494666474691, 41.12696989240496], [-8.041619326960342, 41.12797626579199], [-8.041593931074692, 41.12842066933127], [-8.042186173125966, 41.12856849940686], [-8.042303642000375, 41.12930412179766], [-8.04311362716477, 41.12952455735388], [-8.0423604639596, 41.13174600851839], [-8.043678608070206, 41.13158029710653], [-8.043932159356173, 41.131205557360005], [-8.045391383094227, 41.13078355504071], [-8.047684657218648, 41.13066067142693], [-8.048960431786417, 41.132116605338084], [-8.049637949855544, 41.13223743429154], [-8.050943718373487, 41.13325185719986], [-8.04972072238856, 41.13407856974458], [-8.04973978713854, 41.13464242706047], [-8.048285228957463, 41.136425577068884], [-8.048127674500668, 41.13771020613895], [-8.047711153823823, 41.13826036252185], [-8.048878627670884, 41.138846928777134], [-8.05039754212975, 41.13882879590093], [-8.050241012809705, 41.139939336707755], [-8.048497036926717, 41.14025053930156], [-8.046825338167713, 41.13932301064144], [-8.045859013680673, 41.13992666009417], [-8.044749544897266, 41.141483190860654], [-8.04105759897806, 41.14223565842671], [-8.040412871421333, 41.14158261693592], [-8.04011925970741, 41.13957425104951], [-8.041423752397982, 41.13880788808967], [-8.040765184369645, 41.138725902714036], [-8.040934744225606, 41.137795138415136], [-8.040547046621262, 41.137349383476234], [-8.038213116185494, 41.13615773508932], [-8.037107751133332, 41.13519266093202], [-8.034360424124255, 41.1359159060354], [-8.032865323725419, 41.135900399489636], [-8.031721125077349, 41.136372874919054], [-8.029513458676844, 41.13484059412739], [-8.028761229497213, 41.13337646319062], [-8.02873152769293, 41.13261471142812], [-8.028248989846846, 41.13241380048638], [-8.026379869864337, 41.13472671361659], [-8.026213217394076, 41.13539398846772], [-8.026756594848235, 41.13576053551146], [-8.02516484079221, 41.136689657352726], [-8.024295229824002, 41.137594410022295], [-8.023317930110396, 41.137242835414135], [-8.022057593114535, 41.13821774856211], [-8.021398818325993, 41.13643956744286], [-8.020347366435338, 41.13613874000308], [-8.019313049136297, 41.13712491614923], [-8.01642955873034, 41.13667106525034], [-8.01579532205472, 41.13803917549678], [-8.014219147470701, 41.13875038974045], [-8.01338643976003, 41.13860636254746], [-8.013518199182318, 41.137967329912485], [-8.015176628255988, 41.13548215867399], [-8.015716928965416, 41.133933539314434], [-8.014422624740511, 41.13302244126798], [-8.013851803983833, 41.13208553110659], [-8.013101378968537, 41.13230940775935], [-8.013104592995626, 41.13223770256183]]], [[[-8.00797386799483, 41.130963600223424], [-8.008134523629463, 41.13136459318921], [-8.008939747284943, 41.13153402765869], [-8.00896969844079, 41.13192808013068], [-8.010469033728087, 41.132289884644685], [-8.010926065915253, 41.13223523076927], [-8.011980011645685, 41.13122456225042], [-8.014244819768878, 41.13093102586782], [-8.014216590419254, 41.13130293542699], [-8.014169369721573, 41.131333457616165], [-8.01420839342945, 41.131297559428184], [-8.010488866077, 41.13274684161875], [-8.00926415709051, 41.132427271051675], [-8.007377910000702, 41.13305503967127], [-8.00797386799483, 41.130963600223424]]], [[[-8.007548036255933, 41.13221124316928], [-8.007370152638318, 41.13160076517407], [-8.006482870668082, 41.13177839343546], [-8.006230703611434, 41.131449633612476], [-8.00706171912234, 41.13050645412545], [-8.006977915309438, 41.12999732314273], [-8.007966445752068, 41.130792085726775], [-8.007548036255933, 41.13221124316928]]], [[[-8.014163682660167, 41.131335640720856], [-8.012571673760933, 41.132366140004436], [-8.011471867583408, 41.13239166864708], [-8.01259734440884, 41.131973835919794], [-8.014163682660167, 41.131335640720856]]], [[[-8.013913269055125, 41.13149898964368], [-8.013109068319508, 41.13213784183716], [-8.013104592995626, 41.13223770256183], [-8.013075008021389, 41.13226290124093], [-8.012643175153338, 41.13235159790975], [-8.013913269055125, 41.13149898964368]]]]}, "properties": {"ano": 2016, "ha": 286}}, {"type": "Feature", "geometry": {"type": "MultiPolygon", "coordinates": [[[[-8.061927656467898, 41.16204090108648], [-8.06096063422954, 41.16017241418337], [-8.061823969655872, 41.15939533125742], [-8.06245993174585, 41.15897832388265], [-8.063064461002876, 41.159653392548435], [-8.064207386607583, 41.159168069284654], [-8.065223528017675, 41.15914595565492], [-8.0620855, 41.1615106], [-8.061927656467898, 41.16204090108648]]], [[[-8.062478669272114, 41.162666312648604], [-8.062435385484003, 41.16260939288904], [-8.062481996176421, 41.16267640432577], [-8.062478669272114, 41.162666312648604]]], [[[-8.06254958785222, 41.16292276239119], [-8.0625657, 41.1629457], [-8.062565213854292, 41.16297610620436], [-8.06254958785222, 41.16292276239119]]]]}, "properties": {"ano": 2016, "ha": 16}}, {"type": "Feature", "geometry": {"type": "Polygon", "coordinates": [[[-7.934657680594928, 41.14215719678061], [-7.934925145546679, 41.143149469013096], [-7.934391550859489, 41.14366344139962], [-7.934784378830516, 41.14486926486871], [-7.934376002809432, 41.145649603696604], [-7.9327499544716105, 41.146470586002025], [-7.9321908336329345, 41.14625197585139], [-7.931753213672514, 41.14717664147952], [-7.930633979835645, 41.14604141852021], [-7.930809833139213, 41.14577414823975], [-7.931515752922383, 41.14595814355762], [-7.931827076736624, 41.144744919093725], [-7.931294493598261, 41.14449683627478], [-7.931772048713981, 41.14409435214515], [-7.932020874905634, 41.14324702762211], [-7.934114856586474, 41.142610237279236], [-7.934657680594928, 41.14215719678061]]]}, "properties": {"ano": 2016, "ha": 10}}, {"type": "Feature", "geometry": {"type": "Polygon", "coordinates": [[[-7.958037578467387, 41.182437607609295], [-7.9596103874665385, 41.18435093960846], [-7.959786640784145, 41.184089571231326], [-7.961739774090843, 41.184250633486585], [-7.959756627424409, 41.18544156291661], [-7.959918009611753, 41.18622324635483], [-7.957977410844832, 41.187442853264066], [-7.957918920767306, 41.18673274804055], [-7.9569726159725365, 41.18732544961082], [-7.955598404339892, 41.18716726946629], [-7.954222896362494, 41.18771338378103], [-7.950837890655141, 41.18704132975627], [-7.948846648515276, 41.18468214198262], [-7.9498847751090045, 41.18386378093352], [-7.949815161089347, 41.183163980579835], [-7.948038648452946, 41.18322021629682], [-7.94446356828741, 41.18468657282491], [-7.942557444137247, 41.184050244430814], [-7.942185239321018, 41.183523213559134], [-7.9434364910433635, 41.18335952449743], [-7.944810528635266, 41.18271072910194], [-7.944846832841575, 41.182202517586916], [-7.945830850057435, 41.18222083116566], [-7.9458819960079685, 41.18183999185052], [-7.946399708762816, 41.18211041691656], [-7.946749449561659, 41.18147687039398], [-7.948172247757826, 41.18109583704097], [-7.947465895306233, 41.17912254790635], [-7.945944525100902, 41.178620995389245], [-7.945660114649541, 41.17788496843604], [-7.944309030040422, 41.17785288795176], [-7.944499920388099, 41.17585427418342], [-7.944220351814401, 41.17552132218099], [-7.946129320577817, 41.17484226523571], [-7.944914657228468, 41.173174425230215], [-7.94268084266229, 41.17343932042616], [-7.94109687074091, 41.17024487402008], [-7.9414188108724275, 41.16873379015807], [-7.942430472649298, 41.168000200789365], [-7.945095359946969, 41.16755632610718], [-7.947485150110982, 41.17022878064484], [-7.949277348437407, 41.17022354559229], [-7.949372292144116, 41.17168942525153], [-7.949041942570504, 41.17256475277736], [-7.950298145864849, 41.174685659691924], [-7.953856738048401, 41.1754426599337], [-7.9539037048574475, 41.17608034935432], [-7.953278266017758, 41.176543369787424], [-7.953293241383585, 41.176162981749854], [-7.952972260790883, 41.17620103774035], [-7.950672265960676, 41.17722659537937], [-7.9517418594725235, 41.177870214689385], [-7.952316534318625, 41.17758635916512], [-7.953410044357157, 41.17797597425545], [-7.954120680357718, 41.178948227844586], [-7.956294713070974, 41.1796884683795], [-7.957364691800188, 41.18047544177067], [-7.958284542559838, 41.181743009404414], [-7.958037578467387, 41.182437607609295]]]}, "properties": {"ano": 2016, "ha": 152}}, {"type": "Feature", "geometry": {"type": "Polygon", "coordinates": [[[-7.962744361214313, 41.14329107942749], [-7.963234071214837, 41.14103472899985], [-7.9635932918578805, 41.14083443370989], [-7.96599130986465, 41.14038470675924], [-7.968313583315066, 41.14119616832176], [-7.965472192413914, 41.14203018542759], [-7.964897308964198, 41.14248039350248], [-7.965111611541221, 41.142886406081004], [-7.962744361214313, 41.14329107942749]]]}, "properties": {"ano": 2016, "ha": 8}}, {"type": "Feature", "geometry": {"type": "MultiPolygon", "coordinates": [[[[-8.058353573248448, 41.18174462653536], [-8.0569891, 41.1843651], [-8.0543628, 41.1866157], [-8.0493646, 41.1877114], [-8.0466195, 41.1890163], [-8.0412791, 41.1894414], [-8.04043788771679, 41.189754754954244], [-8.040562266055591, 41.18848808405372], [-8.041269544970671, 41.18771346663117], [-8.042117561456152, 41.187673588665106], [-8.042067956817531, 41.187056030891455], [-8.042614192615689, 41.18612637049595], [-8.042231649122375, 41.18544756053116], [-8.042929877464571, 41.18405297347515], [-8.042800366157465, 41.18283308106534], [-8.043590785474748, 41.18040173853789], [-8.044034932929923, 41.180287727612594], [-8.045436425223759, 41.18112740966781], [-8.045695964471147, 41.18303305683146], [-8.04613507972659, 41.18291903404391], [-8.046198211606084, 41.18096360358832], [-8.046608124304328, 41.18002619630726], [-8.046415825949294, 41.179122889020796], [-8.049073303182894, 41.177867176253805], [-8.048619609257742, 41.17757714360111], [-8.048129543064018, 41.17645821683262], [-8.050064728595624, 41.17560318147585], [-8.05091230294001, 41.17559235391132], [-8.05153351916947, 41.17504388798404], [-8.051533873830389, 41.174757999793215], [-8.05112068923307, 41.17466610416124], [-8.048038480259173, 41.174401443161344], [-8.047311475051911, 41.17481258329062], [-8.04656997419777, 41.17473197980426], [-8.0460105163847, 41.17433131337312], [-8.045544861159213, 41.173202651627115], [-8.046019609047347, 41.17279895517085], [-8.047693913575017, 41.17323476040827], [-8.047916093067498, 41.173074827379786], [-8.047765946245146, 41.17215224706554], [-8.049997946108906, 41.17039280169547], [-8.050259631905544, 41.17089615514675], [-8.052448800567332, 41.17106543060175], [-8.053562583886006, 41.17192670288373], [-8.052947978190774, 41.17294704934668], [-8.051862762849561, 41.173418005954304], [-8.05292758456691, 41.174157298914295], [-8.053373128946934, 41.175963473162426], [-8.054073298652119, 41.17582101153951], [-8.054648466454436, 41.174735026954835], [-8.05500151593251, 41.17481626833472], [-8.055013120577991, 41.17566441397541], [-8.055509606124494, 41.1760440284436], [-8.055246812517675, 41.17642503620133], [-8.05465642143416, 41.17652374385186], [-8.054590417219705, 41.176874389792324], [-8.055599297774036, 41.17699324000895], [-8.055649475648048, 41.17722579687819], [-8.056477152093365, 41.17699001586255], [-8.057354052129238, 41.17781395611298], [-8.059018328328301, 41.17837538064469], [-8.059225822654287, 41.179129407543066], [-8.058353573248448, 41.18174462653536]]], [[[-8.034733567410862, 41.19344876190313], [-8.035258981988164, 41.19183812275306], [-8.037358014408962, 41.19137897602367], [-8.034733567410862, 41.19344876190313]]]]}, "properties": {"ano": 2016, "ha": 678}}, {"type": "Feature", "geometry": {"type": "Polygon", "coordinates": [[[-7.963562188396052, 41.1316394403079], [-7.961931808063582, 41.13229214615175], [-7.961209164804258, 41.13402421778039], [-7.960640881210906, 41.134612157511725], [-7.958648361860149, 41.13240377834332], [-7.959752069109374, 41.13205588197479], [-7.959514982450733, 41.13178966216245], [-7.9605771447317855, 41.13133717998281], [-7.962630438364486, 41.13124760552114], [-7.963562188396052, 41.1316394403079]]]}, "properties": {"ano": 2016, "ha": 6}}, {"type": "Feature", "geometry": {"type": "Polygon", "coordinates": [[[-7.925030844664318, 41.16820173100061], [-7.924839955165425, 41.169889222284176], [-7.924155140732519, 41.17093955354425], [-7.923646451858478, 41.17109896483321], [-7.922719866379858, 41.16945609809626], [-7.921532295933767, 41.16885421067116], [-7.921395244897567, 41.16790152949872], [-7.921906885185485, 41.166936450781115], [-7.923326414106374, 41.16693087070741], [-7.923997914884145, 41.16657363511536], [-7.924185554455693, 41.16730293756506], [-7.925030844664318, 41.16820173100061]]]}, "properties": {"ano": 2016, "ha": 9}}, {"type": "Feature", "geometry": {"type": "Polygon", "coordinates": [[[-7.9978427386952164, 41.16773456714235], [-8.0004694292892, 41.169499655115644], [-8.006300458139428, 41.17089268026875], [-8.007192278222039, 41.17598897348985], [-8.006839234847105, 41.176273397502776], [-8.001425676739892, 41.17420101007655], [-7.998043470513579, 41.17398470242396], [-7.9977444411383685, 41.17424826735936], [-7.997103490254253, 41.178927667471406], [-7.995036200477322, 41.184113606616535], [-7.989425932726765, 41.182547406240715], [-7.9821446058567265, 41.18106835818385], [-7.978942856611563, 41.17963126412887], [-7.97859950586408, 41.17980430435425], [-7.9751797095783985, 41.17642996557087], [-7.9750647425033865, 41.17247241248408], [-7.974432881915815, 41.17215244991714], [-7.9735751939020005, 41.1732876334474], [-7.972417281161456, 41.1728684997944], [-7.973015095209175, 41.17064424460893], [-7.972708042527448, 41.165433200600255], [-7.969174280153601, 41.164985130262366], [-7.967907111406002, 41.16379115525769], [-7.969881047502609, 41.162612454909606], [-7.969433654489666, 41.16184933935942], [-7.968591626144619, 41.1614380156313], [-7.969592806527545, 41.16013133909351], [-7.967647926209682, 41.15833954887571], [-7.96776111401978, 41.15751151795835], [-7.964871216043775, 41.158244413336625], [-7.96424871920376, 41.15753439561551], [-7.964737422434504, 41.155467140467856], [-7.9645684530739205, 41.153823423258174], [-7.96520758213926, 41.15369472491757], [-7.965551365443219, 41.154102268013695], [-7.966271556622856, 41.15411586726775], [-7.96777314052251, 41.15135863478159], [-7.967379731705773, 41.14966980487052], [-7.968591836795662, 41.14899877614265], [-7.969210780250171, 41.149852641317615], [-7.96991760761746, 41.150234628004576], [-7.972989052645958, 41.150930043588176], [-7.974091928027819, 41.152267723350015], [-7.974394923190302, 41.154182737654295], [-7.9754049455547635, 41.15512659711742], [-7.973909582757514, 41.15697441393006], [-7.974965502906478, 41.156663232568356], [-7.9745862799462905, 41.15775582470569], [-7.97860791774774, 41.1588833684206], [-7.980614542396419, 41.15797117814821], [-7.982193914018356, 41.15807808180774], [-7.98355927003792, 41.15903866814369], [-7.983419580871563, 41.15949679533626], [-7.982254177482109, 41.159767152378365], [-7.983400833178318, 41.162020146611695], [-7.985740802502798, 41.16448882240116], [-7.988761170255501, 41.165605188651604], [-7.991777187115207, 41.16458893045483], [-7.992055916323875, 41.1638687150404], [-7.993740005925472, 41.16469127062544], [-7.995378713365315, 41.16631964754501], [-7.998109633183074, 41.1673502243866], [-7.9978427386952164, 41.16773456714235]]]}, "properties": {"ano": 2016, "ha": 554}}, {"type": "Feature", "geometry": {"type": "MultiPolygon", "coordinates": [[[[-7.970816151592874, 41.13986599414476], [-7.972492815581281, 41.13934852921512], [-7.973361757027901, 41.14004953784369], [-7.9743692659964545, 41.13960731109073], [-7.9744011253248175, 41.14075991603811], [-7.975108739691015, 41.14199343572006], [-7.974110808609054, 41.14206649762936], [-7.973400480811521, 41.14153222352527], [-7.970545896714278, 41.14121628998478], [-7.970816151592874, 41.13986599414476]]], [[[-7.970554216717046, 41.140710205265215], [-7.970676150732385, 41.14028006727977], [-7.970666781001628, 41.14034741336472], [-7.970554216717046, 41.140710205265215]]]]}, "properties": {"ano": 2016, "ha": 7}}, {"type": "Feature", "geometry": {"type": "Polygon", "coordinates": [[[-7.98724883505836, 41.13493313921785], [-7.9859248934330145, 41.13560104740043], [-7.985329536803348, 41.13659376971694], [-7.984383121499207, 41.137346487105354], [-7.9819369897775285, 41.13834627887419], [-7.979854934958076, 41.13834402042035], [-7.978150934233677, 41.139040886859604], [-7.978876595933251, 41.14018423248312], [-7.977822366134044, 41.14154450459958], [-7.977915035658295, 41.14232986075091], [-7.976845085583762, 41.141844937948854], [-7.97574169487451, 41.14206828863338], [-7.974999008105498, 41.14182952468632], [-7.9743767287877585, 41.14069981940508], [-7.974430647302841, 41.139546434883144], [-7.973344044851835, 41.140036085001945], [-7.972433423069359, 41.13926977393907], [-7.971574322541023, 41.13918512050505], [-7.971092217220558, 41.138695262532934], [-7.971505861457609, 41.13857492596785], [-7.971136737889227, 41.13777780144308], [-7.970145882639336, 41.1373287972593], [-7.97144098638739, 41.1348432768333], [-7.971946486983831, 41.13493615615273], [-7.9729340542919065, 41.133643916110884], [-7.972865978697776, 41.133350113411204], [-7.973320972339175, 41.13297100639225], [-7.973294880951262, 41.13208806848887], [-7.9746725326546, 41.13099336478298], [-7.976171481562523, 41.13081747371811], [-7.976139627361389, 41.13021414094127], [-7.976679348625671, 41.129443051535034], [-7.977569804160373, 41.129122242610386], [-7.978996624310744, 41.129442081295544], [-7.97904824448135, 41.13006795177792], [-7.979580514415182, 41.13043475803927], [-7.9825892068466455, 41.13012403798305], [-7.9843107594631535, 41.13067550394089], [-7.984360032384009, 41.13127402335759], [-7.9847080547260685, 41.131321773339614], [-7.985101178107805, 41.132298465004716], [-7.98724883505836, 41.13493313921785]]]}, "properties": {"ano": 2016, "ha": 115}}, {"type": "Feature", "geometry": {"type": "Polygon", "coordinates": [[[-8.102760699095755, 41.13938189684867], [-8.0990712, 41.1416746], [-8.0978029, 41.1418419], [-8.0974399, 41.1413357], [-8.0961006, 41.1415069], [-8.0936414, 41.1430581], [-8.092376, 41.1434145], [-8.0916197, 41.1441157], [-8.0828115, 41.1473133], [-8.081487541922838, 41.14846673155428], [-8.083242736622593, 41.14659594952365], [-8.084496534526602, 41.145840230579516], [-8.085124467153001, 41.14479102924556], [-8.087919779114022, 41.143194990807416], [-8.087820495485948, 41.14119932908323], [-8.08837393421632, 41.14022714685958], [-8.088114724871577, 41.13964225050731], [-8.088842042962492, 41.137624229775476], [-8.089745770363791, 41.13693339419174], [-8.090698898328942, 41.13520424893519], [-8.091436205435485, 41.13592060554516], [-8.091695877487002, 41.13523669350121], [-8.091832634191434, 41.13337649141445], [-8.091356972881954, 41.13299837810721], [-8.093761245842204, 41.13264966529239], [-8.094345905954457, 41.13175258032013], [-8.095891176663951, 41.13163236570939], [-8.09670477012214, 41.132656318429454], [-8.095931849988025, 41.13286145448445], [-8.09596793403807, 41.13389757756439], [-8.096927655283897, 41.13321696556184], [-8.097036345203751, 41.13377770076976], [-8.098503374527294, 41.133295228093694], [-8.099387721151576, 41.13342384394017], [-8.101276641692076, 41.135516354163435], [-8.103318132730314, 41.13661546400416], [-8.10542518001122, 41.137038406810234], [-8.106999542415391, 41.13631011588359], [-8.10719035274012, 41.134971373244845], [-8.10775798891868, 41.13377352382921], [-8.108337222458005, 41.13358494497498], [-8.109707150939709, 41.13448426566286], [-8.1100744017502, 41.13533131302955], [-8.1074138, 41.1370364], [-8.102762265785579, 41.139381145102554], [-8.094996775120844, 41.13487625566729], [-8.102760699095755, 41.13938189684867]], [[-8.095031192114261, 41.134845993273686], [-8.09535175917719, 41.1343967671941], [-8.094989097626327, 41.13482130002692], [-8.095031192114261, 41.134845993273686]], [[-8.094996775120844, 41.13487625566729], [-8.094773261497103, 41.13493913413683], [-8.094770497759379, 41.13507522608009], [-8.094996775120844, 41.13487625566729]]]}, "properties": {"ano": 2016, "ha": 581}}, {"type": "Feature", "geometry": {"type": "Polygon", "coordinates": [[[-8.04896043178757, 41.13211660443765], [-8.05094371956446, 41.133251857200705], [-8.0497207223897, 41.13407856884414], [-8.049739785947555, 41.134642427059596], [-8.04828522895862, 41.136425576168456], [-8.048127674500668, 41.13771020613895], [-8.047711153823823, 41.13826036252185], [-8.048878627670884, 41.138846928777134], [-8.05039754212975, 41.13882879590093], [-8.050241012809705, 41.139939336707755], [-8.048497036926717, 41.14025053930156], [-8.046825338167713, 41.13932301064144], [-8.045859013680673, 41.13992666009417], [-8.044749544897266, 41.141483190860654], [-8.041842072391935, 41.14227228763983], [-8.04105759897806, 41.14223565842671], [-8.04041287023022, 41.141582616934954], [-8.040119260898487, 41.139574251050476], [-8.041423752397982, 41.13880788808967], [-8.040765184369645, 41.138725902714036], [-8.040934743035821, 41.13779513751373], [-8.040547046621262, 41.137349383476234], [-8.03821311737521, 41.13615773599074], [-8.037107751132021, 41.13519266183247], [-8.034360424124255, 41.1359159060354], [-8.032865323725419, 41.135900399489636], [-8.031721125077349, 41.136372874919054], [-8.029513458678261, 41.13484059322696], [-8.028761229497213, 41.13337646319062], [-8.02873152769293, 41.13261471142812], [-8.028248989846846, 41.13241380048638], [-8.026379868673354, 41.13472671361549], [-8.026213218586548, 41.13539398756838], [-8.026756594848235, 41.13576053551146], [-8.02516484079221, 41.136689657352726], [-8.024295229824002, 41.137594410022295], [-8.023317930110396, 41.137242835414135], [-8.022057593114535, 41.13821774856211], [-8.021398818325993, 41.13643956744286], [-8.020347366435338, 41.13613874000308], [-8.019313049136297, 41.13712491614923], [-8.01642955873034, 41.13667106525034], [-8.01579532205472, 41.13803917549678], [-8.014219147470701, 41.13875038974045], [-8.01338643976003, 41.13860636254746], [-8.013518199182318, 41.137967329912485], [-8.0151766282576, 41.13548215777357], [-8.015716928965416, 41.133933539314434], [-8.014222833038968, 41.13280326025751], [-8.013821936728785, 41.13175851974914], [-8.014154658539333, 41.1313259957657], [-8.01637667554958, 41.13029457653033], [-8.017006848073853, 41.13034963610269], [-8.017398957529592, 41.12993796720359], [-8.017617067688036, 41.12917965466176], [-8.016275655575217, 41.12886782212158], [-8.01716137715448, 41.1271560423498], [-8.017046544841108, 41.12631089925078], [-8.016716167326004, 41.1262640526357], [-8.017638788932747, 41.1247665725794], [-8.019553341532626, 41.123383974666666], [-8.022667470803242, 41.12420004618182], [-8.02424984257043, 41.125076643141064], [-8.02451473683264, 41.125753120950314], [-8.025557537227247, 41.12637771939796], [-8.024098011634848, 41.12928708017328], [-8.02440833446573, 41.12985358098587], [-8.02482689022973, 41.130323893823935], [-8.026736719873112, 41.13034680825361], [-8.028950552779174, 41.13107681124204], [-8.029458769767194, 41.13139448570483], [-8.029964968768203, 41.13277335388149], [-8.030805466595602, 41.13173179233223], [-8.030709370585523, 41.13144715894177], [-8.032704049244707, 41.12984465583664], [-8.033445856514751, 41.1295419523927], [-8.035359823185363, 41.12983902401703], [-8.0364787283473, 41.12919995009931], [-8.03696470370339, 41.129450500695775], [-8.0379459008666, 41.129127457486774], [-8.03863399065576, 41.128721135138875], [-8.039099701472036, 41.12780296938184], [-8.038590223535666, 41.12742723059624], [-8.039675065256512, 41.12683651694634], [-8.041004452826831, 41.1273057523107], [-8.041619326960342, 41.12797626579199], [-8.041593931074692, 41.12842066933127], [-8.042186173125966, 41.12856849940686], [-8.042303642000375, 41.12930412179766], [-8.04311362716477, 41.12952455735388], [-8.04236046276867, 41.13174600851745], [-8.043678608070206, 41.13158029710653], [-8.043932158165248, 41.131205557359074], [-8.045391383094227, 41.13078355504071], [-8.047684656027732, 41.130660671426035], [-8.04896043178757, 41.13211660443765]]]}, "properties": {"ano": 2016, "ha": 278}}, {"type": "Feature", "geometry": {"type": "Polygon", "coordinates": [[[-7.950808898285965, 41.168891135940214], [-7.949731509867579, 41.16889736308239], [-7.949735838797496, 41.16924874729025], [-7.950449573824699, 41.16925047203412], [-7.950269909621809, 41.16996911428832], [-7.95008201916647, 41.16943057104751], [-7.9490145515477595, 41.169433841204665], [-7.949371593208437, 41.16978945155665], [-7.948652954545992, 41.1696097878567], [-7.948832618878041, 41.16925047175375], [-7.949369324750483, 41.1692467549328], [-7.948832618736766, 41.16889114538673], [-7.949551271687101, 41.16835215612528], [-7.950090247718648, 41.16835215656071], [-7.950808898285965, 41.168891135940214]]]}, "properties": {"ano": 2017, "ha": 1}}, {"type": "Feature", "geometry": {"type": "Polygon", "coordinates": [[[-7.968236215937318, 41.126849981454995], [-7.967876901795056, 41.12702964355538], [-7.966439597659713, 41.12667031693645], [-7.966619261694383, 41.126131338173685], [-7.966977997606938, 41.12612511171756], [-7.966978588085412, 41.12541268539332], [-7.9678768951664685, 41.12595181298615], [-7.966980854608086, 41.12666661089274], [-7.968056552679864, 41.12649066436196], [-7.968236215937318, 41.126849981454995]]]}, "properties": {"ano": 2017, "ha": 1}}, {"type": "Feature", "geometry": {"type": "Polygon", "coordinates": [[[-8.008121420465487, 41.17068791509031], [-8.007582425813476, 41.171765744769324], [-8.005785806970081, 41.17158608248737], [-8.005964880885506, 41.170873656891395], [-8.005067154808604, 41.170508103614154], [-8.005246228488568, 41.170155004543496], [-8.004887491238923, 41.170148777233045], [-8.004887491084066, 41.16978946069717], [-8.005785794890922, 41.16978946039272], [-8.0059736974353, 41.17014834157102], [-8.007235021228643, 41.170328445520184], [-8.0079417518284, 41.170148787089026], [-8.007403351273314, 41.170681549155645], [-8.008121420465487, 41.17068791509031]]]}, "properties": {"ano": 2017, "ha": 3}}, {"type": "Feature", "geometry": {"type": "Polygon", "coordinates": [[[-8.024650229674595, 41.18542014188246], [-8.02321312283834, 41.18542013747768], [-8.022674134467064, 41.18524047423008], [-8.022674133841242, 41.184881157706194], [-8.024111426560706, 41.18434216806551], [-8.024113709444984, 41.184877440669446], [-8.024650415769484, 41.18488115737167], [-8.024650229674595, 41.18542014188246]], [[-8.023934045630662, 41.18505710345695], [-8.02410915599597, 41.18488486494386], [-8.023934045641345, 41.18488486477063], [-8.023934045630662, 41.18505710345695]]]}, "properties": {"ano": 2017, "ha": 1}}, {"type": "Feature", "geometry": {"type": "Polygon", "coordinates": [[[-7.9488326121772825, 41.196614051198544], [-7.949187024067901, 41.1963778692987], [-7.94955127144595, 41.19584060424423], [-7.950621004781212, 41.196019821733145], [-7.950808899300367, 41.19566094137341], [-7.950988562953749, 41.19602026758188], [-7.9488326121772825, 41.196614051198544]]]}, "properties": {"ano": 2017, "ha": 1}}, {"type": "Feature", "geometry": {"type": "Polygon", "coordinates": [[[-7.9509885682259505, 41.16493869621483], [-7.950272191316101, 41.16512192852108], [-7.949910582386548, 41.166016527011536], [-7.949373876687467, 41.16602024366874], [-7.94973092163297, 41.166555526285975], [-7.949551256513957, 41.16691484306307], [-7.948295898212966, 41.16691855887273], [-7.94793487942659, 41.1676272773731], [-7.948832606348743, 41.167813167932586], [-7.948832604833205, 41.168352146767795], [-7.948298534543485, 41.16835387085386], [-7.948113951955385, 41.168891136044664], [-7.947574976282224, 41.168891135364284], [-7.947933712910734, 41.16870525566086], [-7.947929384702548, 41.168174208150646], [-7.9472156507109855, 41.168172483104954], [-7.946676661116768, 41.167992820392875], [-7.94667174301034, 41.16763521933362], [-7.9461458994466785, 41.16763394019911], [-7.946681566888673, 41.168530094514686], [-7.947395301167488, 41.16853182017085], [-7.947395300640991, 41.168891136650515], [-7.946496997531645, 41.168891135397374], [-7.945776063493238, 41.16799653671666], [-7.945419019150471, 41.16799282015589], [-7.945234438865473, 41.16745555646072], [-7.9441613776866635, 41.1674538309378], [-7.944336123112132, 41.166736904297984], [-7.9434427258243, 41.166914841496855], [-7.943075159651302, 41.16637629942506], [-7.942005421412723, 41.16637585233526], [-7.942005422808256, 41.16583687334309], [-7.94272348421099, 41.165471320773506], [-7.94236474897385, 41.165118221502624], [-7.943617471945876, 41.16475717080765], [-7.9436223904392484, 41.16421990607419], [-7.944877748692579, 41.16421618984693], [-7.944161378146039, 41.16386056976767], [-7.944341042844491, 41.16350125401323], [-7.94541900763495, 41.16314192846352], [-7.945421289683478, 41.16367720074158], [-7.945778333709935, 41.16350125483559], [-7.946494716573971, 41.16403652644271], [-7.9463167449342444, 41.16332780814376], [-7.945778346125208, 41.16332158069442], [-7.945778347027826, 41.16296226477205], [-7.947215637935451, 41.16314192813138], [-7.9470382565274935, 41.163677200237], [-7.947754627755668, 41.16368091786752], [-7.947942529896564, 41.164039797605845], [-7.94919193143778, 41.16386058088712], [-7.949194213892256, 41.164216189706806], [-7.949918823632789, 41.16457878707912], [-7.950629236358689, 41.16439956975538], [-7.9509885682259505, 41.16493869621483]], [[-7.94918370453966, 41.16583642841423], [-7.949191354474283, 41.16530410137684], [-7.948652954696408, 41.165297873849724], [-7.948648036713982, 41.16494027360248], [-7.947934879176161, 41.165304101684214], [-7.948118871100342, 41.16565548581584], [-7.948832605702379, 41.1654775482629], [-7.948834887429799, 41.165833156987546], [-7.94918370453966, 41.16583642841423]], [[-7.947934880207859, 41.16511199434299], [-7.948113376367362, 41.16458544981569], [-7.947942529416347, 41.164579668225734], [-7.947934880207859, 41.16511199434299]], [[-7.950092528793352, 41.164755178806004], [-7.950267641231497, 41.164582939450774], [-7.950092529010598, 41.1645829386874], [-7.950092528793352, 41.164755178806004]], [[-7.949373876181338, 41.165833157183336], [-7.949548988616192, 41.165660917154476], [-7.94937387709916, 41.165660917099146], [-7.949373876181338, 41.165833157183336]], [[-7.949194212964579, 41.166012820079864], [-7.949369325157364, 41.165840580329586], [-7.949194214352079, 41.165840580902454], [-7.949194212964579, 41.166012820079864]], [[-7.947936572707962, 41.167270461345666], [-7.948111684402954, 41.16709822174671], [-7.947936572634606, 41.167098222205276], [-7.947936572707962, 41.167270461345666]], [[-7.9472179194203845, 41.16798911375546], [-7.947393031341336, 41.16781687437245], [-7.94721792004689, 41.167816873738246], [-7.9472179194203845, 41.16798911375546]]]}, "properties": {"ano": 2017, "ha": 25}}, {"type": "Feature", "geometry": {"type": "Polygon", "coordinates": [[[-7.971829477385704, 41.13493481822604], [-7.97147506640126, 41.13493654290671], [-7.971110823329821, 41.1356534709565], [-7.970574116974232, 41.13583685083079], [-7.970392171974657, 41.13673144936763], [-7.969853771638516, 41.13673767596961], [-7.9698531819676255, 41.13762976421569], [-7.96949613833076, 41.13763348075153], [-7.969493863260289, 41.137980090761566], [-7.97021250937034, 41.13834842625774], [-7.970032845377112, 41.13870774261808], [-7.968775216657953, 41.13888740519837], [-7.968603777795798, 41.138348861368215], [-7.968415877492515, 41.139067068538715], [-7.966619260339739, 41.13924673084116], [-7.966259935689034, 41.138168762705796], [-7.966798917048929, 41.137998099826504], [-7.966259934221251, 41.13762976385826], [-7.966251697967349, 41.13709122036237], [-7.965721521916361, 41.137097001947076], [-7.96608025773044, 41.137450101323374], [-7.9650022923247175, 41.13745010011479], [-7.964651191277345, 41.136911557204144], [-7.9642836280744005, 41.13745010177895], [-7.963926583922867, 41.1374538172604], [-7.964651190527955, 41.13816831689679], [-7.964822630906427, 41.137809436311144], [-7.965361606653643, 41.13798910048642], [-7.965361605943552, 41.13834841622165], [-7.9648226169656855, 41.1387077427224], [-7.962487010047673, 41.138707741433464], [-7.962666084493562, 41.1379953170965], [-7.961948021408984, 41.13780942695533], [-7.9621270944481255, 41.1370970015434], [-7.9617683581153535, 41.13709077415419], [-7.962125403059769, 41.136735165591986], [-7.961049705377822, 41.136731447962745], [-7.960870042678686, 41.13637212208729], [-7.960870043408955, 41.134934827944875], [-7.961588105152529, 41.13440205608247], [-7.96122936926096, 41.13439582882039], [-7.9612244534528624, 41.133858564661196], [-7.960151390087739, 41.1340365022707], [-7.960151391755897, 41.13367718628061], [-7.960865126801782, 41.133675461550965], [-7.960870043535943, 41.13331786012328], [-7.962299111398068, 41.133497077798296], [-7.963205073524238, 41.13277264399668], [-7.961768357375169, 41.132778861441054], [-7.9617683585025665, 41.13170089243896], [-7.962299112040745, 41.131880110456855], [-7.963205656419086, 41.13151222099557], [-7.962487010664009, 41.13116189347442], [-7.962845746963257, 41.13097601371364], [-7.962841421329149, 41.13044496682553], [-7.961588694196442, 41.1304432409001], [-7.961768359431972, 41.12954493581731], [-7.962486998131178, 41.12954493716], [-7.9624892792232735, 41.12990054607108], [-7.962834420950659, 41.12990425778682], [-7.962846337137412, 41.12954493572911], [-7.963205649938508, 41.12954493674049], [-7.963026576747937, 41.13007769856073], [-7.96374463957559, 41.13008392587574], [-7.963752874814651, 41.130442805788306], [-7.9639243159563655, 41.12990426162613], [-7.9642836283381495, 41.129904262877446], [-7.96428590960976, 41.13025987173548], [-7.965014196435541, 41.13080257270664], [-7.9658956925568045, 41.13062118994606], [-7.966080272928273, 41.1300839249755], [-7.966616980125941, 41.130080209557676], [-7.966080272909014, 41.12918560998432], [-7.966794007978709, 41.12918388541657], [-7.966796642688334, 41.12882999087195], [-7.965181956768624, 41.12828729458666], [-7.966434682445999, 41.12810590695663], [-7.966080272247713, 41.12720931596824], [-7.966798911683996, 41.12720931741598], [-7.966801192284974, 41.12774458909709], [-7.967517569652199, 41.12792810659489], [-7.966807145877881, 41.128466511643815], [-7.967876889545631, 41.12828729505858], [-7.9680483299868, 41.12864617553124], [-7.968056566342868, 41.12828729419012], [-7.969493857210717, 41.127748306008904], [-7.969678436004155, 41.1282855697011], [-7.970392172966112, 41.128287294947405], [-7.970400407316948, 41.128646175412555], [-7.971470151010697, 41.128646621458984], [-7.9714701492611235, 41.12900593779204], [-7.970033434887496, 41.12937149002356], [-7.970217424648511, 41.12990253701502], [-7.971110824540677, 41.13008392581777], [-7.971110823985057, 41.1311618942936], [-7.970394453654385, 41.13134527373415], [-7.970392171243562, 41.13188054663125], [-7.97021024077409, 41.131165611039556], [-7.969134542837602, 41.130622904595256], [-7.969132262307146, 41.13008763231945], [-7.968775216826907, 41.13026357791263], [-7.968772936324167, 41.129907969133725], [-7.968231312611179, 41.12954665167682], [-7.967876889217309, 41.12990425266927], [-7.966801192332313, 41.13008763234923], [-7.967166472835907, 41.13044280562285], [-7.967876890419147, 41.13026358872878], [-7.967518152351777, 41.130976013480044], [-7.968236215486383, 41.131341567703764], [-7.968415878267262, 41.131880546792615], [-7.968056551197611, 41.13241953618432], [-7.966801191867185, 41.13278257829209], [-7.966260511037327, 41.133670959732015], [-7.967329677355249, 41.133676741627305], [-7.96787688986538, 41.13331786057101], [-7.968061468648361, 41.133675462022005], [-7.969314193847954, 41.13403651284083], [-7.9693164749592045, 41.13439212225623], [-7.969858099137525, 41.1347534397305], [-7.9714701504476775, 41.13439583950829], [-7.971829477385704, 41.13493481822604]], [[-7.962667250628652, 41.13834219945581], [-7.963923725885385, 41.13781565366702], [-7.963210565953119, 41.13781115181017], [-7.962667250628652, 41.13834219945581]], [[-7.970024623284425, 41.12936482778011], [-7.970027943033245, 41.129007661925264], [-7.9693147829958155, 41.12901216450308], [-7.9694987731140365, 41.12954321087206], [-7.970024623284425, 41.12936482778011]], [[-7.961760121948224, 41.135473371471], [-7.961229368369086, 41.135294143865416], [-7.961583779538372, 41.13493654296137], [-7.961051974865192, 41.13493853409264], [-7.961054608697844, 41.135472092132844], [-7.961760121948224, 41.135473371471]], [[-7.968587318949587, 41.12954449081855], [-7.968594965138802, 41.12901216445127], [-7.968241131483903, 41.12900766156511], [-7.968236804666689, 41.129538709527566], [-7.968587318949587, 41.12954449081855]], [[-7.968946644996905, 41.12882583862794], [-7.968954291752135, 41.12829351216968], [-7.968783440647805, 41.12828772997543], [-7.968596130728251, 41.12864039396088], [-7.968946644996905, 41.12882583862794]], [[-7.961760121639715, 41.13655134967147], [-7.961583780007381, 41.136194184592895], [-7.9612299454974735, 41.136198686186646], [-7.961413934760216, 41.13655007066293], [-7.961760121639715, 41.13655134967147]], [[-7.966080848437605, 41.13331163367861], [-7.966259345788179, 41.132785088625106], [-7.966088495180816, 41.13277930693643], [-7.966080848437605, 41.13331163367861]], [[-7.968048328965364, 41.13888697019042], [-7.967702142411366, 41.138709466695964], [-7.96769781507159, 41.13906085139602], [-7.967871985783508, 41.13906535413346], [-7.968048328965364, 41.13888697019042]], [[-7.966803826386951, 41.12810590736298], [-7.967153333870661, 41.1279296841181], [-7.9667995012597075, 41.127934185739825], [-7.966803826386951, 41.12810590736298]], [[-7.967522479021947, 41.12882455952858], [-7.9678719860236935, 41.12864833592653], [-7.967518153170841, 41.128652837951954], [-7.967522479021947, 41.12882455952858]], [[-7.966803825758111, 41.12936354873311], [-7.967153333972336, 41.129187325530864], [-7.9667995005591905, 41.12919182714738], [-7.966803825758111, 41.12936354873311]], [[-7.969314783061277, 41.12989803542316], [-7.969493281210132, 41.12955115308175], [-7.96931910934469, 41.12954665099684], [-7.969314783061277, 41.12989803542316]], [[-7.966803826240348, 41.130621189829576], [-7.967153333994349, 41.13044496666826], [-7.9667995009697234, 41.13044946828128], [-7.966803826240348, 41.130621189829576]], [[-7.968780120321786, 41.13834670076651], [-7.969129626942729, 41.138170478163936], [-7.968775793026929, 41.13817498041827], [-7.968780120321786, 41.13834670076651]], [[-7.969498774128715, 41.138346700755456], [-7.969848278828858, 41.138170477769826], [-7.969494446150505, 41.13817498043241], [-7.969498774128715, 41.138346700755456]], [[-7.968597821883158, 41.12900223034291], [-7.968772936991684, 41.128829991435545], [-7.968597823376913, 41.12882999093239], [-7.968597821883158, 41.12900223034291]], [[-7.968957148403621, 41.12936155675447], [-7.969132262341834, 41.12918931731001], [-7.968957148960796, 41.129189317352946], [-7.968957148403621, 41.12936155675447]], [[-7.968777484854535, 41.12954121899086], [-7.968952599738683, 41.12936898072711], [-7.968777485880856, 41.12936898049605], [-7.968777484854535, 41.12954121899086]], [[-7.969136811942224, 41.12954121953258], [-7.969311925888481, 41.12936898072087], [-7.969136812031094, 41.12936898013555], [-7.969136811942224, 41.12954121953258]], [[-7.966441865941071, 41.12954121967693], [-7.966616979787442, 41.12936898046249], [-7.966441865932306, 41.129368980282976], [-7.966441865941071, 41.12954121967693]], [[-7.96877748504676, 41.12990054516899], [-7.968952599700732, 41.12972830601567], [-7.968777486076161, 41.12972830668495], [-7.96877748504676, 41.12990054516899]], [[-7.966621528853136, 41.13079886118297], [-7.966796643203605, 41.13062662173515], [-7.966621529578655, 41.13062662092711], [-7.966621528853136, 41.13079886118297]], [[-7.966082539355417, 41.133853133206244], [-7.966257653735741, 41.13368089377327], [-7.966082540326346, 41.13368089304295], [-7.966082539355417, 41.133853133206244]], [[-7.961590963475317, 41.134931111386656], [-7.961766076992715, 41.134758871615446], [-7.961590963103279, 41.134758871259145], [-7.961590963475317, 41.134931111386656]], [[-7.961770627359267, 41.135649763831296], [-7.961945739943253, 41.135477523807815], [-7.961770626523729, 41.13547752372443], [-7.961770627359267, 41.135649763831296]], [[-7.969136811820457, 41.138704035023935], [-7.969311925200795, 41.138531796497034], [-7.96913681198562, 41.13853179680212], [-7.969136811820457, 41.138704035023935]]]}, "properties": {"ano": 2017, "ha": 64}}, {"type": "Feature", "geometry": {"type": "Polygon", "coordinates": [[[-8.05285733035714, 41.11571087599038], [-8.052141143233579, 41.11553492403161], [-8.051420799686902, 41.11643574956274], [-8.051420210645842, 41.11696851283363], [-8.050889454704546, 41.11678929518121], [-8.05070155944441, 41.11732783871725], [-8.049623784703245, 41.11732784346619], [-8.04872527741963, 41.117148175903054], [-8.048537381376148, 41.11660963227525], [-8.046569320120547, 41.11660918651638], [-8.047646710282553, 41.11606398057435], [-8.046920414492448, 41.11553165365514], [-8.04549153401145, 41.11589053879244], [-8.044952347148483, 41.115531362167935], [-8.046207714369334, 41.115527501205804], [-8.045842435390798, 41.11517232717803], [-8.045491342225091, 41.11535154558828], [-8.045670416765432, 41.114818782737665], [-8.045132016520572, 41.11445323953532], [-8.045670993480382, 41.114453239233185], [-8.045852936137257, 41.11498851190411], [-8.046205080430553, 41.114990504213665], [-8.046209994265805, 41.11463290231532], [-8.046928058126527, 41.114267350245186], [-8.046928646921554, 41.11355492353998], [-8.048363671286392, 41.113371544314944], [-8.048363671511712, 41.11266031554807], [-8.047826961525509, 41.11283626282503], [-8.047647298657665, 41.11247694547606], [-8.048545411055512, 41.11229727767334], [-8.049443917716617, 41.11265660822443], [-8.049084591594921, 41.11373457824056], [-8.048727544863516, 41.113738293665], [-8.048545602746671, 41.114273567010244], [-8.047290240785307, 41.11462918547915], [-8.047998392661215, 41.114812119421295], [-8.049259353001563, 41.114451515157064], [-8.04944392905887, 41.11373458671577], [-8.049982907292161, 41.11373458695185], [-8.050150669405138, 41.114093909123866], [-8.050162581310817, 41.11355492356391], [-8.051599873721559, 41.11355492374349], [-8.051420800359882, 41.11462667562185], [-8.05213886352162, 41.11445323894097], [-8.05213886324556, 41.114992219489785], [-8.051420800150298, 41.115165665157555], [-8.052310305631389, 41.11535110881442], [-8.052318538379199, 41.11499222856443], [-8.052857515636962, 41.11463290249687], [-8.05285733035714, 41.11571087599038]], [[-8.04727974039306, 41.115171445706764], [-8.047103395599573, 41.11481428039043], [-8.046569897393983, 41.11481878202954], [-8.046574222108585, 41.11534983015708], [-8.04727974039306, 41.115171445706764]], [[-8.05070647204779, 41.11499050337871], [-8.051415309968302, 41.114814280443916], [-8.05070214774042, 41.11463911945509], [-8.05070647204779, 41.11499050337871]], [[-8.048730178818996, 41.11337353676772], [-8.04907969031568, 41.11319731295554], [-8.048725854161612, 41.1132018150055], [-8.048730178818996, 41.11337353676772]], [[-8.047292874216165, 41.11499050378255], [-8.047642385040405, 41.11481428078084], [-8.047288549633524, 41.11481878201563], [-8.047292874216165, 41.11499050378255]], [[-8.047110578453113, 41.114449522494], [-8.047285692502733, 41.114277283486416], [-8.047110578202075, 41.11427728347453], [-8.047110578453113, 41.114449522494]]]}, "properties": {"ano": 2017, "ha": 17}}, {"type": "Feature", "geometry": {"type": "Polygon", "coordinates": [[[-7.905533814530461, 41.14474720849088], [-7.906606883624413, 41.14445524540233], [-7.907510116157921, 41.14355865417527], [-7.908396512052618, 41.14373831272447], [-7.908408431546656, 41.14337899102801], [-7.9098408180095285, 41.14337726759119], [-7.9098457352919445, 41.14301966549458], [-7.9103841352486, 41.14301343845075], [-7.910384725153697, 41.14248067609282], [-7.911098460167778, 41.14247895180562], [-7.912361018408961, 41.14158236039491], [-7.913259320147325, 41.141582362918584], [-7.913450900778029, 41.14194168266535], [-7.914157635417962, 41.141762025152104], [-7.914528878765336, 41.142121345868844], [-7.914874019372525, 41.142117633996364], [-7.915235627140924, 41.141582361003266], [-7.916133928905549, 41.141582362721394], [-7.915954263930419, 41.14248066733915], [-7.915415283126431, 41.142489675570324], [-7.91559722146063, 41.143015948423795], [-7.915942361267067, 41.143019661084125], [-7.916313606002459, 41.14212134989077], [-7.91667292401509, 41.14211234130747], [-7.916672342209108, 41.14140891520879], [-7.916313605495642, 41.1412230344357], [-7.917566329410117, 41.14122130976796], [-7.918107954470955, 41.1408599927084], [-7.918110236609179, 41.140504382334775], [-7.91882887556387, 41.14050438325353], [-7.918837112429371, 41.14086326380045], [-7.9195475272768645, 41.1406840464443], [-7.919547526243006, 41.14122302589297], [-7.918829464321043, 41.14139647158798], [-7.919906853836397, 41.14158236126309], [-7.919906852139642, 41.14212134062806], [-7.919549808861253, 41.142125056319784], [-7.919547526067564, 41.14248066662504], [-7.918654128906535, 41.14266205474306], [-7.917573514243613, 41.143382698038984], [-7.917750894327255, 41.143738308371994], [-7.917034525656466, 41.14410135072774], [-7.917032242148307, 41.14463662385368], [-7.91630168632946, 41.14427730198389], [-7.914876299626736, 41.14445695952018], [-7.915051047474976, 41.143919695286804], [-7.913091575292119, 41.14355864965026], [-7.9132593185058, 41.14391797178826], [-7.912720338289448, 41.1442682972247], [-7.913259318250217, 41.144456960809535], [-7.912725248137518, 41.14445868485523], [-7.9120016762954135, 41.14499594961207], [-7.911644634208248, 41.14482000302328], [-7.911463279699047, 41.145169395903544], [-7.91182201344122, 41.14535527544473], [-7.911108280606921, 41.14535699969719], [-7.911108280239752, 41.14589254979315], [-7.91128303973611, 41.145534948114744], [-7.91199941013656, 41.145531231568185], [-7.912001692192399, 41.14517562162408], [-7.912720330878367, 41.14517562376221], [-7.912904909795222, 41.14553322356737], [-7.913613741859045, 41.14571288686197], [-7.913613743351479, 41.14535699971323], [-7.912900006078098, 41.1451756116951], [-7.913438983478203, 41.14481629727999], [-7.913977972427901, 41.145175623289795], [-7.914162551782921, 41.1458925497082], [-7.914876288454046, 41.14589427593729], [-7.914876294814424, 41.14625344247339], [-7.9136209272895535, 41.146616633229286], [-7.913438980892512, 41.14751123245751], [-7.912720920035804, 41.14769712263047], [-7.912899991799609, 41.148229885046646], [-7.912181931403184, 41.14823611165699], [-7.9127203285148, 41.148589211174645], [-7.912186258217436, 41.14859093450056], [-7.912001677168936, 41.14894853741509], [-7.911467606192152, 41.148770598149376], [-7.911462687734824, 41.14930786280749], [-7.911280757889415, 41.14859292667351], [-7.910556148629351, 41.14840999324432], [-7.910027666169558, 41.14841326341303], [-7.910384718669822, 41.14876872562086], [-7.910027665718831, 41.14877259004112], [-7.91002538350797, 41.1491281997168], [-7.909666071207767, 41.148948536506886], [-7.9098374965293825, 41.1485896557318], [-7.9089474195340665, 41.14876887312035], [-7.909118845110802, 41.147511677192774], [-7.907689778139369, 41.14787055741118], [-7.907689187710894, 41.146439480453644], [-7.907150789137672, 41.14643325350852], [-7.907329862306716, 41.14608015412795], [-7.906799686945076, 41.14571504708444], [-7.906791447953844, 41.14661291696249], [-7.905901371629221, 41.14661336191887], [-7.90571347833702, 41.146963243268445], [-7.906971113470575, 41.1469722543642], [-7.906971111680153, 41.14751123225949], [-7.90625304947947, 41.147876785503875], [-7.906432121948014, 41.14876887373952], [-7.9060728043434665, 41.148777882762765], [-7.906971110836509, 41.14912819986776], [-7.90571838875854, 41.14912992448042], [-7.905713469683296, 41.14984685255055], [-7.904817438971001, 41.15003023126827], [-7.904815154557671, 41.15056550443831], [-7.904276180282431, 41.15056550384305], [-7.904273898911426, 41.15020989432816], [-7.903925078843566, 41.150206623803456], [-7.9039168396212585, 41.15074516718717], [-7.903019115965004, 41.151110719717764], [-7.903737179151625, 41.15128416710307], [-7.903737766840627, 41.151816928221535], [-7.904455830947086, 41.15236214606554], [-7.9044558286055855, 41.15290112434212], [-7.9037371901939775, 41.152901123719836], [-7.903369626650393, 41.152362580830655], [-7.901940559669592, 41.152541796846634], [-7.901939971066836, 41.15200903489305], [-7.9015812350453185, 41.15182315449696], [-7.90212021701847, 41.15165249135024], [-7.90175265842303, 41.151464265250915], [-7.901222485103491, 41.15147004705509], [-7.901401556112507, 41.15254179803965], [-7.901216990955118, 41.15200453376006], [-7.9003449623949376, 41.15200281413112], [-7.900502666283129, 41.151470046398224], [-7.90013531619712, 41.15128416125745], [-7.900500974077852, 41.15128044928006], [-7.900503256654279, 41.150924839958954], [-7.903377858897689, 41.15055650420081], [-7.902491455855442, 41.150026520188625], [-7.901765801055735, 41.15020790289459], [-7.901760882046002, 41.150565504168206], [-7.901221907786093, 41.150565503689215], [-7.901400982402828, 41.15021240480456], [-7.901017743208971, 41.15002651977392], [-7.9018214, 41.1492356], [-7.9021691, 41.1490786], [-7.9011868, 41.14727], [-7.901940561318988, 41.14679258940728], [-7.9024746333528455, 41.146970527858855], [-7.902659212960061, 41.14643326278918], [-7.903372948792542, 41.14661120249274], [-7.903377865799981, 41.14625359999424], [-7.903911937570918, 41.14625187607714], [-7.904096517699614, 41.145714611331016], [-7.9051695784912, 41.14607221250321], [-7.905173907008651, 41.145541165112796], [-7.904815168337927, 41.145534937734176], [-7.9048151621651925, 41.14522044810109], [-7.905528905483931, 41.145173897753175], [-7.905533814530461, 41.14474720849088]], [[-7.912891769363638, 41.146073492053695], [-7.912538399353795, 41.14553865527448], [-7.912193259640902, 41.14553494411516], [-7.912181340491492, 41.146433254012244], [-7.9119967749233275, 41.1460756522297], [-7.911285307372916, 41.14607764395007], [-7.911103361025593, 41.14661291731212], [-7.91074631792761, 41.14661663361404], [-7.91038530017899, 41.14715813319459], [-7.910392949271725, 41.147510796132046], [-7.911103363575985, 41.14733158068945], [-7.910566654912833, 41.14786685136684], [-7.911819747421377, 41.14768718840007], [-7.911462702898614, 41.14715191550445], [-7.9125357641937715, 41.14661120276167], [-7.912891769363638, 41.146073492053695]], [[-7.910204471243891, 41.14534905844664], [-7.909498314690132, 41.14481629075934], [-7.908947406358189, 41.145175613031945], [-7.907518339492284, 41.14517605861401], [-7.907689763034795, 41.14571460238245], [-7.907331028692134, 41.14588804759459], [-7.908044187400358, 41.14589254965764], [-7.908049105162414, 41.145534947801195], [-7.909301829276915, 41.14571288687138], [-7.909127083862567, 41.14517562216164], [-7.910204471243891, 41.14534905844664]], [[-7.908236992833527, 41.14733113361778], [-7.9091264929962595, 41.14697846976374], [-7.908588093446547, 41.14697224232875], [-7.90822385050796, 41.14643497785514], [-7.907871709962634, 41.1464369704765], [-7.907692046589652, 41.14696853665385], [-7.908228754733907, 41.146972254549325], [-7.908236992833527, 41.14733113361778]], [[-7.904986594883909, 41.14966675295651], [-7.904986593612837, 41.1493083088283], [-7.904096510022612, 41.149496535397226], [-7.904464068674494, 41.15002607903208], [-7.904986594883909, 41.14966675295651]], [[-7.906072221547712, 41.14518183929459], [-7.905538725589834, 41.145177337023775], [-7.90553439821048, 41.14552872151593], [-7.905888230845083, 41.14571288729148], [-7.906072221547712, 41.14518183929459]], [[-7.9118302532642835, 41.1442768613404], [-7.912532442808739, 41.14409807948524], [-7.911822605073895, 41.14410386130762], [-7.9118302532642835, 41.1442768613404]], [[-7.915236202883741, 41.142474450035884], [-7.915414701004672, 41.14212756687095], [-7.91524053061449, 41.1421230649616], [-7.915236202883741, 41.142474450035884]], [[-7.917216823945102, 41.14337726678649], [-7.917566330833972, 41.14320104328905], [-7.917212497465994, 41.14320554562341], [-7.917216823945102, 41.14337726678649]], [[-7.90985063837229, 41.143556930738846], [-7.910200144475909, 41.14338070619558], [-7.909846310850625, 41.14338520931398], [-7.90985063837229, 41.143556930738846]], [[-7.912541257086085, 41.14409141689774], [-7.912719754765011, 41.143744534414765], [-7.912545585051913, 41.143740032032674], [-7.912541257086085, 41.14409141689774]], [[-7.914342215138199, 41.146251876577985], [-7.914691721190542, 41.14607565199754], [-7.914337887667029, 41.1460801544948], [-7.914342215138199, 41.146251876577985]], [[-7.900687822976366, 41.15164176733527], [-7.901037327518325, 41.151465543866145], [-7.9006834962932295, 41.15147004582383], [-7.900687822976366, 41.15164176733527]], [[-7.91703452630202, 41.14391426448147], [-7.917209638568813, 41.14374202434862], [-7.917034525859855, 41.143742024684705], [-7.91703452630202, 41.14391426448147]], [[-7.906614068486154, 41.144632916333904], [-7.906789181332312, 41.14446067677439], [-7.906614069112462, 41.144460676577225], [-7.906614068486154, 41.144632916333904]], [[-7.909129350610929, 41.14732786208342], [-7.909304464081449, 41.14715562238435], [-7.909129350643169, 41.14715562240226], [-7.909129350610929, 41.14732786208342]], [[-7.905356426950875, 41.149304155744126], [-7.905531540082923, 41.149131916445775], [-7.905356427350055, 41.14913191612896], [-7.905356426950875, 41.149304155744126]], [[-7.90122417729054, 41.15002280825962], [-7.901399290050147, 41.149850568068295], [-7.9012241766000955, 41.14985056867059], [-7.90122417729054, 41.15002280825962]], [[-7.901044513952324, 41.15181943889797], [-7.9012196260267675, 41.15164719903553], [-7.901044513753859, 41.15164719936406], [-7.901044513952324, 41.15181943889797]]]}, "properties": {"ano": 2017, "ha": 74}}, {"type": "Feature", "geometry": {"type": "Polygon", "coordinates": [[[-8.062330191853615, 41.16363103262884], [-8.060270254718747, 41.16472949809068], [-8.059497779401218, 41.16395411283683], [-8.058725302559788, 41.163695648366456], [-8.0585536410264, 41.163954112506204], [-8.058296149659792, 41.16511718768325], [-8.058639472476568, 41.16556948833869], [-8.059181927744254, 41.165519518706624], [-8.0583762, 41.1670728], [-8.058628418242908, 41.17167317059953], [-8.05700868893802, 41.17203059507263], [-8.056236212380648, 41.17080303375218], [-8.05700868854143, 41.168993954099285], [-8.056579534893105, 41.16860628825877], [-8.055549567483522, 41.16854167641322], [-8.055292075085388, 41.168089395986534], [-8.054262106305469, 41.16841245401373], [-8.054004614243777, 41.16783094806606], [-8.05597872049954, 41.16673253514827], [-8.055978721139127, 41.16556948875281], [-8.055034583309792, 41.165052572400874], [-8.05529207482873, 41.164341806096466], [-8.054948751849487, 41.16356641648946], [-8.054090445142355, 41.16350179985625], [-8.053232138066761, 41.162274079349245], [-8.052373831376872, 41.16227407885357], [-8.053060477511282, 41.161369427798554], [-8.054262106313336, 41.16085247849942], [-8.058038656837368, 41.16027090531624], [-8.060012762833814, 41.16124019112095], [-8.060184424298377, 41.16059400226335], [-8.06069940871832, 41.160335524957205], [-8.061557715600589, 41.16188637281383], [-8.06241602196269, 41.16259716560201], [-8.062330191853615, 41.16363103262884]]]}, "properties": {"ano": 2017, "ha": 92}}, {"type": "Feature", "geometry": {"type": "Polygon", "coordinates": [[[-7.9919517394429365, 41.20482375702815], [-7.991951739896885, 41.20626105198434], [-7.989441377201953, 41.20626277578562], [-7.989261714142975, 41.20661866290644], [-7.989975445422281, 41.20644072392457], [-7.989975446350576, 41.207518693509634], [-7.989256805157358, 41.2075186931204], [-7.989435879199316, 41.2071655939631], [-7.988717816557551, 41.206800041263335], [-7.98871553322404, 41.206264768297885], [-7.987999164041955, 41.20662037816458], [-7.987280511557436, 41.20554240920357], [-7.987996881164547, 41.205538692170826], [-7.987999164004119, 41.204823756416275], [-7.989975445750138, 41.20482375701394], [-7.9907060261466984, 41.2051830783847], [-7.9919517394429365, 41.20482375702815]], [[-7.991584180868606, 41.20608095321353], [-7.991591836445148, 41.20554862604665], [-7.991420994778023, 41.20554284501979], [-7.991233676673727, 41.2058955086085], [-7.991584180868606, 41.20608095321353]], [[-7.989265037838652, 41.2069792679736], [-7.989787550651133, 41.206800486983276], [-7.989257383008276, 41.206806267654244], [-7.989265037838652, 41.2069792679736]], [[-7.988722725118921, 41.206259336911614], [-7.989072221665183, 41.20608311362234], [-7.988718394264439, 41.2060876157128], [-7.988722725118921, 41.206259336911614]]]}, "properties": {"ano": 2017, "ha": 6}}, {"type": "Feature", "geometry": {"type": "Polygon", "coordinates": [[[-7.972009140534137, 41.13385683980487], [-7.971110836322076, 41.134216165743794], [-7.970032857987566, 41.13367717636576], [-7.970391596260118, 41.13349129659962], [-7.970392186174354, 41.132958533695934], [-7.970930585335478, 41.132952307259394], [-7.9709262581244795, 41.13260092337957], [-7.970212515693244, 41.132599354490026], [-7.970928893397953, 41.13241582856501], [-7.970931175051869, 41.13188055570415], [-7.971649814446621, 41.132060219201485], [-7.9716498124261275, 41.13241953532112], [-7.9712910760021085, 41.13242576189501], [-7.971290493608104, 41.13330885091709], [-7.972009140619351, 41.13349752377152], [-7.972009140534137, 41.13385683980487]], [[-7.970933441616902, 41.13313448064896], [-7.971108556878863, 41.13296224191936], [-7.9709334418013205, 41.13296224135768], [-7.970933441616902, 41.13313448064896]]]}, "properties": {"ano": 2017, "ha": 2}}, {"type": "Feature", "geometry": {"type": "Polygon", "coordinates": [[[-7.934279903185026, 41.15218261897162], [-7.934279897369345, 41.153080786971216], [-7.933386500330315, 41.153262174599625], [-7.933381581295338, 41.15361977623395], [-7.932842592693456, 41.153979102370805], [-7.931413527793362, 41.1537998844086], [-7.930688917792397, 41.154342145163376], [-7.930688918355735, 41.15487371007574], [-7.931405288906337, 41.155057091188816], [-7.93068722628898, 41.155602296899595], [-7.930866299175684, 41.15613505956569], [-7.930515212116297, 41.15595584067225], [-7.9299679831473, 41.156494385349326], [-7.929429007844316, 41.15649438445604], [-7.929064763908482, 41.155957120008146], [-7.928351029620187, 41.15595539519381], [-7.928528410742674, 41.155240460618735], [-7.92781204027556, 41.15505707963233], [-7.929061443317214, 41.15505664508425], [-7.929249345403699, 41.15415877499691], [-7.929967991518108, 41.15432942878601], [-7.929783416506199, 41.15398082607772], [-7.929069680992408, 41.15397910212366], [-7.929067400221604, 41.15362349323284], [-7.928530692551043, 41.15361977515501], [-7.9283461122399626, 41.15326217471323], [-7.92745271352324, 41.15326044989934], [-7.927632378817994, 41.15200281780577], [-7.928169084065481, 41.15181943874257], [-7.928171367272033, 41.15146382881843], [-7.928538918966827, 41.15182270919661], [-7.929069669892997, 41.151643492491694], [-7.929257570411801, 41.15218203555716], [-7.930678411012624, 41.15236169895287], [-7.931045969232934, 41.15183215501012], [-7.9306866495392185, 41.15182314467196], [-7.930506987655677, 41.15092483983113], [-7.931041057442163, 41.15092311531551], [-7.93104597583036, 41.1505655136191], [-7.931944291832128, 41.14984686140593], [-7.933561245707252, 41.14948753595614], [-7.93338158117725, 41.15110449366659], [-7.932847511066084, 41.15092655450209], [-7.932663520751009, 41.15163726533921], [-7.933381582700765, 41.15128416639382], [-7.933204200803253, 41.151999101764446], [-7.93392057269703, 41.15200281893022], [-7.933569484352541, 41.15236169896003], [-7.934279903185026, 41.15218261897162]], [[-7.929433913065844, 41.1563130079399], [-7.92978341681404, 41.15613678290314], [-7.929429584977504, 41.1561412857996], [-7.929433913065844, 41.1563130079399]], [[-7.930509254494351, 41.1555923628328], [-7.930684367481527, 41.155420123274915], [-7.930509254653629, 41.15542012336687], [-7.930509254494351, 41.1555923628328]], [[-7.929790603311038, 41.15613135153777], [-7.929965716040939, 41.15595911308992], [-7.929790602971655, 41.155959112988626], [-7.929790603311038, 41.15613135153777]], [[-7.929251614300323, 41.156131351592784], [-7.9294267260578, 41.15595911306294], [-7.929251614180441, 41.15595911304481], [-7.929251614300323, 41.156131351592784]]]}, "properties": {"ano": 2017, "ha": 19}}, {"type": "Feature", "geometry": {"type": "Polygon", "coordinates": [[[-8.088610464326333, 41.14050437366281], [-8.08789240049847, 41.14051059974874], [-8.08753248554074, 41.14337898203561], [-8.086818749452398, 41.14338070633157], [-8.085738135685544, 41.144101351005844], [-8.084478213880434, 41.145714602366944], [-8.083582178481477, 41.14571831852624], [-8.083400234899404, 41.146972243255334], [-8.083040920885916, 41.14697224342345], [-8.082501343727072, 41.145541165199496], [-8.082142605778655, 41.14553493897352], [-8.082134367892984, 41.14517605836582], [-8.081783280080398, 41.145355275678114], [-8.081783279126231, 41.144995958388414], [-8.081962942732094, 41.144456969574485], [-8.082676679229438, 41.14463490881844], [-8.08286125747744, 41.14409764326343], [-8.083938646300295, 41.14356487151273], [-8.082493695452307, 41.14266077461884], [-8.081783279362654, 41.142839992950655], [-8.081064627941721, 41.142480667329984], [-8.081244290914047, 41.141223034468034], [-8.081603610371761, 41.14121402558314], [-8.081244290716073, 41.141043362190416], [-8.081244290296627, 41.14068404553196], [-8.081960662353996, 41.14050066585495], [-8.081962942459457, 41.13978572977209], [-8.083040332897355, 41.139599840461244], [-8.082681594551635, 41.139426394890044], [-8.082681594616504, 41.13906707812953], [-8.083219995715687, 41.13889363174099], [-8.082681594686985, 41.13870775144167], [-8.083215668994562, 41.1387060282256], [-8.083400235843374, 41.1383484255087], [-8.085188641869394, 41.13906663192266], [-8.085555615142612, 41.13853430593995], [-8.084837551379868, 41.1383484163297], [-8.084837551093019, 41.13780943612434], [-8.0859274344153, 41.13816875876961], [-8.08627485605209, 41.137809436019836], [-8.087712149101883, 41.1379890993635], [-8.0877170645867, 41.138346700989395], [-8.088430800910746, 41.13834842521452], [-8.088071481441109, 41.13959705845162], [-8.088430801071139, 41.1397857301366], [-8.088610464326333, 41.14050437366281]], [[-8.084469989683027, 41.13978528480169], [-8.08375957376122, 41.139606057709585], [-8.083754658244343, 41.13924845599605], [-8.083225488079123, 41.139248455886154], [-8.083400234716066, 41.139965383824496], [-8.083045825245252, 41.139787444460524], [-8.083040909612711, 41.14032471060246], [-8.082504200233762, 41.14032842632654], [-8.082504200339867, 41.14121931861094], [-8.083754657740105, 41.14068232189337], [-8.084118899687663, 41.13978573032449], [-8.084469989683027, 41.13978528480169]], [[-8.085547967613605, 41.139425958025285], [-8.08555392226, 41.1390707848524], [-8.085199146469668, 41.13907078462688], [-8.085199147672636, 41.139422688053166], [-8.085547967613605, 41.139425958025285]], [[-8.084842454965763, 41.13960434283467], [-8.085191962718353, 41.13942811923042], [-8.084838128607892, 41.139432621393354], [-8.084842454965763, 41.13960434283467]], [[-8.081967846488878, 41.14068232141002], [-8.082317353366326, 41.140506097557285], [-8.081963519223182, 41.1405105998936], [-8.081967846488878, 41.14068232141002]], [[-8.084660158064493, 41.13978201439244], [-8.08483526996224, 41.13960977398948], [-8.084660157364413, 41.13960977431364], [-8.084660158064493, 41.13978201439244]]]}, "properties": {"ano": 2017, "ha": 33}}, {"type": "Feature", "geometry": {"type": "Polygon", "coordinates": [[[-7.925656070100023, 41.131521220592255], [-7.925117671400919, 41.13152744704756], [-7.92529674410325, 41.13206020973514], [-7.924937418162902, 41.132599198603934], [-7.924398441991332, 41.13259919769364], [-7.924397853461549, 41.13188677319249], [-7.9238594523237325, 41.13170088263787], [-7.9238594538439004, 41.130982240643704], [-7.924218767232545, 41.13098224079827], [-7.924390206522266, 41.131341121120265], [-7.924578106437795, 41.13080257733849], [-7.924937418847019, 41.13080257795059], [-7.925656070100023, 41.131521220592255]]]}, "properties": {"ano": 2017, "ha": 2}}, {"type": "Feature", "geometry": {"type": "Polygon", "coordinates": [[[-7.95871407952841, 41.19549027728287], [-7.95835475374914, 41.19548112988697], [-7.95835476084947, 41.194762625341525], [-7.95871407962741, 41.19475361640549], [-7.958354761162605, 41.19404397302499], [-7.9587134964349335, 41.19403774643959], [-7.958713495551339, 41.193511201344315], [-7.9581750965131715, 41.19332531079153], [-7.957995434519767, 41.192606668903736], [-7.9601513786096, 41.192067680666646], [-7.959972305454955, 41.192420779290245], [-7.960335960882051, 41.19260494436365], [-7.961420946484814, 41.19296598994192], [-7.96194800909188, 41.19278633310638], [-7.96194859890309, 41.193678420616536], [-7.9624869976118795, 41.19368464820263], [-7.96230733378732, 41.194223627589935], [-7.961948020403129, 41.19422362631293], [-7.961939777491157, 41.19386474664277], [-7.961589271770043, 41.19405019063191], [-7.9617732652301445, 41.19440157468067], [-7.962307340856517, 41.19440343768314], [-7.961590966077478, 41.19458666908085], [-7.961590966154723, 41.19511823489841], [-7.961768358962365, 41.19476262551969], [-7.963205650162351, 41.19458296290262], [-7.963744639342403, 41.19476262589645], [-7.963387596562722, 41.1952978981331], [-7.96393254528896, 41.195660495452216], [-7.9648226182278155, 41.19548127897745], [-7.964822617092979, 41.19602025798175], [-7.963749559222137, 41.196021982412574], [-7.963385319007764, 41.19655024757907], [-7.963924308866992, 41.19722449237656], [-7.9630297, 41.1972702], [-7.9611077, 41.1969525], [-7.9609129, 41.1964201], [-7.958714079616612, 41.19576996142986], [-7.95871407952841, 41.19549027728287]], [[-7.963197418679869, 41.19512150663989], [-7.963197419292756, 41.194763061576914], [-7.962307341357941, 41.19495128874278], [-7.962674904030348, 41.19530116954053], [-7.963197418679869, 41.19512150663989]], [[-7.96123427581037, 41.194401574768285], [-7.961583775692318, 41.194225351704354], [-7.961229945958133, 41.19422985401454], [-7.96123427581037, 41.194401574768285]], [[-7.96123427572228, 41.19529989033796], [-7.961583775624521, 41.19512366640336], [-7.9612299458212465, 41.195128168710504], [-7.96123427572228, 41.19529989033796]], [[-7.960874950540052, 41.19512022781303], [-7.961224449255232, 41.19494400406116], [-7.9608706203962605, 41.194948506166774], [-7.960874950540052, 41.19512022781303]], [[-7.960153660765834, 41.19278261517846], [-7.960328770524113, 41.192610375792974], [-7.9601536611057595, 41.19261037588752], [-7.960153660765834, 41.19278261517846]], [[-7.960692650678895, 41.192962278995715], [-7.960867759507656, 41.19279003879428], [-7.96069264961009, 41.19279003880695], [-7.960692650678895, 41.192962278995715]], [[-7.960872313422697, 41.19314194193839], [-7.961047422259497, 41.19296970236962], [-7.960872313076641, 41.19296970175587], [-7.960872313422697, 41.19314194193839]]]}, "properties": {"ano": 2017, "ha": 67}}, {"type": "Feature", "geometry": {"type": "MultiPolygon", "coordinates": [[[[-7.913259326112902, 41.12990441058709], [-7.913797733010442, 41.12953870913806], [-7.914157649155408, 41.1284669577616], [-7.915233345458737, 41.12810391539217], [-7.9146966365739635, 41.12792795842902], [-7.91487630124626, 41.12756864229692], [-7.9163135921399155, 41.12756864383851], [-7.916313589922204, 41.12846694881558], [-7.915954263813413, 41.12900593788399], [-7.9155955289664215, 41.12901216482343], [-7.916133929360415, 41.12918561122505], [-7.916133926998516, 41.129724589931705], [-7.91577519141136, 41.12989803587294], [-7.917211905962569, 41.130083916066546], [-7.916313590718077, 41.13098223101216], [-7.915423512487348, 41.130982676731676], [-7.914876294679416, 41.131332557231765], [-7.915427192029739, 41.13170088801249], [-7.915774616250252, 41.13134156612697], [-7.916313592800854, 41.13134156865988], [-7.916134517623384, 41.13223365513313], [-7.9170240218734484, 41.1324190999975], [-7.9172119139422215, 41.131889555665396], [-7.916852595120671, 41.13152122942989], [-7.917928292017001, 41.131158187323855], [-7.917930573132075, 41.13044325127563], [-7.91900626976723, 41.13025987238102], [-7.919367877505519, 41.12936527271219], [-7.919722287118728, 41.12936354803792], [-7.9200865292949825, 41.12882628337231], [-7.920805168601424, 41.12864662189302], [-7.920626095555697, 41.12917938344271], [-7.92115627267531, 41.12936482742319], [-7.921344171809907, 41.12900594683636], [-7.922054587515705, 41.12900550094113], [-7.9227814623706525, 41.12846695822582], [-7.922782051403186, 41.12917938314982], [-7.9233204521821365, 41.12918561081539], [-7.92332045092409, 41.129544926980955], [-7.922963405752925, 41.1295486433921], [-7.922961125006665, 41.13008391622306], [-7.922243062078424, 41.13044946866149], [-7.922062809676987, 41.13134155787996], [-7.9217057654173635, 41.131345273989965], [-7.921703482662228, 41.131880546619094], [-7.921344746861014, 41.13206643684058], [-7.921346438651936, 41.132595491043965], [-7.92223424961155, 41.132778425354964], [-7.923859440782844, 41.13206021933943], [-7.9244066656027075, 41.13277842575528], [-7.926913712546227, 41.13277887205654], [-7.926915993338868, 41.13313448047169], [-7.927273039270504, 41.13313819757917], [-7.927273037422027, 41.133677176869774], [-7.926556667929766, 41.13386055729012], [-7.92655438512945, 41.134395829803665], [-7.926020312832741, 41.1342178909675], [-7.9258357334038285, 41.134755155125596], [-7.924757768386924, 41.134755154643784], [-7.924398436325762, 41.13439569170626], [-7.924757769773634, 41.134036512125085], [-7.925291841946387, 41.134214451414394], [-7.9258334657083855, 41.13385313264878], [-7.925827510480092, 41.133497959765634], [-7.923679790077044, 41.13385683909296], [-7.923677509796543, 41.13332156730862], [-7.923149024593462, 41.133318296609914], [-7.922422724942437, 41.13350374116662], [-7.922961124783489, 41.1338568405158], [-7.921705765309678, 41.13404022018832], [-7.922422135987893, 41.13439583924875], [-7.9222507093495125, 41.13475471988773], [-7.922601222264158, 41.13474893806072], [-7.92260181299406, 41.134216175717704], [-7.922961126158494, 41.1342161762028], [-7.92314902521922, 41.134754719099924], [-7.924039103840964, 41.134395839739206], [-7.923860030301455, 41.13546759030104], [-7.924757755478107, 41.13583313354127], [-7.924039110326797, 41.13602180580849], [-7.924039693578266, 41.13654556841658], [-7.924578092774939, 41.13655179563094], [-7.924578092253262, 41.13691111224186], [-7.92224738930627, 41.13709249931049], [-7.922422135696042, 41.13745010150563], [-7.921883152860478, 41.137459110312676], [-7.922242471858389, 41.1378094278979], [-7.921532057312278, 41.13763020987459], [-7.921523819726503, 41.13798909077402], [-7.9211650840888055, 41.13799531700855], [-7.921703484391705, 41.138168763273875], [-7.921344156464824, 41.13852807982936], [-7.919367876738762, 41.13852807859338], [-7.9193672880707195, 41.13781565393201], [-7.919008550798418, 41.13780942665094], [-7.918649223952569, 41.137270437636175], [-7.918828888973365, 41.136551794830645], [-7.919359640733141, 41.13673101328687], [-7.919367877617389, 41.136192469204985], [-7.920265603155452, 41.13618624255555], [-7.91972720239622, 41.13583313254818], [-7.919535623081597, 41.13475516064204], [-7.917220142810391, 41.135114926530996], [-7.916677833720075, 41.13547553257121], [-7.917211907554234, 41.135653481358325], [-7.917211905200619, 41.13655178597976], [-7.916852578796926, 41.136731448788005], [-7.914881204021399, 41.13583485811581], [-7.914517551043922, 41.1361862430429], [-7.91505594866938, 41.13655178633725], [-7.914337297162926, 41.13727043824065], [-7.913079669455609, 41.13762976378544], [-7.912746318688106, 41.137090779942156], [-7.912924, 41.1359376], [-7.9136038, 41.1349599], [-7.9144105, 41.1344681], [-7.913798322436605, 41.1336771860401], [-7.915586716746512, 41.13367674083847], [-7.915774616946035, 41.1333178597272], [-7.917032250946892, 41.13312918770124], [-7.916305368650874, 41.132599644460434], [-7.914337311097384, 41.132419534544375], [-7.91505537492782, 41.131886772645544], [-7.914157647725788, 41.13188054613597], [-7.914155367431499, 41.131345274024646], [-7.913618658862034, 41.13134155679449], [-7.913259326112902, 41.12990441058709]], [[-7.914868065466491, 41.1311614585414], [-7.9146917222052755, 41.130804292624404], [-7.91433788857348, 41.13080879518254], [-7.914342213880627, 41.131160179335126], [-7.914868065466491, 41.1311614585414]], [[-7.925843970058368, 41.13349707813264], [-7.926546162569754, 41.13331829687977], [-7.92583632309825, 41.133324077786824], [-7.925843970058368, 41.13349707813264]], [[-7.919016774581262, 41.137629328495315], [-7.919539302965282, 41.13745054602533], [-7.919009127260881, 41.13745632783006], [-7.919016774581262, 41.137629328495315]], [[-7.915779517800659, 41.13241782059768], [-7.916129026208689, 41.13224159659348], [-7.915775192093649, 41.132246099057376], [-7.915779517800659, 41.13241782059768]], [[-7.926199975971631, 41.133136472508134], [-7.926549482974638, 41.13296024931087], [-7.926195649252106, 41.13296475136293], [-7.926199975971631, 41.133136472508134]], [[-7.924762672703791, 41.13457377674493], [-7.925112178093016, 41.1343975534537], [-7.924758344886927, 41.13440205648918], [-7.924762672703791, 41.13457377674493]], [[-7.915417557493555, 41.12900222994912], [-7.915592671076956, 41.128829990908464], [-7.9154175575360854, 41.12882999060951], [-7.915417557493555, 41.12900222994912]], [[-7.923682057985511, 41.1356497629822], [-7.9238571724807345, 41.13547752418368], [-7.923682059112072, 41.13547752473149], [-7.923682057985511, 41.1356497629822]], [[-7.919549808304067, 41.13744639375667], [-7.919724921725902, 41.13727415499736], [-7.919549808355351, 41.13727415376321], [-7.919549808304067, 41.13744639375667]], [[-7.920987112567913, 41.13834470905097], [-7.9211622258235, 41.138172469933494], [-7.920987112439478, 41.13817246998236], [-7.920987112567913, 41.13834470905097]]], [[[-7.9134389888147885, 41.13405949289192], [-7.91343917608066, 41.13403650826845], [-7.91349508326196, 41.134036508256386], [-7.9134389888147885, 41.13405949289192]]]]}, "properties": {"ano": 2017, "ha": 73}}, {"type": "Feature", "geometry": {"type": "MultiPolygon", "coordinates": [[[[-8.044054032199414, 41.11355506421598], [-8.043874363155318, 41.114273567213104], [-8.04244529122045, 41.1142740119871], [-8.042077732680665, 41.11463289275849], [-8.039750344587778, 41.11499266455039], [-8.03956244942738, 41.11535154582332], [-8.038486750392297, 41.11571458776755], [-8.038484470803837, 41.116249860967], [-8.038299905942461, 41.11589225859657], [-8.037765831158113, 41.115890534732216], [-8.038843220286378, 41.115165665061156], [-8.038843220868884, 41.11445945652563], [-8.038484482518065, 41.11445323031902], [-8.038125157204487, 41.11355492390883], [-8.039021192145471, 41.113551207322665], [-8.039023471704548, 41.112297282698876], [-8.039382785852034, 41.112297282012605], [-8.039747026297858, 41.11283454777473], [-8.040280524370853, 41.11283004530762], [-8.039921781416986, 41.11247709072489], [-8.040280525508019, 41.11230349973661], [-8.039742125014083, 41.11229727302245], [-8.03974212450045, 41.11193795641123], [-8.040460764184457, 41.11211761900804], [-8.040468997238236, 41.112656163354245], [-8.04117941671574, 41.112476945781104], [-8.04117941731875, 41.11301592559422], [-8.040640433230486, 41.113366252087054], [-8.041359079692251, 41.113375261090816], [-8.041359080560587, 41.11391424082021], [-8.040463044204303, 41.11409761987586], [-8.040648661002153, 41.114452793938575], [-8.041174515471424, 41.114451515602255], [-8.041179429177083, 41.11409391299107], [-8.04243479044909, 41.11409019667793], [-8.041718417813959, 41.1139142409745], [-8.041718417579707, 41.11337526034441], [-8.041906302102808, 41.11373414136016], [-8.04279148328941, 41.11355319897283], [-8.04261445330752, 41.11301964144886], [-8.041359091721016, 41.11319558887348], [-8.041718412854426, 41.11300692583075], [-8.041359092033655, 41.11265660817711], [-8.042428838218642, 41.11283582619165], [-8.042616733442026, 41.1122972822324], [-8.04315571065265, 41.1124769452388], [-8.043156299086771, 41.11318937116675], [-8.043515042916619, 41.113195593636085], [-8.043517316892842, 41.113551207508344], [-8.044054032199414, 41.11355506421598]], [[-8.039025739788771, 41.115347838378135], [-8.039200855926998, 41.11517559818668], [-8.039025740434637, 41.115175598491135], [-8.039025739788771, 41.115347838378135]], [[-8.039025739897538, 41.114090197046856], [-8.039200856259361, 41.113917956817], [-8.039025739346592, 41.11391795712114], [-8.039025739897538, 41.114090197046856]], [[-8.039564728889562, 41.11355120779237], [-8.03973984478917, 41.113378967626446], [-8.03956472930843, 41.11337896785091], [-8.039564728889562, 41.11355120779237]], [[-8.039744391263813, 41.11319188121367], [-8.039919508117679, 41.11301964166473], [-8.039744392400667, 41.11301964216236], [-8.039744391263813, 41.11319188121367]], [[-8.039564728418224, 41.11301221812807], [-8.039739845262869, 41.112839978846786], [-8.039564728833186, 41.11283997907089], [-8.039564728418224, 41.11301221812807]], [[-8.038844386431295, 41.114447013322845], [-8.039022883708942, 41.11410013023045], [-8.038848710960279, 41.11409562790835], [-8.038844386431295, 41.114447013322845]], [[-8.039208037525427, 41.11337353705092], [-8.039557548281005, 41.11319731241608], [-8.03920371267889, 41.11320181493719], [-8.039208037525427, 41.11337353705092]], [[-8.039211356227254, 41.114273130807206], [-8.039733891318408, 41.114094349714264], [-8.039203712503728, 41.114100130084154], [-8.039211356227254, 41.114273130807206]], [[-8.039750344536017, 41.114093468004754], [-8.040272881503824, 41.11391468626337], [-8.03974270179862, 41.11392046731249], [-8.039750344536017, 41.114093468004754]], [[-8.040272881749706, 41.11355447831205], [-8.040278833864805, 41.11319930502336], [-8.039924054566201, 41.11319930496716], [-8.039924054635724, 41.11355120813058], [-8.040272881749706, 41.11355447831205]], [[-8.040272880458598, 41.114812119765816], [-8.040278834570106, 41.11427728336867], [-8.039744391759376, 41.114277282830706], [-8.039744392049371, 41.11462918592802], [-8.040272880458598, 41.114812119765816]]], [[[-8.043515043113711, 41.11319544866448], [-8.043873786418985, 41.11284248852336], [-8.043335385936377, 41.11283626239208], [-8.043335386076539, 41.11247694581019], [-8.043872095335944, 41.11265289205586], [-8.044233695006163, 41.11192894747679], [-8.044054037273405, 41.11157862983692], [-8.04494743977165, 41.11157690552899], [-8.044952352999543, 41.11121930437331], [-8.045670993367077, 41.111219303625184], [-8.045491919138644, 41.11175206681317], [-8.04603032507231, 41.111758434144924], [-8.045675906494454, 41.112295558136445], [-8.04692863425546, 41.1122972826695], [-8.047467624299436, 41.11265660857578], [-8.047467623817914, 41.113375251610336], [-8.045671005788307, 41.11337525190441], [-8.04565909345854, 41.11283626667713], [-8.04549133073407, 41.11355491459295], [-8.045303446244281, 41.113196033104494], [-8.044054230036197, 41.11355491939716], [-8.043515043113711, 41.11319544866448]], [[-8.044774958395731, 41.11211390290709], [-8.044950072331403, 41.11194166377747], [-8.044774958285533, 41.111941663819145], [-8.044774958395731, 41.11211390290709]], [[-8.044774957760714, 41.112473229418185], [-8.04495007265404, 41.11230098939988], [-8.044774957653376, 41.112300989440584], [-8.044774957760714, 41.112473229418185]], [[-8.044241921772556, 41.113195152587636], [-8.044764457296194, 41.113016370251074], [-8.044234278058523, 41.11302215216258], [-8.044241921772556, 41.113195152587636]], [[-8.045662773543032, 41.112476500861376], [-8.045486429223656, 41.11211933470763], [-8.044952928916745, 41.11212383606859], [-8.045316580411486, 41.112475220982816], [-8.045662773543032, 41.112476500861376]]]]}, "properties": {"ano": 2017, "ha": 13}}, {"type": "Feature", "geometry": {"type": "Polygon", "coordinates": [[[-7.995545000417975, 41.15344011381287], [-7.995008291924604, 41.15362349256997], [-7.995006011188156, 41.15397910295667], [-7.993393960003782, 41.15434015299698], [-7.992850054828457, 41.155057080640724], [-7.99213631853263, 41.15505880533976], [-7.991233676968775, 41.155961622468254], [-7.991238004146686, 41.15631300690346], [-7.991772082386358, 41.15631487093266], [-7.991772076934339, 41.156674048710315], [-7.991241324848578, 41.15685327508928], [-7.991946834050901, 41.15685199608137], [-7.991951750825457, 41.15649439469804], [-7.993209380689219, 41.15649439461027], [-7.993031998397446, 41.156850004485264], [-7.99356870652717, 41.15685372008838], [-7.993748369845833, 41.15721304691113], [-7.993748370093717, 41.158470679424866], [-7.992311077137401, 41.15811135307706], [-7.992311077585151, 41.15775203581402], [-7.992670397609749, 41.157581372229636], [-7.9923061598439755, 41.157394425150976], [-7.991420989365644, 41.15739314526838], [-7.991233086848668, 41.15775202687307], [-7.990694687996899, 41.15775825354274], [-7.990514434415475, 41.15883000514832], [-7.990155114844462, 41.15883901438429], [-7.990514434842461, 41.15918933134559], [-7.990157390918305, 41.15919304702661], [-7.989975445282587, 41.15990798331117], [-7.989077142903492, 41.160087646341665], [-7.9887178169137645, 41.159907983184624], [-7.9885299145958255, 41.15918977680716], [-7.9872854169371355, 41.15937071878566], [-7.987639825901923, 41.15972832030287], [-7.98692941344695, 41.1597287653062], [-7.986921174262338, 41.160087646071275], [-7.986561853294051, 41.16009665579743], [-7.986562437132045, 41.16097974401434], [-7.987100837470122, 41.16098597082263], [-7.987280500523449, 41.16206393969824], [-7.985845476870103, 41.16278630905271], [-7.985663532747332, 41.16368090776175], [-7.985124543129008, 41.164040233983386], [-7.9836872502235625, 41.163501245002365], [-7.983687250200514, 41.16314192719405], [-7.984221322654036, 41.16314020288416], [-7.984405313313533, 41.16278881876616], [-7.984046577345411, 41.162602928862626], [-7.984044295572859, 41.16206765620572], [-7.982788935433258, 41.16134528826668], [-7.982968598250528, 41.16062664446226], [-7.983325643197284, 41.160622928558645], [-7.983506998551856, 41.16009387325986], [-7.982968598716711, 41.16008764676463], [-7.983319685493958, 41.159728765114664], [-7.982070283775917, 41.159728320422616], [-7.982069694294693, 41.158476905926825], [-7.981708675634351, 41.157576079146295], [-7.981351630914447, 41.157572364130985], [-7.981890031636225, 41.15721926469726], [-7.98170271900905, 41.15685415644886], [-7.98099230432783, 41.157033374832665], [-7.981171379861407, 41.15578196005633], [-7.980453315745922, 41.15541641583379], [-7.981351618562884, 41.15541641601539], [-7.981710945231895, 41.15577574250579], [-7.981539520024542, 41.156134623731866], [-7.9818883393931275, 41.15613135166628], [-7.981890619646167, 41.15577574169988], [-7.9824246927024705, 41.15595368032807], [-7.982609265534588, 41.15542541630226], [-7.982249946650489, 41.154877427247946], [-7.982429609845087, 41.154518100937686], [-7.983145979908516, 41.15433472132346], [-7.983148262011712, 41.153619785614374], [-7.984760312341158, 41.15325873485674], [-7.98476522853001, 41.15290113357102], [-7.986200251845138, 41.1521787646435], [-7.986017953230294, 41.15182487004771], [-7.9853042187394205, 41.15164348319917], [-7.98529930096212, 41.15110621798934], [-7.984944880006003, 41.15146381972048], [-7.9844059027999394, 41.15146381945545], [-7.984585565569995, 41.15038585056522], [-7.985661263355153, 41.1496634815891], [-7.985663544181189, 41.14912820909128], [-7.98657376595939, 41.14948753037394], [-7.987460163151174, 41.149307872328286], [-7.987465079118291, 41.14966547378403], [-7.988173910748347, 41.14966547366413], [-7.988538153573874, 41.148768882627195], [-7.988897479538786, 41.14840955685988], [-7.989434187227699, 41.14840584056457], [-7.9894364626584435, 41.148059230746185], [-7.98799916393551, 41.14840954801287], [-7.98799916455679, 41.147870568061826], [-7.988712900417506, 41.147868843751375], [-7.988896890871453, 41.14751745960207], [-7.988538153526458, 41.14751123272078], [-7.988538152964232, 41.14715191570194], [-7.98943645644274, 41.14697225280101], [-7.98961611923658, 41.147331569558766], [-7.98925907526848, 41.147335286089856], [-7.989256798939591, 41.147681895946945], [-7.98961611968535, 41.14769090457735], [-7.989621035601504, 41.14822816903345], [-7.989973176325068, 41.14822617773699], [-7.990155108896048, 41.14769090477884], [-7.990339687792231, 41.14822816961362], [-7.9914127503148125, 41.14822989342986], [-7.991772076139799, 41.14858921960557], [-7.991594694085658, 41.15038213399632], [-7.992311065078691, 41.15038585000584], [-7.992313346830348, 41.150741460708], [-7.993029718201149, 41.150924839658735], [-7.993217617884088, 41.15128372026501], [-7.993389056263021, 41.15074517644442], [-7.993928033568351, 41.150745176996445], [-7.993753286530781, 41.15146210458592], [-7.994646684797565, 41.15128416553652], [-7.9951856747037375, 41.15164349140168], [-7.995365337899888, 41.15218247169222], [-7.995008291753113, 41.152186188018604], [-7.994826353804402, 41.152712461132644], [-7.995545000115049, 41.1529011334084], [-7.995545000417975, 41.15344011381287]], [[-7.986017953345787, 41.15559779443988], [-7.984765229173114, 41.1555960700318], [-7.984577327612796, 41.155237188524424], [-7.984046570991499, 41.15542541589097], [-7.984593792478516, 41.15595496030883], [-7.986022281244887, 41.15594917908323], [-7.986017953345787, 41.15559779443988]], [[-7.98439766499856, 41.1552363075051], [-7.9843976647189905, 41.154698199830094], [-7.983328501565406, 41.154883643955905], [-7.983695477172661, 41.15523630828909], [-7.98439766499856, 41.1552363075051]], [[-7.9889057049745285, 41.148768437479035], [-7.9899672206346555, 41.14858965632738], [-7.988897473570306, 41.148598219724356], [-7.9889057049745285, 41.148768437479035]], [[-7.995357111537636, 41.153260014847575], [-7.9953604324305605, 41.15290284789262], [-7.994826936652274, 41.15290735020649], [-7.994831264990898, 41.153258735602655], [-7.995357111537636, 41.153260014847575]], [[-7.982606990980498, 41.156311014625494], [-7.982431878554272, 41.15595911216974], [-7.982252216518899, 41.15631101517707], [-7.982606990980498, 41.156311014625494]], [[-7.985126825036786, 41.15307708075438], [-7.98530193733742, 41.15290483995889], [-7.98512682517651, 41.152904840244226], [-7.985126825036786, 41.15307708075438]], [[-7.983150530843936, 41.154873711079595], [-7.9833256435788655, 41.15470147064559], [-7.983150531403089, 41.15470147152638], [-7.983150530843936, 41.154873711079595]]]}, "properties": {"ano": 2017, "ha": 107}}, {"type": "Feature", "geometry": {"type": "Polygon", "coordinates": [[[-7.963994772863699, 41.174694261621575], [-7.964213626182825, 41.17502659497458], [-7.964968976553209, 41.17498619902698], [-7.966565510529985, 41.17325661500674], [-7.967189781495725, 41.173457792711446], [-7.96800463982748, 41.17315854939981], [-7.96795617568108, 41.17360910126181], [-7.968306359787185, 41.17363821418898], [-7.968789161632726, 41.17363175091045], [-7.969301823600667, 41.17303880483662], [-7.970077400819417, 41.173304555948555], [-7.9695843165541715, 41.173640035607654], [-7.9699139881252155, 41.174305706433756], [-7.969090835959307, 41.17413287182875], [-7.967867923811758, 41.17482493844868], [-7.967791526300853, 41.1750894794642], [-7.9684150648019765, 41.17559106354316], [-7.967599385967456, 41.17620502864668], [-7.968166528440451, 41.176549172836886], [-7.967578598146613, 41.176941729607655], [-7.967314085573334, 41.17671961425471], [-7.966859082734189, 41.17695499852747], [-7.967583185576784, 41.178880123724944], [-7.966282489505217, 41.1803374018926], [-7.965723754011724, 41.180400965136364], [-7.965195793266773, 41.17953471759208], [-7.962990102723583, 41.17946710701112], [-7.963398558152892, 41.17893840779826], [-7.9625958017412115, 41.178186186412844], [-7.962521550352487, 41.177613858931615], [-7.963650179161802, 41.17681442031538], [-7.963717570379344, 41.176378203585145], [-7.962799425720775, 41.176326780032326], [-7.9636806980665975, 41.175991902173216], [-7.963843344542809, 41.17532693737129], [-7.963437185378528, 41.17497585693076], [-7.963994772863699, 41.174694261621575]]]}, "properties": {"ano": 2018, "ha": 24}}, {"type": "Feature", "geometry": {"type": "Polygon", "coordinates": [[[-8.107297283932548, 41.13001239221954], [-8.108311488703103, 41.13082171625851], [-8.107715930113404, 41.13077315890058], [-8.107212334865382, 41.13179157208425], [-8.10640742625578, 41.132354471282795], [-8.105978076365112, 41.13189121288048], [-8.105219015359301, 41.132103928734054], [-8.104240034657735, 41.13150486693087], [-8.102967909055945, 41.13187992768213], [-8.1015715120793, 41.13150270951718], [-8.101038006696758, 41.13086301629275], [-8.101553966411633, 41.13038840285303], [-8.101032085789742, 41.13007736902588], [-8.100800339759633, 41.12923039958375], [-8.102264016747402, 41.12915169050979], [-8.103331383915402, 41.13041307988552], [-8.105226694731114, 41.12986998004862], [-8.107297283932548, 41.13001239221954]]]}, "properties": {"ano": 2018, "ha": 12}}, {"type": "Feature", "geometry": {"type": "Polygon", "coordinates": [[[-8.04701928773544, 41.101888949777134], [-8.049163897455974, 41.10288539422547], [-8.049275825568778, 41.10196391913442], [-8.051504744717606, 41.10198646372058], [-8.052694045847318, 41.103065940423676], [-8.052859531699744, 41.10360013898771], [-8.053523686771298, 41.103925239680926], [-8.055226979095968, 41.10360176357115], [-8.055336698745052, 41.10448150612468], [-8.056679619037775, 41.10451382136084], [-8.055544114152461, 41.10470156213118], [-8.055737402089687, 41.105162470640295], [-8.05515485789252, 41.1060522174768], [-8.054545741823258, 41.10598897057158], [-8.053963601747778, 41.106522655977415], [-8.051139647355495, 41.10612273628961], [-8.050308287900734, 41.1066352812456], [-8.050501611672933, 41.10704383742808], [-8.050028859302222, 41.10863527540324], [-8.049295911814866, 41.10794357805439], [-8.049379359029547, 41.10765041641056], [-8.048908755828348, 41.107534878425625], [-8.048673288349947, 41.10760801236387], [-8.048963402553872, 41.10811089078338], [-8.04875526249677, 41.10846679493192], [-8.048104930897852, 41.108141677203136], [-8.04816116370468, 41.107481968695], [-8.047773583618907, 41.107408376929214], [-8.047995666871232, 41.10697917942636], [-8.049366963707811, 41.10650893457566], [-8.049464385703759, 41.10611106008831], [-8.04981027882646, 41.10629981111036], [-8.050364812837918, 41.10572423806497], [-8.049603686807064, 41.1054409387163], [-8.048747354330951, 41.10382759082954], [-8.047708738595304, 41.10402579840075], [-8.047335841621651, 41.10332388214904], [-8.045550408380105, 41.10292459371451], [-8.04636758399357, 41.1026634058484], [-8.04701928773544, 41.101888949777134]]]}, "properties": {"ano": 2018, "ha": 26}}, {"type": "Feature", "geometry": {"type": "Polygon", "coordinates": [[[-8.086440968497415, 41.12043816388962], [-8.086872642669539, 41.12299512387517], [-8.086256073978008, 41.12307500171501], [-8.086009935303895, 41.12378209761642], [-8.086617880166957, 41.124125566829456], [-8.08635190388853, 41.12426867752258], [-8.085551672180678, 41.12423953576359], [-8.084617973171973, 41.123737193992966], [-8.083375175924377, 41.12390420263865], [-8.083616150025072, 41.12435454465795], [-8.080474363068939, 41.12545446712221], [-8.079376410042716, 41.12514802005745], [-8.080006473302406, 41.12604323361146], [-8.081359928529919, 41.12635083509112], [-8.081696816284172, 41.126715200089755], [-8.081412347345763, 41.12721670453588], [-8.0816957701149, 41.128055508067185], [-8.08091839241443, 41.12907704109986], [-8.080538426421356, 41.12901980004647], [-8.080067661802495, 41.12806205367784], [-8.078915950164676, 41.127947479210036], [-8.078517318269743, 41.127230921547635], [-8.078797269627534, 41.12653176303203], [-8.07862450486811, 41.125759547337616], [-8.078229553626667, 41.125737507008736], [-8.077989060568454, 41.12532947222685], [-8.076987267269217, 41.125241577086435], [-8.076948354702386, 41.12568589925343], [-8.07613936450887, 41.125437836777195], [-8.07515599882617, 41.12630417563503], [-8.073296862963351, 41.12616482453151], [-8.072488395661294, 41.12535584575426], [-8.071837206557856, 41.12555666672792], [-8.071727796155479, 41.124889249006685], [-8.071217656909104, 41.12443735030713], [-8.070302717066866, 41.12421104270832], [-8.0691852977183, 41.12418129065822], [-8.06915084719461, 41.125046627909434], [-8.067584372265028, 41.1260087470866], [-8.069056630755384, 41.12771409678955], [-8.068892638181111, 41.12793981870953], [-8.069316331337507, 41.12813672985259], [-8.069904585168688, 41.127893802886945], [-8.072476402933711, 41.127919907697624], [-8.073276822281068, 41.12701707505555], [-8.073922291920397, 41.12699555560141], [-8.074936429247902, 41.128254194327575], [-8.074604969553368, 41.12846732891788], [-8.074648954934453, 41.129019800246326], [-8.073563563604866, 41.12952301625177], [-8.073572888486522, 41.12986538217625], [-8.071270901915003, 41.12928871161694], [-8.069367428546252, 41.12990702062066], [-8.068361344640854, 41.12940366201102], [-8.067582589137041, 41.12989720393304], [-8.06666967061472, 41.12984978058756], [-8.0656437632207, 41.12947772185513], [-8.065461964111583, 41.128979507157915], [-8.06436350419097, 41.12916824895723], [-8.063491989008543, 41.128928981185766], [-8.063343128749777, 41.12839550182848], [-8.062438146950191, 41.12784134413024], [-8.061312151297725, 41.12787498272171], [-8.060058263797847, 41.12836153335241], [-8.058006448316545, 41.12761739686341], [-8.057882638230994, 41.12733761762683], [-8.057778468969861, 41.126701524850645], [-8.058044445094243, 41.126300826348356], [-8.058827602152721, 41.12598158099722], [-8.059399696555548, 41.125232297469374], [-8.060628212578953, 41.12567115363713], [-8.061516035343983, 41.12533498150531], [-8.060881568358344, 41.12411811004497], [-8.06122871211623, 41.12379781859668], [-8.061073424061373, 41.123121717676156], [-8.061412993203596, 41.12264701540115], [-8.061035421244785, 41.122023684960936], [-8.062262479465348, 41.120986722555756], [-8.062513749083887, 41.12022202655993], [-8.062966217129945, 41.12046996931397], [-8.063458505686254, 41.11950145703257], [-8.063287974507723, 41.118629851083384], [-8.065111811211422, 41.11757072829757], [-8.066611157643559, 41.118176245069414], [-8.068555211020403, 41.11836079118099], [-8.068873383187153, 41.1180477447278], [-8.068420895200632, 41.11781439335655], [-8.068710211474418, 41.11745762531482], [-8.067950182479377, 41.116532092329756], [-8.069347140531896, 41.11621236492204], [-8.07044415788462, 41.11729832655015], [-8.070839826892142, 41.11650455282553], [-8.070667450765306, 41.11544823716101], [-8.071120252547708, 41.115339217123434], [-8.07159223457472, 41.115317617188296], [-8.071572684564849, 41.11562455328114], [-8.072352480921152, 41.11604645029989], [-8.072409279756053, 41.117124556308255], [-8.072813489994632, 41.11749626700313], [-8.073189165734638, 41.117474610095215], [-8.073526819236452, 41.1168920414205], [-8.072939440706728, 41.116695060919234], [-8.072965254463584, 41.11628401483577], [-8.074384083440023, 41.11688519786283], [-8.074595562196274, 41.11736606843862], [-8.074062222233716, 41.117129127837224], [-8.074027172360626, 41.11746775917808], [-8.073410389116633, 41.11782437136062], [-8.073612344063612, 41.118181405931054], [-8.074989023949088, 41.119019802457345], [-8.075436066424583, 41.118880179913006], [-8.0771558346915, 41.11958905043494], [-8.077877478992548, 41.12053635672197], [-8.079563598753042, 41.12003453618892], [-8.080864758694904, 41.11907360710294], [-8.081413600471961, 41.119336089426284], [-8.080546400245467, 41.11968534336716], [-8.08065216041501, 41.11993305709686], [-8.082588532678553, 41.11963526655686], [-8.082453470635498, 41.11990472567697], [-8.084186945412656, 41.12042265962106], [-8.084871153984091, 41.1200223123663], [-8.085132616493595, 41.12047126440486], [-8.086440968497415, 41.12043816388962]]]}, "properties": {"ano": 2018, "ha": 198}}, {"type": "Feature", "geometry": {"type": "Polygon", "coordinates": [[[-8.092082702191197, 41.13435051922857], [-8.091418487715893, 41.133953209035155], [-8.091835251687264, 41.13361632074275], [-8.091794335078188, 41.132975911260445], [-8.09308595916828, 41.13223444830483], [-8.092363074843039, 41.131968665113355], [-8.093365405191898, 41.13131300207286], [-8.09331391977431, 41.1310474553683], [-8.094729036139787, 41.13099326779768], [-8.09529733607418, 41.1306420191016], [-8.096918871906851, 41.13086121158814], [-8.096732620956388, 41.13145468893609], [-8.096298815082507, 41.13142331207742], [-8.096496020941217, 41.1325982844728], [-8.094624877805986, 41.13503071368255], [-8.093741019960534, 41.13543460920308], [-8.093361343865633, 41.13500529829141], [-8.091898027254617, 41.13463917028662], [-8.092082702191197, 41.13435051922857]]]}, "properties": {"ano": 2019, "ha": 14}}, {"type": "Feature", "geometry": {"type": "Polygon", "coordinates": [[[-8.042641770625199, 41.109915354759494], [-8.043662949241929, 41.11180422715564], [-8.045611608137072, 41.11135901856545], [-8.04595459097889, 41.11182980835489], [-8.046907027172233, 41.11218193289891], [-8.047103207168533, 41.11271812661088], [-8.046637550506112, 41.113492067731386], [-8.046660114285556, 41.11430211020741], [-8.046392042653883, 41.114534195778866], [-8.04520309785261, 41.114342700173594], [-8.044541126266244, 41.114663820622255], [-8.042729882602995, 41.114573073634574], [-8.041645039467202, 41.11314871571758], [-8.039619593882348, 41.11419535904878], [-8.038234484616696, 41.11352119054904], [-8.037163303670377, 41.11360964480516], [-8.03680132329795, 41.11341279262454], [-8.037006604668937, 41.1130555996657], [-8.03567596699929, 41.11285793098527], [-8.036086244490187, 41.112340099494915], [-8.035582521248037, 41.112143123094555], [-8.035898187891004, 41.11169668497751], [-8.036906624811564, 41.11141163983566], [-8.037931620126718, 41.11056077184718], [-8.038727013768282, 41.11054951415884], [-8.038719650062827, 41.11019214357497], [-8.039365990875014, 41.1097757457801], [-8.040223686265188, 41.11025292683292], [-8.040775325938526, 41.10997343413034], [-8.042641770625199, 41.109915354759494]]]}, "properties": {"ano": 2019, "ha": 32}}, {"type": "Feature", "geometry": {"type": "Polygon", "coordinates": [[[-7.894744630199676, 41.18022544225298], [-7.897171668314833, 41.178476571536685], [-7.897461536456278, 41.17900649619479], [-7.897360536486719, 41.179630784915425], [-7.898009502444474, 41.180286599308296], [-7.897387681091923, 41.18101488449962], [-7.8964679856288305, 41.180508134129326], [-7.894744630199676, 41.18022544225298]]]}, "properties": {"ano": 2019, "ha": 4}}, {"type": "Feature", "geometry": {"type": "Polygon", "coordinates": [[[-7.9422368491974815, 41.162648114864375], [-7.944330360937986, 41.16091240759159], [-7.9448582689991785, 41.16095496362102], [-7.947147199372198, 41.16253107077662], [-7.947927287787498, 41.162585931474325], [-7.947526673206997, 41.162114761316374], [-7.948063178323584, 41.16190716415067], [-7.948976604845098, 41.16218856044925], [-7.949549703231671, 41.162987581495614], [-7.950998238483506, 41.16357357125002], [-7.9517045529633705, 41.16466463623484], [-7.951749936282948, 41.165355605883164], [-7.952308757068637, 41.16563641675075], [-7.951661021829835, 41.16615952816641], [-7.950502734871321, 41.16604453351994], [-7.950320779411751, 41.166288441607286], [-7.954030508220658, 41.16722340711781], [-7.954365977744225, 41.16849255881501], [-7.953889589460859, 41.16976640530262], [-7.953502131292835, 41.17021845833483], [-7.952635587998764, 41.170038423984515], [-7.95209629319518, 41.171240691091185], [-7.951520314224949, 41.17144824534922], [-7.951048218800259, 41.171143743390964], [-7.950038927530445, 41.17127317602364], [-7.949277745020543, 41.17005693759986], [-7.947401686345655, 41.17009562015699], [-7.94576773905471, 41.16815131452885], [-7.94393648942082, 41.16907150305137], [-7.943417875430778, 41.168516741252056], [-7.9446505435270325, 41.167440725976505], [-7.944233800594501, 41.16709459533669], [-7.944282083387698, 41.16674922554118], [-7.943264896706511, 41.166902409754435], [-7.942998243425293, 41.16644335679483], [-7.941809220213378, 41.16606020357391], [-7.9428532637719504, 41.16479330083135], [-7.943996624353233, 41.164604591754106], [-7.9422368491974815, 41.162648114864375]]]}, "properties": {"ano": 2019, "ha": 67}}, {"type": "Feature", "geometry": {"type": "Polygon", "coordinates": [[[-8.077679300266766, 41.15136901559563], [-8.078382325366222, 41.149308563426025], [-8.077501151682174, 41.14771192290919], [-8.07962939669318, 41.14674209641729], [-8.079882094951364, 41.146051313501346], [-8.080898142111101, 41.146528261033545], [-8.08341947673056, 41.14659489314055], [-8.083829732227207, 41.145886300149705], [-8.084468043389103, 41.14576149482508], [-8.085540526773828, 41.1445052181788], [-8.0873771681842, 41.14333262160342], [-8.088661499995139, 41.14323782791734], [-8.090576869366373, 41.1420175617551], [-8.091703573785805, 41.14195841163747], [-8.092207626465001, 41.14226235016302], [-8.092428637715338, 41.14160726372797], [-8.092917315505032, 41.1412858084018], [-8.093586865860194, 41.14151832601575], [-8.09412273951567, 41.14131600294737], [-8.094170366920427, 41.14071445843626], [-8.097511157858422, 41.140250968098144], [-8.098047410775171, 41.139292209022706], [-8.099410235014803, 41.13958446149771], [-8.099914680484996, 41.13914386064337], [-8.100355820299837, 41.13925119620376], [-8.100678446860435, 41.14004344113338], [-8.101072348061663, 41.14009715643716], [-8.0990712, 41.1416746], [-8.0978029, 41.1418419], [-8.0974399, 41.1413357], [-8.0961006, 41.1415069], [-8.0936414, 41.1430581], [-8.092376, 41.1434145], [-8.0916197, 41.1441157], [-8.0828115, 41.1473133], [-8.078577, 41.1509761], [-8.077679300266766, 41.15136901559563]]]}, "properties": {"ano": 2019, "ha": 176}}, {"type": "Feature", "geometry": {"type": "Polygon", "coordinates": [[[-7.955347078939931, 41.188664354135476], [-7.954187730741344, 41.18943397189051], [-7.952648067818479, 41.188624416787356], [-7.95365535714704, 41.187525750069774], [-7.955347078939931, 41.188664354135476]]]}, "properties": {"ano": 2019, "ha": 3}}, {"type": "Feature", "geometry": {"type": "Polygon", "coordinates": [[[-7.900139187796267, 41.16839144177419], [-7.900581138732657, 41.16847985000349], [-7.90069222475147, 41.16930899496844], [-7.901613329835496, 41.16873182806272], [-7.902570335178601, 41.16861072448047], [-7.902857095042482, 41.169275710065136], [-7.903522955751266, 41.169771360565306], [-7.903467697828743, 41.17050506697385], [-7.898564724389979, 41.169147310553136], [-7.900139187796267, 41.16839144177419]]]}, "properties": {"ano": 2019, "ha": 5}}, {"type": "Feature", "geometry": {"type": "Polygon", "coordinates": [[[-7.944726860610481, 41.17099285178211], [-7.943947214092354, 41.1705550840057], [-7.944088484777283, 41.16978741579467], [-7.943545147023434, 41.16901862264712], [-7.944669940279769, 41.168923805531065], [-7.944876388289761, 41.16839405793542], [-7.94576773905471, 41.16815131452885], [-7.947401686345655, 41.17009562015699], [-7.948994130348761, 41.17133924420219], [-7.948767378395759, 41.17209061504726], [-7.9479634295960295, 41.17267131332829], [-7.947481765386024, 41.172767534838144], [-7.947301276678017, 41.17228225464224], [-7.946262447264476, 41.172692816218834], [-7.945557699508987, 41.17223901360561], [-7.944726860610481, 41.17099285178211]]]}, "properties": {"ano": 2019, "ha": 12}}, {"type": "Feature", "geometry": {"type": "Polygon", "coordinates": [[[-7.960791253201098, 41.15812853952623], [-7.959310070482445, 41.15772192651017], [-7.959377154686823, 41.15752172430512], [-7.959783874592391, 41.15726131523987], [-7.960534327691136, 41.15755003839852], [-7.960791253201098, 41.15812853952623]]]}, "properties": {"ano": 2019, "ha": 1}}, {"type": "Feature", "geometry": {"type": "MultiPolygon", "coordinates": [[[[-7.948023783983973, 41.19675465278738], [-7.9481073997422635, 41.19506328736317], [-7.94764271592514, 41.19487194906985], [-7.947511361056981, 41.1939187791708], [-7.948087450358667, 41.19374698242184], [-7.947402553928257, 41.193358740908], [-7.947207420364828, 41.192655620384215], [-7.94771277057643, 41.19240032758627], [-7.946698826954124, 41.19127300849285], [-7.947001698584244, 41.190123992873545], [-7.945045436620701, 41.190436482676404], [-7.944662715061251, 41.18917318687412], [-7.943701899310726, 41.18879638312283], [-7.944997711613376, 41.18782768025857], [-7.943327044933157, 41.18755096367967], [-7.942989109819835, 41.18717517947742], [-7.942429076202455, 41.187263592877564], [-7.942447453126365, 41.186364268399785], [-7.9427951625303255, 41.18608491214109], [-7.942607102503472, 41.18568554970373], [-7.943010011158523, 41.18540032767859], [-7.942671864554655, 41.18510196947273], [-7.941962175128988, 41.185148441208014], [-7.9414550003938, 41.18604099799226], [-7.938589700286785, 41.187185700591826], [-7.938690431841592, 41.1877814705093], [-7.938231152278902, 41.18845372144403], [-7.937827778274305, 41.188881869572526], [-7.9371662381139485, 41.18863059393441], [-7.93744799933837, 41.18932792363613], [-7.936776454020802, 41.18978539214277], [-7.937027851030146, 41.19008957611967], [-7.937927214240577, 41.18991242362829], [-7.939137574717838, 41.19121883030142], [-7.941007278253384, 41.19086460472659], [-7.942062464645592, 41.19133092746292], [-7.941076674199524, 41.19140075988565], [-7.941271755837225, 41.192097935366164], [-7.942201256149735, 41.19240919090166], [-7.941080694578931, 41.19272299541117], [-7.940960385618018, 41.19341964496847], [-7.941724509288858, 41.193665112788175], [-7.9416602668338, 41.19406405699426], [-7.942705293791703, 41.19533441489671], [-7.941467709629309, 41.19520133041793], [-7.940519994426582, 41.19571196402444], [-7.9397949619461015, 41.195573762075504], [-7.938215486009833, 41.1937366564304], [-7.93736384164042, 41.193759035762476], [-7.936246231726443, 41.1930721925189], [-7.934976949045293, 41.193010455919485], [-7.933134539722336, 41.19213769771621], [-7.9305111052825685, 41.19142435058979], [-7.928539625556333, 41.191522117574685], [-7.928092745243812, 41.19070535251548], [-7.925941159160533, 41.19041561497113], [-7.926203617365111, 41.189695411719114], [-7.92595362369724, 41.18896237536879], [-7.9241691262742515, 41.1897870352654], [-7.923729988198414, 41.18903578262877], [-7.924866148734921, 41.18878173500217], [-7.924583484151609, 41.18841195231417], [-7.923416531934675, 41.18843365726032], [-7.923207746335255, 41.18715273919697], [-7.922086496170957, 41.18768077362499], [-7.9220330282664015, 41.18714463595473], [-7.922357443059938, 41.1867819150505], [-7.921894156264534, 41.18619737835552], [-7.922905578712342, 41.18549046590259], [-7.922339023443143, 41.18514993908228], [-7.921597706564537, 41.1852200520187], [-7.921260502925759, 41.18465956867734], [-7.921641743918028, 41.18378473781079], [-7.92273908912531, 41.183316223768], [-7.923415111136891, 41.18146514189019], [-7.923530776723031, 41.179803628554374], [-7.925139489575446, 41.179639776842805], [-7.925190235320204, 41.17854992016622], [-7.927225943868574, 41.177957976266626], [-7.9274005635695755, 41.17757710444853], [-7.928976015575831, 41.177949179376164], [-7.9287431348707305, 41.176787346622696], [-7.929083467151021, 41.1763472049922], [-7.928636200908532, 41.17568529611337], [-7.928693787218369, 41.174911117595336], [-7.930800441442732, 41.17427158850655], [-7.93399574525478, 41.17593888214559], [-7.934419671460895, 41.17651734605481], [-7.933882101828405, 41.17702267812299], [-7.934235860710052, 41.177344913179695], [-7.933848296224014, 41.17777307551729], [-7.934265556147161, 41.17795247713646], [-7.934707742698947, 41.177709043507754], [-7.934886808225585, 41.17845385212995], [-7.936219426827642, 41.17833106113893], [-7.936568473092584, 41.17759906969355], [-7.937042003854613, 41.17741524074084], [-7.938215120527684, 41.17790562318709], [-7.938040315137102, 41.17836989587391], [-7.938447891608549, 41.17916273398698], [-7.939284176141202, 41.17893781554679], [-7.94084900710282, 41.180280539055126], [-7.941850537222466, 41.180163086196636], [-7.941546385002162, 41.1790309404618], [-7.942689997004884, 41.178842244469934], [-7.943342219464599, 41.17956399742225], [-7.943331791267604, 41.18044546798693], [-7.944080350354115, 41.18057177561743], [-7.94395221076657, 41.18126841694905], [-7.942736987100032, 41.18167142298461], [-7.942712475033386, 41.18196918223711], [-7.943263754732677, 41.18216663993959], [-7.942994456333835, 41.18260098395974], [-7.943379944406923, 41.18288155112017], [-7.943150354968963, 41.18321470883221], [-7.943615424077629, 41.183239298611866], [-7.944965460375204, 41.18256848406141], [-7.944698595523743, 41.182157084191005], [-7.9451014053156435, 41.18189567819078], [-7.946472631543927, 41.18207658872948], [-7.946689135623183, 41.18079044357393], [-7.948234531028762, 41.18070359426932], [-7.949253568879574, 41.1799607253356], [-7.949175985478765, 41.17951390117586], [-7.94775079930716, 41.17891601658869], [-7.9486111500978645, 41.17853025774796], [-7.948801714046503, 41.17804217049997], [-7.951051455159525, 41.17693793235643], [-7.951737370104126, 41.1771426524231], [-7.952281732865029, 41.17674332160152], [-7.954692867830712, 41.177128266593556], [-7.955411987211773, 41.17647421797175], [-7.956713238003838, 41.1762618019902], [-7.9571516007714, 41.17741198078704], [-7.956945430453843, 41.1778643215973], [-7.956448718391392, 41.177893340909904], [-7.9569756858110745, 41.17834084840012], [-7.957906241119544, 41.17821123544671], [-7.957767602275052, 41.17699004429252], [-7.95828865163561, 41.17669899173765], [-7.961048338534009, 41.17644703920773], [-7.961796374471612, 41.1767697789258], [-7.963140931325245, 41.17605548085245], [-7.964272037908326, 41.17660666575973], [-7.964943029014277, 41.17623837522043], [-7.9662967487379746, 41.17708014017816], [-7.967123558600912, 41.177191419178136], [-7.96891613581416, 41.176184547321704], [-7.967791526300853, 41.1750894794642], [-7.967867923811758, 41.17482493844868], [-7.969090835959307, 41.17413287182875], [-7.9699139881252155, 41.174305706433756], [-7.9695843165541715, 41.173640035607654], [-7.9700582379591385, 41.17339751413854], [-7.975694287410569, 41.176652622819155], [-7.978002827074766, 41.1771441472856], [-7.977070120959996, 41.17820305637829], [-7.9781409168203234, 41.17875841014637], [-7.977375699677045, 41.1789896623795], [-7.976714702071065, 41.178488462492865], [-7.97617051074793, 41.17859492989326], [-7.974322633625678, 41.17992654206649], [-7.974605743116158, 41.18021282009275], [-7.976361013981844, 41.18135281804312], [-7.97775834541777, 41.18052682719158], [-7.978704489891124, 41.18046853928903], [-7.9786951931348575, 41.18107008300319], [-7.978229677983013, 41.18123622658405], [-7.979522341494754, 41.18133325328057], [-7.981316169399844, 41.18289610341316], [-7.9814177228723695, 41.18330124541862], [-7.9809116630632255, 41.18394978108196], [-7.98110732463269, 41.1845694635073], [-7.9793341816431775, 41.18425739732377], [-7.979090816010395, 41.18381632846719], [-7.976155694569539, 41.18480106180736], [-7.976951344343128, 41.18506420746484], [-7.977808396737697, 41.186036193562366], [-7.9791167974840205, 41.1861868497212], [-7.980234296606439, 41.1870638699156], [-7.9795935797104, 41.1879623727189], [-7.979639313183654, 41.188635460979334], [-7.978945770679994, 41.18851541548442], [-7.978873442277104, 41.18909900578157], [-7.978021126016885, 41.189437352571595], [-7.976698637910579, 41.1885540775934], [-7.976019900934527, 41.18883904149307], [-7.975807608348311, 41.18859455597057], [-7.974750834606395, 41.18870627159507], [-7.973712931377642, 41.18753746458621], [-7.972467341614444, 41.18748808666193], [-7.970498487214918, 41.18659788052746], [-7.969933094496491, 41.185685813859955], [-7.969197848071964, 41.186500741252075], [-7.968583396968681, 41.18629736118441], [-7.968148398604899, 41.18684468987674], [-7.96762923033323, 41.186373421628105], [-7.96502847849786, 41.185982515844465], [-7.964682344263272, 41.185684210583965], [-7.965512455461008, 41.184786066205376], [-7.964993034114528, 41.18442794941528], [-7.962522286983881, 41.185621471464835], [-7.961268360810862, 41.185762551328374], [-7.960868152581067, 41.18805501156613], [-7.960385726027419, 41.18862010800111], [-7.959608336783499, 41.187421785231926], [-7.959771454154423, 41.188351165727966], [-7.958703991141211, 41.18951097285763], [-7.9567456298971475, 41.190633672669364], [-7.955689209615916, 41.19059035827874], [-7.955363429231533, 41.19151899031073], [-7.9575444462167715, 41.192659929042804], [-7.958614315232739, 41.19359068898727], [-7.96010068003752, 41.19207415516916], [-7.961921638676518, 41.19223768718619], [-7.962720702968803, 41.19119657411001], [-7.962257537788944, 41.190415653654284], [-7.9639213467838275, 41.19035259426999], [-7.963977473479335, 41.18998936089889], [-7.963307798229832, 41.18979182805826], [-7.9637421350582285, 41.18952444730786], [-7.96450639196753, 41.18973402886162], [-7.964441496849347, 41.19044269637181], [-7.9650635542627315, 41.190765229603606], [-7.9658360472677465, 41.19084378148361], [-7.966736068836644, 41.19038051833269], [-7.967421664536306, 41.19052445044195], [-7.967963963214996, 41.1912161244692], [-7.967923402105607, 41.19166872120565], [-7.967393625167015, 41.192263558751414], [-7.9665422808266495, 41.192178946954485], [-7.965238297759997, 41.19335038341518], [-7.964635639058337, 41.194677688383905], [-7.965304501104086, 41.19521470403466], [-7.963987, 41.1972043], [-7.9611077, 41.1969525], [-7.9609129, 41.1964201], [-7.9566443, 41.1947882], [-7.948023783983973, 41.19675465278738]]], [[[-7.91452161556694, 41.19972134486199], [-7.911404347028868, 41.198101315852384], [-7.912183130095132, 41.1963160181364], [-7.913456534492883, 41.19515703701294], [-7.914896645677529, 41.195093317299694], [-7.915348839094187, 41.19426629062011], [-7.914594830965696, 41.193377421626394], [-7.914480421370414, 41.19221578707936], [-7.914647193887602, 41.18948546730739], [-7.915349162934972, 41.18702976662118], [-7.913523489176295, 41.185995913648036], [-7.912745528901998, 41.18523206040744], [-7.912362698449573, 41.18419498482109], [-7.911858496482386, 41.184086809011745], [-7.9106980922573005, 41.18452531747349], [-7.91039138979851, 41.184298397179205], [-7.9118941812631824, 41.18285398633661], [-7.9127458119694545, 41.18279605967298], [-7.913732872049418, 41.1832396293376], [-7.913656460885268, 41.18251285242809], [-7.91543192298289, 41.18201591791862], [-7.915925043339663, 41.18308892816473], [-7.917095930179984, 41.18424063666439], [-7.917616319475119, 41.184223744174446], [-7.918367458008339, 41.183558075051614], [-7.919935582049868, 41.18378731575814], [-7.919963408657086, 41.184930918230364], [-7.920592308929474, 41.18549194393405], [-7.9204807779683115, 41.18584909768651], [-7.921244333536508, 41.186219776195095], [-7.921416458813762, 41.18663105685562], [-7.921310089681256, 41.18783397178047], [-7.920162824596526, 41.18908261384122], [-7.920861860254567, 41.18991178662893], [-7.9215314464791815, 41.19009765421513], [-7.921828797685765, 41.19080100686455], [-7.921244551827834, 41.1910441291808], [-7.9207729763579255, 41.19057869321645], [-7.92034676649023, 41.19071489490502], [-7.920150695172665, 41.19039290871306], [-7.919488685133726, 41.19030234357838], [-7.919164469750617, 41.190593584673834], [-7.919944150958072, 41.190869005972104], [-7.919406469885987, 41.19133853250634], [-7.920335720183316, 41.19169165676104], [-7.920363633645664, 41.19281143318642], [-7.9211765383024995, 41.19257469277901], [-7.921806134672025, 41.19294512059308], [-7.921818863699361, 41.191438278953605], [-7.922613783245765, 41.19188643380556], [-7.922152607800806, 41.193088699399816], [-7.922661537490564, 41.1942093559811], [-7.921271572354929, 41.19489174585816], [-7.920834987102883, 41.195790295406574], [-7.921235787099688, 41.1962079523758], [-7.92106075499506, 41.19669006457391], [-7.9191716733672965, 41.1980683582459], [-7.918204158967051, 41.19733397196989], [-7.9167188089046245, 41.19821267555828], [-7.915102367109562, 41.19818580345866], [-7.914697990765908, 41.19885210671594], [-7.914869197699899, 41.19953736878578], [-7.91452161556694, 41.19972134486199]]]]}, "properties": {"ano": 2019, "ha": 860}}, {"type": "Feature", "geometry": {"type": "Polygon", "coordinates": [[[-7.879593153190697, 41.23187111674806], [-7.8793999039281175, 41.23216121653839], [-7.879011986167714, 41.23222730556386], [-7.879593153190697, 41.23187111674806]]]}, "properties": {"ano": 2019, "ha": 199}}, {"type": "Feature", "geometry": {"type": "Polygon", "coordinates": [[[-7.913032094536058, 41.18205806291227], [-7.913354204253076, 41.18239221404521], [-7.9127458119694545, 41.18279605967298], [-7.9118941812631824, 41.18285398633661], [-7.91039138979851, 41.184298397179205], [-7.9106980922573005, 41.18452531747349], [-7.911858496482386, 41.184086809011745], [-7.912362698449573, 41.18419498482109], [-7.912745528901998, 41.18523206040744], [-7.913523489176295, 41.185995913648036], [-7.915349162934972, 41.18702976662118], [-7.914647193887602, 41.18948546730739], [-7.914480421370414, 41.19221578707936], [-7.914594830965696, 41.193377421626394], [-7.915348839094187, 41.19426629062011], [-7.914659815166861, 41.195176251948915], [-7.913635010601921, 41.19509687543101], [-7.914140728936209, 41.19477621539131], [-7.913317779187322, 41.19328565159203], [-7.912485334641729, 41.189936795256585], [-7.911909789058344, 41.189929734945906], [-7.912203815940732, 41.1892453606354], [-7.910746715596333, 41.18879585813496], [-7.9083470072318365, 41.189630994301396], [-7.907117363670305, 41.18953329164789], [-7.90656717864816, 41.18903190770221], [-7.9060199653295635, 41.18767286438604], [-7.906352319972936, 41.18503501519788], [-7.905943202571001, 41.18479001320111], [-7.906440830144341, 41.18451701776371], [-7.906996425022367, 41.18343411902592], [-7.908955316943736, 41.182342045157164], [-7.910734845561719, 41.18298278586632], [-7.911676909805541, 41.1818231813917], [-7.913032094536058, 41.18205806291227]]]}, "properties": {"ano": 2019, "ha": 53}}, {"type": "Feature", "geometry": {"type": "Polygon", "coordinates": [[[-7.916634285809903, 41.14398739236991], [-7.915313940533, 41.144787005751816], [-7.9146487732697475, 41.144457444009255], [-7.915993549630346, 41.14373249923], [-7.916634285809903, 41.14398739236991]]]}, "properties": {"ano": 2020, "ha": 1}}, {"type": "Feature", "geometry": {"type": "Polygon", "coordinates": [[[-7.949509131591569, 41.177164689055104], [-7.948319719009644, 41.176895336991954], [-7.947983594562469, 41.17582810196723], [-7.949116967280518, 41.176455298277475], [-7.949509131591569, 41.177164689055104]]]}, "properties": {"ano": 2020, "ha": 1}}, {"type": "Feature", "geometry": {"type": "Polygon", "coordinates": [[[-8.010725653276308, 41.13800211120434], [-8.009945106026352, 41.13945409676776], [-8.008479801555158, 41.140045506520515], [-8.007140189782376, 41.13984144656348], [-8.006338638419397, 41.138570587361336], [-8.006483294988186, 41.13812600664619], [-8.007333847342503, 41.13769702343831], [-8.009038503479607, 41.138405514247715], [-8.010307610645919, 41.13784847779828], [-8.010725653276308, 41.13800211120434]]]}, "properties": {"ano": 2020, "ha": 6}}, {"type": "Feature", "geometry": {"type": "Polygon", "coordinates": [[[-8.00767069961684, 41.13167753499037], [-8.008737677626653, 41.131493228536605], [-8.00825739310509, 41.1329953990924], [-8.007396981527894, 41.13293989659764], [-8.007575148617489, 41.13267145287284], [-8.007190591082697, 41.13145663689447], [-8.00767069961684, 41.13167753499037]]]}, "properties": {"ano": 2020, "ha": 2}}, {"type": "Feature", "geometry": {"type": "Polygon", "coordinates": [[[-8.020524145126483, 41.20251731470877], [-8.02128453888999, 41.200558538666115], [-8.022144743052595, 41.20017223177327], [-8.021988217705031, 41.199469274750854], [-8.023560085382988, 41.19789840090142], [-8.026614243718445, 41.196370577149025], [-8.027333923686514, 41.19505496715278], [-8.02975670557186, 41.19286281253919], [-8.031680787521385, 41.192751359347874], [-8.035436342427516, 41.191164356542956], [-8.034723134566438, 41.19345698982851], [-8.0302494, 41.1990328], [-8.0264418, 41.2012295], [-8.0241771, 41.2014204], [-8.0207711, 41.2027554], [-8.020524145126483, 41.20251731470877]]]}, "properties": {"ano": 2020, "ha": 192}}, {"type": "Feature", "geometry": {"type": "Polygon", "coordinates": [[[-7.949796596066236, 41.17609551896943], [-7.950520790114952, 41.17646594139566], [-7.9496276255468645, 41.17707553759807], [-7.947983594562469, 41.17582810196723], [-7.948067941515358, 41.17666803390332], [-7.948894478509568, 41.17708627921833], [-7.948350796592628, 41.17740293694355], [-7.947168094568309, 41.177336109638254], [-7.946279112100805, 41.1767033354475], [-7.946723136822375, 41.17579278548758], [-7.94661402799137, 41.17535186465065], [-7.947009192944705, 41.17498918799504], [-7.9468766714388215, 41.1744648446775], [-7.948391826645258, 41.173865727772224], [-7.948864746920295, 41.173878397990784], [-7.949862745184104, 41.17498780680361], [-7.949796596066236, 41.17609551896943]]]}, "properties": {"ano": 2020, "ha": 8}}, {"type": "Feature", "geometry": {"type": "Polygon", "coordinates": [[[-8.046903468569575, 41.171934934570444], [-8.048702561474572, 41.17241114548024], [-8.048793315204174, 41.17404090619146], [-8.046550293884883, 41.174390004606956], [-8.046050622185358, 41.17418996351674], [-8.0457092376573, 41.17311583394553], [-8.044659428883875, 41.173088050099544], [-8.044837292178729, 41.17359544281033], [-8.04428725282363, 41.173681361894104], [-8.042513787811956, 41.17533665605823], [-8.042199926065305, 41.17505579960279], [-8.041623351524063, 41.17366848331737], [-8.042596665471361, 41.172201448335144], [-8.042391194684914, 41.17101409084639], [-8.042792530268743, 41.169989101476965], [-8.043522135890308, 41.169126255864164], [-8.044593479250425, 41.1690245540857], [-8.044957009406588, 41.169532088596846], [-8.04474914690915, 41.1700985454028], [-8.045805999306241, 41.17016410799581], [-8.046169644979713, 41.17059609023111], [-8.046090295953437, 41.17119502418239], [-8.046903468569575, 41.171934934570444]]]}, "properties": {"ano": 2020, "ha": 22}}, {"type": "Feature", "geometry": {"type": "Polygon", "coordinates": [[[-7.90904909948245, 41.20570438768084], [-7.9076839136403505, 41.2066605800731], [-7.906803659555634, 41.20789738182652], [-7.905692500877479, 41.20781807921886], [-7.905106762145659, 41.20843038580871], [-7.906077462144657, 41.210728980229625], [-7.905984194183595, 41.212547553959105], [-7.904036898896676, 41.21470746236049], [-7.90355389548414, 41.21560612806945], [-7.903646204779918, 41.21676285690131], [-7.9021894864791244, 41.21829062668166], [-7.900261129435319, 41.21933499259848], [-7.899047885931863, 41.21890965952369], [-7.897099848039911, 41.219067702153346], [-7.8960754192991045, 41.22073205813365], [-7.894652781748934, 41.22149148360938], [-7.890613866638297, 41.22151878549092], [-7.889614798292946, 41.220778138322565], [-7.889098651977693, 41.21957394256674], [-7.891265497407621, 41.2180776123326], [-7.891729078102886, 41.216422828512826], [-7.892622584614823, 41.215823145833745], [-7.893765797300825, 41.213794544528064], [-7.8935613137053044, 41.21363330903807], [-7.894670013395022, 41.21240272525266], [-7.894612020508947, 41.21099699714181], [-7.895755883509139, 41.20874800534237], [-7.896536604661772, 41.20876747990938], [-7.897304691828181, 41.210109147631286], [-7.898024018419021, 41.20965796417548], [-7.898394411575542, 41.20753243919726], [-7.90026252697037, 41.20559458519562], [-7.900468617636781, 41.20418641420751], [-7.9020350240761275, 41.20278395765578], [-7.9035828453013615, 41.20216763207166], [-7.904129944266206, 41.20131701607705], [-7.904293219554014, 41.199721139039774], [-7.904761161952996, 41.20121701768699], [-7.906546931559535, 41.200184205043605], [-7.906915078767634, 41.2009056023038], [-7.908158829927582, 41.20155128384614], [-7.908773148489789, 41.20408972699731], [-7.908060250490517, 41.2050055561104], [-7.90904909948245, 41.20570438768084]]]}, "properties": {"ano": 2020, "ha": 174}}, {"type": "Feature", "geometry": {"type": "Polygon", "coordinates": [[[-7.891271950208389, 41.18459633059702], [-7.890778431152545, 41.18373763025972], [-7.891357447412821, 41.182785888286794], [-7.891352454552877, 41.18199968645457], [-7.89340531583107, 41.18114035732042], [-7.895305754483754, 41.180995397390184], [-7.895864680527649, 41.18121692138459], [-7.895531897637276, 41.181680803593814], [-7.895608752969665, 41.18222891311171], [-7.89501543816683, 41.182793508205656], [-7.89444751597396, 41.18287571656929], [-7.894520818401527, 41.18440060259999], [-7.8941016127889005, 41.184774961228015], [-7.89437668268549, 41.185013771121035], [-7.893118384896054, 41.18631551851014], [-7.891601369579703, 41.18720574653282], [-7.891271950208389, 41.18459633059702]]]}, "properties": {"ano": 2020, "ha": 16}}, {"type": "Feature", "geometry": {"type": "Polygon", "coordinates": [[[-7.948497055918957, 41.178499668143004], [-7.947447004401783, 41.17906380099964], [-7.9467620787377005, 41.17874107036135], [-7.947347181335627, 41.178122590986234], [-7.948460982020996, 41.178165623671575], [-7.948497055918957, 41.178499668143004]]]}, "properties": {"ano": 2020, "ha": 1}}, {"type": "Feature", "geometry": {"type": "Polygon", "coordinates": [[[-8.096282397989066, 41.11260526174618], [-8.097057886404615, 41.11292749474793], [-8.097005102915489, 41.113465595443806], [-8.096433270792172, 41.113972655726116], [-8.095739786690645, 41.11301088016953], [-8.096282397989066, 41.11260526174618]]]}, "properties": {"ano": 2020, "ha": 1}}, {"type": "Feature", "geometry": {"type": "Polygon", "coordinates": [[[-7.896065410384814, 41.17901505516224], [-7.896821846951095, 41.17977677421478], [-7.896601729580816, 41.17994217703863], [-7.895495123608415, 41.179898435307734], [-7.894661566624734, 41.18022842093951], [-7.894811848075857, 41.17914376979032], [-7.895554972500414, 41.178523351354755], [-7.8961772868628115, 41.17842788509509], [-7.896065410384814, 41.17901505516224]]]}, "properties": {"ano": 2020, "ha": 2}}, {"type": "Feature", "geometry": {"type": "Polygon", "coordinates": [[[-8.00530986163628, 41.17175309238551], [-8.00359294516366, 41.172497966756296], [-8.002627546577127, 41.17161139442972], [-8.00354655551345, 41.17096165582106], [-8.004866156756114, 41.171219176205604], [-8.00530986163628, 41.17175309238551]]]}, "properties": {"ano": 2020, "ha": 2}}, {"type": "Feature", "geometry": {"type": "MultiPolygon", "coordinates": [[[[-7.922614323810783, 41.165962001979494], [-7.923644291738882, 41.166756029750616], [-7.923225098314879, 41.167213879744075], [-7.924285145192366, 41.1684725248844], [-7.924226037483704, 41.16971126763283], [-7.9229725817680166, 41.16977450342918], [-7.922312149691541, 41.16925512445956], [-7.9201071578037725, 41.16864355447966], [-7.916443399517366, 41.168231712928986], [-7.916542335591895, 41.16690966390483], [-7.916205150478547, 41.16638490062089], [-7.917896773312478, 41.16487524628274], [-7.92020904760814, 41.16638641433578], [-7.9210049792369555, 41.16642361925827], [-7.921329718866947, 41.16592986713108], [-7.922614323810783, 41.165962001979494]]], [[[-7.916127100047213, 41.166152468879005], [-7.915709078778868, 41.166241021090755], [-7.915308418113807, 41.165847166856025], [-7.9158693279939145, 41.16544917324663], [-7.916127100047213, 41.166152468879005]]]]}, "properties": {"ano": 2020, "ha": 21}}, {"type": "Feature", "geometry": {"type": "Polygon", "coordinates": [[[-7.921623384455706, 41.15697505392344], [-7.920867577357147, 41.15593909811494], [-7.921589844484305, 41.155428428398416], [-7.922225473041696, 41.15543753748347], [-7.922211780215558, 41.15623388978166], [-7.9238106585667545, 41.15788787278972], [-7.923647318265296, 41.15840145493669], [-7.9225358059943565, 41.159139021037696], [-7.922606627644851, 41.159526510710705], [-7.921952316687741, 41.159758078981625], [-7.9215110318956325, 41.16084467728698], [-7.920433701661477, 41.16090422281464], [-7.920042074054438, 41.159982399149854], [-7.920913888222794, 41.15845720094974], [-7.921146483969799, 41.157359319051125], [-7.921623384455706, 41.15697505392344]]]}, "properties": {"ano": 2020, "ha": 9}}, {"type": "Feature", "geometry": {"type": "Polygon", "coordinates": [[[-7.972644066990518, 41.19709247160407], [-7.970608309344707, 41.19769214137142], [-7.969996742873344, 41.19693359650019], [-7.969035554975621, 41.196509105460954], [-7.971114319764694, 41.19634337737872], [-7.972644066990518, 41.19709247160407]]]}, "properties": {"ano": 2020, "ha": 2}}, {"type": "Feature", "geometry": {"type": "Polygon", "coordinates": [[[-8.07678321457358, 41.14754379775375], [-8.076447473459737, 41.148146534641484], [-8.075453213701195, 41.148307688344524], [-8.074337944253276, 41.14805373185119], [-8.074026524097098, 41.14728902304078], [-8.07443137113006, 41.146987779613866], [-8.074085096519102, 41.146424020593365], [-8.07428191955765, 41.14607024361752], [-8.075680675078079, 41.145957359733536], [-8.076217590080843, 41.146634797987126], [-8.076124657864224, 41.14716338355889], [-8.07678321457358, 41.14754379775375]]]}, "properties": {"ano": 2020, "ha": 4}}, {"type": "Feature", "geometry": {"type": "Polygon", "coordinates": [[[-8.049473983308204, 41.10096436556514], [-8.049351163059862, 41.09976613341118], [-8.050110900787141, 41.10001195705624], [-8.051370866640662, 41.09972318190551], [-8.051517718128956, 41.10004986129673], [-8.053109608276335, 41.10028179563509], [-8.054861090866448, 41.09994021053282], [-8.0545589738478, 41.100063515788484], [-8.055042978159928, 41.10078383282941], [-8.053884766812104, 41.10104984852249], [-8.053380176206167, 41.100642579168884], [-8.052256785788417, 41.10046938762742], [-8.05185165311822, 41.10087122635372], [-8.049892969174268, 41.10103216378318], [-8.049473983308204, 41.10096436556514]]]}, "properties": {"ano": 2020, "ha": 4}}, {"type": "Feature", "geometry": {"type": "Polygon", "coordinates": [[[-7.905196510522457, 41.1451965691948], [-7.906419932276529, 41.14548085868965], [-7.904119267884345, 41.14693334131186], [-7.903963516895584, 41.14563046868932], [-7.905196510522457, 41.1451965691948]]]}, "properties": {"ano": 2020, "ha": 2}}, {"type": "Feature", "geometry": {"type": "Polygon", "coordinates": [[[-8.008128104071266, 41.13141000995715], [-8.00767069961684, 41.13167753499037], [-8.006112326173165, 41.13096110125076], [-8.006175943056254, 41.13065145596534], [-8.006980054034134, 41.130330712659486], [-8.007114778405239, 41.12990798058476], [-8.007429656026412, 41.130021489484655], [-8.008058948486141, 41.130492702495246], [-8.008128104071266, 41.13141000995715]]]}, "properties": {"ano": 2020, "ha": 2}}, {"type": "Feature", "geometry": {"type": "Polygon", "coordinates": [[[-7.88611584291687, 41.23626378848192], [-7.883993806755744, 41.23584426240588], [-7.882207959456325, 41.23697200539346], [-7.881514261455007, 41.23656868418854], [-7.881788726770825, 41.23581487024709], [-7.883250822338205, 41.234120620182814], [-7.88382781998282, 41.23378566436723], [-7.8854555985981, 41.23421558507806], [-7.885771233580523, 41.234052259939304], [-7.884687049710212, 41.233500515933514], [-7.884872923196366, 41.23318111072717], [-7.8869364765765795, 41.23369637667586], [-7.887135563195761, 41.23465796249469], [-7.886756039242564, 41.2350383895764], [-7.888101586003181, 41.23542666778206], [-7.887902684298059, 41.23632826094718], [-7.888454679019409, 41.23687064477064], [-7.887703254472194, 41.237369255438516], [-7.885324063368255, 41.23740516113526], [-7.884652192059661, 41.23696910512324], [-7.884609148060231, 41.236187133281604], [-7.885373146898903, 41.23635660350932], [-7.88611584291687, 41.23626378848192]], [[-7.886616957256114, 41.23591550801056], [-7.886495254355757, 41.23505833224131], [-7.885282411632028, 41.23549033582729], [-7.886290467807783, 41.23607471160683], [-7.886616957256114, 41.23591550801056]]]}, "properties": {"ano": 2020, "ha": 14}}, {"type": "Feature", "geometry": {"type": "Polygon", "coordinates": [[[-7.9393124010706675, 41.141386205124924], [-7.939489223457211, 41.14233567944638], [-7.938672825421669, 41.14251545141547], [-7.937936894852967, 41.14229906827095], [-7.936983432066829, 41.14261754294144], [-7.93570931950733, 41.142508633891005], [-7.935195501117787, 41.14216708141], [-7.935315957270077, 41.14181423544302], [-7.934662595422927, 41.14088118088282], [-7.935002558170228, 41.140217516229384], [-7.935987934108921, 41.14014984649249], [-7.935722946677307, 41.14069051538343], [-7.936441563454802, 41.14067832157551], [-7.937782332493923, 41.141310819422976], [-7.938813641841188, 41.141258805346126], [-7.9385799542674205, 41.141653955658626], [-7.938811630185951, 41.141774142169595], [-7.9393124010706675, 41.141386205124924]]]}, "properties": {"ano": 2020, "ha": 6}}, {"type": "Feature", "geometry": {"type": "Polygon", "coordinates": [[[-7.891679065508333, 41.22144359586952], [-7.893555554605365, 41.221697665267676], [-7.8936661805818975, 41.22232971196875], [-7.892302605910106, 41.22359491734017], [-7.8948748747659545, 41.22425722036342], [-7.894318770852626, 41.22508867296552], [-7.891477815565363, 41.22536267696911], [-7.8892410174280805, 41.22651341583008], [-7.88835037691952, 41.22629711204311], [-7.887493013195363, 41.22562226413204], [-7.885829745515903, 41.22528517096711], [-7.88544495155974, 41.22481978033358], [-7.8875833516079235, 41.22256109747091], [-7.88762314534592, 41.22035747902896], [-7.888374536832863, 41.21981708645107], [-7.889702891628117, 41.22087665488417], [-7.890579514709808, 41.22081639565204], [-7.891679065508333, 41.22144359586952]]]}, "properties": {"ano": 2021, "ha": 31}}, {"type": "Feature", "geometry": {"type": "Polygon", "coordinates": [[[-7.896512168808604, 41.22062027944014], [-7.897139870581262, 41.21935890430941], [-7.899191321481661, 41.219202279498695], [-7.898203748592136, 41.219641009897636], [-7.896369170689993, 41.22340764231296], [-7.8948748747659545, 41.22425722036342], [-7.892302605910106, 41.22359491734017], [-7.893451759776899, 41.22272235931542], [-7.8938338111135335, 41.22178806864774], [-7.895247108421045, 41.2214336392928], [-7.896512168808604, 41.22062027944014]]]}, "properties": {"ano": 2021, "ha": 11}}, {"type": "Feature", "geometry": {"type": "Polygon", "coordinates": [[[-7.886989877403907, 41.232833309244604], [-7.887723809369424, 41.231792906165694], [-7.888019764218734, 41.231896671271386], [-7.888202361526065, 41.233543223976056], [-7.887815656017458, 41.23425116833378], [-7.887244110221216, 41.234482019723366], [-7.886989877403907, 41.232833309244604]]]}, "properties": {"ano": 2021, "ha": 2}}, {"type": "Feature", "geometry": {"type": "Polygon", "coordinates": [[[-8.007676553623423, 41.20755765881938], [-8.007115373217497, 41.206272314204256], [-8.007834408697796, 41.20539081307061], [-8.008165471999357, 41.2037426902541], [-8.008025207821143, 41.2029114506065], [-8.010121196089719, 41.20271792358709], [-8.011575367718738, 41.2037830614536], [-8.014386315165465, 41.203408739768], [-8.014746311622925, 41.20435910501866], [-8.015603726507052, 41.20454767343833], [-8.016712978433615, 41.203132497869866], [-8.018569135844574, 41.20259061259339], [-8.01871305476217, 41.20208194964577], [-8.019606045487828, 41.20185824482451], [-8.02103129294478, 41.200698884128855], [-8.020315497989497, 41.20279654141339], [-8.007676553623423, 41.20755765881938]]]}, "properties": {"ano": 2021, "ha": 72}}, {"type": "Feature", "geometry": {"type": "Polygon", "coordinates": [[[-7.946226008064486, 41.16160059850161], [-7.947909510034871, 41.16268731285898], [-7.948108467232348, 41.16200269048143], [-7.948691420887479, 41.16209296578869], [-7.9493355623623945, 41.16285040957804], [-7.9499345860559885, 41.16283349544181], [-7.9512167577883615, 41.16372893040707], [-7.951812965682807, 41.164736436695975], [-7.951385326697812, 41.16547430852437], [-7.95020983204963, 41.1658834137435], [-7.950956060507952, 41.16679586627908], [-7.952012572057156, 41.1666664997246], [-7.952169205817666, 41.167030063131435], [-7.951812032324816, 41.16793481498672], [-7.951281379789734, 41.168863116516015], [-7.949686050691064, 41.16999818584346], [-7.94808761440502, 41.17003120827517], [-7.947945197067458, 41.169608259683535], [-7.94724475491571, 41.169231902608644], [-7.947088176892327, 41.168856420871485], [-7.9473889357137475, 41.16841616144154], [-7.9466252346057, 41.168117127056945], [-7.946689387243236, 41.167730089982776], [-7.9462874815662765, 41.16770561506817], [-7.946081233394908, 41.16816984892314], [-7.9449168462490505, 41.16742345068828], [-7.943630999872005, 41.167808483590285], [-7.944122616783181, 41.16678485722243], [-7.942444260624628, 41.16662723506913], [-7.941752353020644, 41.16604835391167], [-7.941592517825703, 41.16680450200991], [-7.941079877311892, 41.16691681269751], [-7.940133895658488, 41.166974792019964], [-7.939993125572315, 41.16659932699679], [-7.93873939165338, 41.166781855459085], [-7.938251749381361, 41.16643558259298], [-7.937517993241888, 41.16669044749707], [-7.937314523141642, 41.16620170850852], [-7.936439892660933, 41.1661227899116], [-7.936426124234357, 41.16545569305384], [-7.936111022087279, 41.165401550666694], [-7.9362068129251515, 41.16499670511237], [-7.937533046392789, 41.16427828717096], [-7.938051489059981, 41.164862855696214], [-7.938080930830028, 41.16556571551628], [-7.938647065053347, 41.16601932950819], [-7.938775177697425, 41.16534055956903], [-7.939397292654642, 41.1655202883867], [-7.939926074021964, 41.16527697974001], [-7.939485987901709, 41.16484145129732], [-7.939802191663982, 41.16452035797303], [-7.939670870515091, 41.16361482268117], [-7.940871912372823, 41.162562618467796], [-7.939663075824678, 41.160904821533435], [-7.940241654699887, 41.159792015973736], [-7.939828552697861, 41.15823084566217], [-7.940513910955643, 41.15832133417401], [-7.940799182727206, 41.157785768275126], [-7.940531345686716, 41.15774958511984], [-7.9405877647344045, 41.15732084573887], [-7.9410526312326875, 41.15735140194192], [-7.94231865853722, 41.15830051285291], [-7.944634781180827, 41.15858425939087], [-7.944932868844804, 41.15906718432375], [-7.94478820236194, 41.16004969123655], [-7.946111584794715, 41.16026626397507], [-7.946401674179674, 41.16079682045354], [-7.946226008064486, 41.16160059850161]], [[-7.943427051335851, 41.1647448743747], [-7.942998447958826, 41.16423245836596], [-7.94132882305824, 41.16428494414236], [-7.941448669866312, 41.164975812182895], [-7.943427051335851, 41.1647448743747]], [[-7.9425298122554935, 41.16405210976315], [-7.9429743491823475, 41.16329632944201], [-7.94272087460755, 41.16300248434929], [-7.942238554674451, 41.16363722648438], [-7.9425298122554935, 41.16405210976315]]]}, "properties": {"ano": 2021, "ha": 85}}, {"type": "Feature", "geometry": {"type": "Polygon", "coordinates": [[[-8.043984824997597, 41.167345834834535], [-8.045878618033724, 41.16683392549423], [-8.046412500858008, 41.16723817107405], [-8.04927396209711, 41.16790423381762], [-8.049622673447024, 41.169108490264506], [-8.050232008416163, 41.16957505407129], [-8.049208469544718, 41.169540089267514], [-8.048691621481424, 41.16995039817557], [-8.047992094527705, 41.16963460892657], [-8.047260372411333, 41.169976719917486], [-8.046517922357692, 41.16987743307055], [-8.046327005275407, 41.170249811789965], [-8.045910629377865, 41.17001677494667], [-8.044796060791104, 41.170310250651035], [-8.045036494864421, 41.1696249898426], [-8.044655905392974, 41.16910256547241], [-8.043746900687164, 41.16912529410815], [-8.04321180273701, 41.16961085791836], [-8.042632846059622, 41.16904913258531], [-8.043984824997597, 41.167345834834535]]]}, "properties": {"ano": 2021, "ha": 14}}, {"type": "Feature", "geometry": {"type": "Polygon", "coordinates": [[[-8.046662332856823, 41.148648202563514], [-8.046145606914548, 41.14759801919722], [-8.045426132243012, 41.147510443550345], [-8.044972141946188, 41.14799419990009], [-8.044439738132146, 41.14792307975322], [-8.044109290467928, 41.147503995034846], [-8.043145427294252, 41.14722040001217], [-8.043117357856268, 41.14669820009785], [-8.044038391089083, 41.1467206732701], [-8.04431131175126, 41.14710707745712], [-8.044693626173013, 41.14641113477728], [-8.046895256371881, 41.14662493829726], [-8.048023548685018, 41.14774628339085], [-8.048044587764295, 41.1481705692671], [-8.047561928310891, 41.14857816257323], [-8.046662332856823, 41.148648202563514]]]}, "properties": {"ano": 2021, "ha": 5}}, {"type": "Feature", "geometry": {"type": "Polygon", "coordinates": [[[-7.942322156774643, 41.167828505370004], [-7.9449168462490505, 41.16742345068828], [-7.94576773905471, 41.16815131452885], [-7.946531023856125, 41.16798594205825], [-7.94808761440502, 41.17003120827517], [-7.946837303556601, 41.17024834937245], [-7.9461267946488485, 41.170954410648726], [-7.94535734296326, 41.17085401646894], [-7.944633749374979, 41.170013433682534], [-7.943759367180979, 41.169906247869754], [-7.94297501675667, 41.1689135366676], [-7.941489519059769, 41.16841536580162], [-7.942322156774643, 41.167828505370004]]]}, "properties": {"ano": 2021, "ha": 11}}, {"type": "Feature", "geometry": {"type": "Polygon", "coordinates": [[[-7.996071399883052, 41.18544049919787], [-7.995075657937914, 41.182136547328106], [-7.995884679050371, 41.1818713419525], [-7.9954930767541645, 41.18288143792253], [-7.996016099411094, 41.182966199158784], [-7.9962079001726964, 41.18353569909781], [-7.996668199811375, 41.18271519938304], [-7.997802800428649, 41.18209289862784], [-7.997863499501637, 41.18252189917301], [-7.999306499602638, 41.18206109880221], [-8.000534959720424, 41.18249057340227], [-8.000271096254151, 41.18322233890844], [-8.00075221791475, 41.18314436860494], [-8.001208528979198, 41.182576114557975], [-8.003046848279414, 41.18339897015147], [-8.001413717513003, 41.18519049419878], [-8.001079782996472, 41.18654621609123], [-8.000153414340584, 41.18736977864765], [-7.996760799890906, 41.186053898929146], [-7.995847799802294, 41.18552049943961], [-7.996071399883052, 41.18544049919787]]]}, "properties": {"ano": 2021, "ha": 24}}, {"type": "Feature", "geometry": {"type": "Polygon", "coordinates": [[[-8.06710501460809, 41.15323229192685], [-8.06654893699834, 41.15139687781363], [-8.06734340575601, 41.151243113100875], [-8.066642583014113, 41.15076027231163], [-8.06565739072888, 41.15096816047967], [-8.065224201645634, 41.150771357103785], [-8.06461895464473, 41.149329638463506], [-8.06529693750426, 41.14900841316402], [-8.06600597505511, 41.14913390490664], [-8.066014255912771, 41.148740811777465], [-8.066463735809334, 41.14840157882393], [-8.067803341187412, 41.148318960778745], [-8.068120163722309, 41.14789692620431], [-8.0688977424907, 41.149195113617054], [-8.070331871133243, 41.14916016832136], [-8.072481553689254, 41.15074562503716], [-8.072323379130005, 41.15137092505776], [-8.072787157517352, 41.1515284972885], [-8.073434864745053, 41.152770347342305], [-8.07275530980814, 41.15296736875503], [-8.072392325237011, 41.15350917774533], [-8.072808072708424, 41.15380805207693], [-8.072242428175487, 41.15425380703613], [-8.071502864582786, 41.15406333474187], [-8.071052889489614, 41.153305958728865], [-8.070532698116129, 41.153412885444745], [-8.070753690489171, 41.153760429932035], [-8.070382327929616, 41.154223327879414], [-8.06878242124667, 41.154317238411615], [-8.0680026528844, 41.1539356146428], [-8.067987673635427, 41.153447389729024], [-8.06710501460809, 41.15323229192685]]]}, "properties": {"ano": 2021, "ha": 30}}, {"type": "Feature", "geometry": {"type": "Polygon", "coordinates": [[[-8.095068745033279, 41.13507950480069], [-8.096559047115209, 41.13315454127483], [-8.096905052186374, 41.13391412976115], [-8.097773418266671, 41.134025743603516], [-8.097483404461025, 41.13444341188931], [-8.098489902688913, 41.13499137683738], [-8.09856802256102, 41.13549312586817], [-8.098242804232271, 41.13596987331909], [-8.096913434152093, 41.13545928892776], [-8.095653801828693, 41.13542014925222], [-8.095068745033279, 41.13507950480069]]]}, "properties": {"ano": 2021, "ha": 4}}, {"type": "Feature", "geometry": {"type": "Polygon", "coordinates": [[[-7.883978791113052, 41.23734257011675], [-7.887703254472194, 41.237369255438516], [-7.888367132825842, 41.237042662372154], [-7.888390724792802, 41.23654250281586], [-7.891305221109645, 41.23739042079245], [-7.891945733608937, 41.23808138173397], [-7.890885279005171, 41.2388995619857], [-7.888277540015819, 41.23987052165262], [-7.888034008004305, 41.24037753344268], [-7.888883221932776, 41.240855147417385], [-7.888765499470585, 41.241433798702076], [-7.887865408177588, 41.240511987874015], [-7.88686644386852, 41.24074775982452], [-7.8833069561721265, 41.23846506037036], [-7.881559535442939, 41.23834931178935], [-7.881594191738271, 41.23694596862766], [-7.883056810231266, 41.23691721511209], [-7.883978791113052, 41.23734257011675]]]}, "properties": {"ano": 2021, "ha": 22}}, {"type": "Feature", "geometry": {"type": "Polygon", "coordinates": [[[-7.972698346321335, 41.1460313500421], [-7.975330111730794, 41.1459932925246], [-7.975958686349502, 41.14673269997382], [-7.974969792952182, 41.148387124344666], [-7.972874609607641, 41.14806855912876], [-7.972471505682319, 41.14858021742313], [-7.972501585792885, 41.149169906040264], [-7.971972339494343, 41.1497052103768], [-7.97070397613767, 41.1495962201329], [-7.969220522859018, 41.150427964012124], [-7.967534538476749, 41.150312388459334], [-7.967008444425326, 41.149579038851286], [-7.96663795029938, 41.14963806451283], [-7.966813861460193, 41.14862579307491], [-7.965444200805028, 41.14808180866493], [-7.96513807120422, 41.14762274795185], [-7.9655497579878, 41.14685501919013], [-7.966394113263856, 41.14635593724173], [-7.9675362638091505, 41.14649457298753], [-7.967645046503825, 41.14710224449201], [-7.968623307609877, 41.14661525130258], [-7.968994883041725, 41.14611547421811], [-7.968877689709628, 41.14571625281117], [-7.9679478994153845, 41.145732790926644], [-7.966964608026679, 41.14509408134541], [-7.9684312429434225, 41.144649484224914], [-7.969415355406538, 41.144960600513535], [-7.969358883099757, 41.145490607665366], [-7.97174643289688, 41.14542846075205], [-7.972698346321335, 41.1460313500421]]]}, "properties": {"ano": 2021, "ha": 32}}, {"type": "Feature", "geometry": {"type": "Polygon", "coordinates": [[[-7.94981626091405, 41.17563295968872], [-7.95067124861944, 41.175961509214794], [-7.951037502964543, 41.176474955113314], [-7.950485421209005, 41.1766784258665], [-7.950597577394673, 41.1770298643276], [-7.949648127853991, 41.17773354612999], [-7.948662455630935, 41.178124399512896], [-7.948574690179977, 41.17851782466167], [-7.947416966370584, 41.17909293837135], [-7.9453469877230205, 41.178453174954846], [-7.9455466797955, 41.17785515675606], [-7.944924934795445, 41.17768318690587], [-7.944900016156393, 41.17650782888559], [-7.9444758965435955, 41.17646439681662], [-7.944181674237979, 41.17550763245682], [-7.946898481653628, 41.175977467455816], [-7.947492435911272, 41.175993770481426], [-7.94740330420083, 41.175490934440475], [-7.94981626091405, 41.17563295968872]]]}, "properties": {"ano": 2022, "ha": 14}}, {"type": "Feature", "geometry": {"type": "Polygon", "coordinates": [[[-7.895688425469435, 41.248919596160604], [-7.8957348688225455, 41.24891275240053], [-7.8957306, 41.2489278], [-7.895688425469435, 41.248919596160604]]]}, "properties": {"ano": 2022, "ha": 108}}, {"type": "Feature", "geometry": {"type": "Polygon", "coordinates": [[[-7.966374041400003, 41.13782854664574], [-7.968154450054309, 41.1379753541698], [-7.969581460096672, 41.13957609881686], [-7.968831902999277, 41.14047656123099], [-7.969085949942075, 41.140621167580846], [-7.968845944616734, 41.141221843851376], [-7.967225963515538, 41.1404742590252], [-7.96601793183904, 41.14031624882498], [-7.964125019897958, 41.140613997281804], [-7.963601884817633, 41.14000018953876], [-7.963060499167303, 41.14029990126047], [-7.963016307673265, 41.138941533146365], [-7.9622542921157144, 41.13848363145382], [-7.963335515967776, 41.13847320906255], [-7.964179752800976, 41.137873431628606], [-7.964958195966954, 41.13812699844817], [-7.965932026719276, 41.13906943188971], [-7.966381150690778, 41.13892449673202], [-7.966374041400003, 41.13782854664574]]]}, "properties": {"ano": 2022, "ha": 14}}, {"type": "Feature", "geometry": {"type": "MultiPolygon", "coordinates": [[[[-7.9283432610582265, 41.14878028703042], [-7.927431425887438, 41.14826687436967], [-7.928901185449537, 41.14801201121714], [-7.929882673916294, 41.14730568170418], [-7.9300144306883436, 41.14600243108476], [-7.931547205485268, 41.14600512322185], [-7.932003459360098, 41.142996644177124], [-7.93396288986815, 41.14267820014454], [-7.934517820746694, 41.142196386952115], [-7.93641162411025, 41.142457114405474], [-7.937967083479716, 41.14196089501907], [-7.938540793400013, 41.142315898866606], [-7.939669496103757, 41.142156875663225], [-7.9394333005682975, 41.14284845115203], [-7.93830215557692, 41.14382817968109], [-7.937322531028795, 41.14395525845269], [-7.9364685643198385, 41.144774515553564], [-7.935723382415605, 41.14480542645326], [-7.935359259431802, 41.14554505106443], [-7.93459360455966, 41.14530234870597], [-7.934293623372827, 41.14594552711695], [-7.932952886654592, 41.14579837318862], [-7.932653769300396, 41.14615188625424], [-7.93150354449859, 41.14635907998012], [-7.931714166369039, 41.147099697275415], [-7.931179870532779, 41.14777464188245], [-7.9297940890555685, 41.14841589981846], [-7.9302178420116265, 41.14907643408385], [-7.930150300059845, 41.15026715064451], [-7.929403509080423, 41.15079688089114], [-7.928615276065859, 41.15095640808476], [-7.927490417094458, 41.14982794005204], [-7.927642158634533, 41.14895922197991], [-7.9283432610582265, 41.14878028703042]]], [[[-7.9306459542076615, 41.14140111960535], [-7.929647102880814, 41.140868310479156], [-7.929605623893758, 41.140514204618775], [-7.93018388765452, 41.13937266427283], [-7.930843964707225, 41.13930945528986], [-7.93188507972541, 41.13993888228386], [-7.93201201265247, 41.14019658229839], [-7.931352026427816, 41.140227612762004], [-7.931733464653675, 41.14079151489486], [-7.931562479456728, 41.14101650884676], [-7.9306459542076615, 41.14140111960535]]]]}, "properties": {"ano": 2022, "ha": 30}}, {"type": "Feature", "geometry": {"type": "Polygon", "coordinates": [[[-8.061396435593656, 41.152755070988], [-8.060471348703436, 41.15311981228467], [-8.060622701194056, 41.15211767337352], [-8.059410642742181, 41.15186830642179], [-8.059443470818717, 41.14988928133697], [-8.058833542988573, 41.149686269072504], [-8.059333242744266, 41.1494782076515], [-8.06126455939322, 41.151007694628206], [-8.061396435593656, 41.152755070988]]]}, "properties": {"ano": 2022, "ha": 4}}, {"type": "Feature", "geometry": {"type": "MultiPolygon", "coordinates": [[[[-8.051491845682472, 41.122567917633155], [-8.051418198661148, 41.123454386042276], [-8.049435799853896, 41.12376017414297], [-8.049320571083229, 41.12309300448825], [-8.049146010094875, 41.12344397587526], [-8.048554220503323, 41.12328554844101], [-8.04827523093806, 41.12360133169051], [-8.047774423568683, 41.12328984219106], [-8.048252965033075, 41.12286401002892], [-8.048056362030763, 41.122302109415465], [-8.04632599403552, 41.122950349023725], [-8.046384817075394, 41.12235352756722], [-8.045677378369907, 41.12188778822901], [-8.044600096808797, 41.120245584171236], [-8.04395015889907, 41.12020119626388], [-8.043693611317371, 41.12107874085641], [-8.042869448385135, 41.121113208400104], [-8.04270621162267, 41.121648504478586], [-8.042265193086845, 41.12160426991824], [-8.04210397622846, 41.12067373415773], [-8.04276545262324, 41.12077080672387], [-8.04263831574933, 41.12037572246339], [-8.043241933226414, 41.12034108474669], [-8.043335221703353, 41.12002516895791], [-8.042511709453379, 41.1195958928609], [-8.041723776694548, 41.11991272233029], [-8.04117696972178, 41.1195494855475], [-8.041327530216131, 41.1187509507174], [-8.041027759226814, 41.11834685660589], [-8.041458112768998, 41.11769766831241], [-8.039868846268572, 41.11709952681046], [-8.039370513586418, 41.116572475508036], [-8.039533440701751, 41.116265397671704], [-8.040321934115067, 41.11679268234549], [-8.040578644187548, 41.115818591799396], [-8.038443119546384, 41.11579052429436], [-8.03740967310751, 41.11612321344115], [-8.036377762474704, 41.11540260057376], [-8.037434007603224, 41.115350818193996], [-8.03722670477089, 41.11424468728594], [-8.036182690170753, 41.1138839380535], [-8.035346382266354, 41.1143396591832], [-8.03613408282821, 41.11536728646285], [-8.036063709032232, 41.11586754161964], [-8.035580923498953, 41.11626930069599], [-8.035980084442611, 41.11748252121656], [-8.035411072983882, 41.117675144135205], [-8.035526567486473, 41.1180614500476], [-8.033054991147049, 41.11762923533653], [-8.03288206590307, 41.11685666979181], [-8.03238299936652, 41.11684745701818], [-8.031838439704632, 41.116232557311854], [-8.03077076047582, 41.116161395371954], [-8.03067750034346, 41.11642463597542], [-8.029483611799641, 41.115422938700966], [-8.030237743321852, 41.11559916352702], [-8.030365864150632, 41.11530962171217], [-8.029171074132927, 41.11489601011269], [-8.029461917721687, 41.11445739953779], [-8.029323335743292, 41.114018402163836], [-8.027851112457094, 41.11292866286726], [-8.02748150016641, 41.111822365608234], [-8.027749368620789, 41.11123452065904], [-8.026717087636971, 41.110856141126426], [-8.026845370333973, 41.11047005191095], [-8.027170052538985, 41.11063712251979], [-8.027148168001043, 41.10981202183922], [-8.02667249399253, 41.10972380790185], [-8.026625478122918, 41.110092417914395], [-8.025754164351024, 41.11065336702836], [-8.025046162442658, 41.11069659199379], [-8.02511651476864, 41.110257785056845], [-8.02476835346043, 41.11025745819702], [-8.024467425418964, 41.10976563750638], [-8.022159104980693, 41.10909635121937], [-8.020837704385146, 41.10816465980338], [-8.020606533914135, 41.10762023150102], [-8.020026440951394, 41.10753188899331], [-8.018427155039065, 41.106275131631726], [-8.018219587555262, 41.10552006233672], [-8.019136054645497, 41.10568774429201], [-8.018812497773155, 41.10489745276792], [-8.019290625791434, 41.10353741819071], [-8.020695401877859, 41.10314381077917], [-8.021692864225084, 41.103434437275126], [-8.021331766705352, 41.1042416138666], [-8.021668023520277, 41.10439993381912], [-8.022338137801372, 41.10614729562511], [-8.022767846051435, 41.105945825988705], [-8.023117433346247, 41.105077191252704], [-8.023673396309029, 41.10570969836418], [-8.02340545565061, 41.10633264364646], [-8.024415783163562, 41.105894727957704], [-8.023846228256032, 41.10645594733941], [-8.02430989339788, 41.10677237444634], [-8.025123733893176, 41.105851505866106], [-8.026841152230107, 41.10588821379376], [-8.028103393437364, 41.10755708830088], [-8.028637745319115, 41.107224030645725], [-8.029275360301869, 41.10763714750931], [-8.029506354132, 41.10833955240745], [-8.030573344236535, 41.108770603307974], [-8.030409328383483, 41.10976230958381], [-8.031198580304864, 41.10970156844701], [-8.031651981799548, 41.10918409855503], [-8.033938381146262, 41.10906320441519], [-8.03483119055257, 41.10959061703407], [-8.03505210875069, 41.10930992636383], [-8.035283417529364, 41.1098455481266], [-8.03573626927258, 41.10967916009528], [-8.036246254101156, 41.11011846293573], [-8.036467128249368, 41.109864102188205], [-8.036131054532076, 41.10953905316779], [-8.0374311307353, 41.10933825916063], [-8.037581743995034, 41.10951393333581], [-8.037024578953496, 41.10959246708498], [-8.037581196948876, 41.109891363917555], [-8.037988128468006, 41.10937382965616], [-8.03680522125273, 41.108811090058204], [-8.037142189206408, 41.10852171472938], [-8.040264389084584, 41.10820828471497], [-8.040613106340532, 41.10780480228385], [-8.041913245254673, 41.107524959700434], [-8.042063731779788, 41.10779718015461], [-8.043096568678315, 41.10779799167812], [-8.043211887528868, 41.10833350610504], [-8.042921281399568, 41.10868437836243], [-8.043257207185723, 41.10914106807831], [-8.04443002276373, 41.108624106613604], [-8.04641401424892, 41.10898549255488], [-8.046507386681157, 41.10858179991296], [-8.045846781202501, 41.10791421381763], [-8.047650740841775, 41.10727436155459], [-8.048018411433612, 41.10674843514955], [-8.050375459314367, 41.10572318948607], [-8.051106075451829, 41.10610114219714], [-8.054702963187983, 41.10656007440054], [-8.057558483856457, 41.10589489517498], [-8.057979625777483, 41.107745855121145], [-8.058681768984473, 41.107984662634], [-8.05842516696384, 41.10912556665848], [-8.057705607344452, 41.109160207295346], [-8.05761248482915, 41.10940591503971], [-8.05801853616125, 41.10952028765097], [-8.058202803808685, 41.110766806143694], [-8.058829476950304, 41.110784767861105], [-8.059073427975122, 41.11057426550556], [-8.058783471646763, 41.11041608473659], [-8.05930592058052, 41.11023209384509], [-8.05911030423285, 41.10873980006291], [-8.059806228389194, 41.10908256583252], [-8.060143234077364, 41.10867023932215], [-8.06114116532063, 41.10876741915067], [-8.061998728856167, 41.10989146644232], [-8.061870795475706, 41.11014593365984], [-8.061224178994758, 41.11006772718547], [-8.061127623735532, 41.11054045698294], [-8.060152944683887, 41.11038184984288], [-8.060154159177861, 41.109284668542784], [-8.060595261905041, 41.1091883939408], [-8.060235647387172, 41.10905650558135], [-8.059433009189691, 41.110741267632896], [-8.058562636569764, 41.110943011903274], [-8.058682328226762, 41.11262793802311], [-8.059410627161487, 41.112595491291856], [-8.05946337719695, 41.112125930796076], [-8.059939414742171, 41.111941907413595], [-8.059869010730363, 41.11263528254631], [-8.060275192588355, 41.11265309422395], [-8.05988272809169, 41.11334626433601], [-8.059346298691064, 41.113038711677], [-8.0589131959087, 41.11373624028443], [-8.057865642677868, 41.11383650267508], [-8.057569941116519, 41.11361687237725], [-8.058035209817895, 41.11271309835057], [-8.05687184590496, 41.112611394455605], [-8.056662362053737, 41.113111570340116], [-8.055489376222209, 41.113786649801625], [-8.055140380738969, 41.114475444115996], [-8.055060772813263, 41.11499744239335], [-8.055931651846214, 41.11519792253702], [-8.055768741948125, 41.1155576888984], [-8.05330206012732, 41.11584346752851], [-8.052837016644222, 41.11554966231417], [-8.052479016587274, 41.11562985361485], [-8.052596822646565, 41.11596805591387], [-8.051749629036468, 41.11591040765686], [-8.051215023272484, 41.116484951478085], [-8.05173695490779, 41.11677497739289], [-8.052312089791641, 41.11627506779901], [-8.052619251711175, 41.11660882571113], [-8.05346657707528, 41.11656552685426], [-8.05428385063871, 41.11738678071096], [-8.051457577378036, 41.11743747671474], [-8.051393360561049, 41.11774464141761], [-8.051962130260288, 41.117709934169724], [-8.05184571725921, 41.11799073062364], [-8.050702363387366, 41.11806452666766], [-8.05010038735275, 41.118542648577396], [-8.050579415317857, 41.11892462825305], [-8.051915048768976, 41.118240936616786], [-8.052565027622215, 41.11824139284707], [-8.053353595963728, 41.11881247501609], [-8.053224611464797, 41.119892011709915], [-8.051609354162096, 41.12140937838276], [-8.051968143093942, 41.12225226566354], [-8.051491845682472, 41.122567917633155]], [[-8.050781119893303, 41.11541379309363], [-8.05179701765614, 41.11512924804214], [-8.051878857015504, 41.11464654545027], [-8.05103149517557, 41.11473810820724], [-8.05133863255954, 41.115080647144275], [-8.050781119893303, 41.11541379309363]]], [[[-8.037969847556731, 41.10595938253133], [-8.039468011057428, 41.10513552769903], [-8.04024557006025, 41.10509227013263], [-8.04040890779271, 41.10446920049603], [-8.041209986537886, 41.104197741526214], [-8.04250932676917, 41.10444453948074], [-8.043263967063648, 41.1041818063596], [-8.045026596072965, 41.10509602342512], [-8.045479625190362, 41.10475404863485], [-8.046767215462959, 41.10513245117338], [-8.046383413957868, 41.105781694899996], [-8.045663978986465, 41.10574604180734], [-8.045384581534837, 41.1064129164343], [-8.044583234839266, 41.106877509412456], [-8.042761951369489, 41.10639333556496], [-8.042623394019484, 41.10588413402753], [-8.042948477913272, 41.10577028154542], [-8.041371089818222, 41.10517216888718], [-8.039698780238863, 41.10606612605507], [-8.037969847556731, 41.10595938253133]]], [[[-8.061224278497106, 41.11502579726742], [-8.061039443925887, 41.114235711040074], [-8.061643281191317, 41.113937653388604], [-8.06187466105456, 41.11462243786325], [-8.061224278497106, 41.11502579726742]]], [[[-8.06658901289657, 41.11237822814945], [-8.064614416082168, 41.1139394589305], [-8.064219152201565, 41.11457119920104], [-8.063267023087942, 41.11497438842398], [-8.063777473847367, 41.11518535593955], [-8.063475397313882, 41.115483607487015], [-8.063707225693154, 41.115764625992796], [-8.0635210430502, 41.11622094041308], [-8.062755058645964, 41.116185365955396], [-8.0619434453422, 41.11541245107568], [-8.061990267528493, 41.115043826825165], [-8.062733569302024, 41.114570301349175], [-8.061365770005544, 41.11298951599736], [-8.061760881858751, 41.11251577928316], [-8.062271515130883, 41.11253364855847], [-8.06287430223114, 41.11320110475735], [-8.063293192846587, 41.11218317393006], [-8.064546442611375, 41.11234192147137], [-8.064895340929375, 41.11163993200806], [-8.066032386287556, 41.11193903259642], [-8.06658901289657, 41.11237822814945]]]]}, "properties": {"ano": 2022, "ha": 347}}, {"type": "Feature", "geometry": {"type": "Polygon", "coordinates": [[[-8.046173750894868, 41.162307538745594], [-8.046366199657085, 41.16150032045093], [-8.046946562653773, 41.16125219548372], [-8.046776912578684, 41.1619168033879], [-8.047756589430023, 41.161569986883514], [-8.047092073063503, 41.16243172503479], [-8.047603368802069, 41.16236584608091], [-8.047667406510733, 41.16286965801838], [-8.046679682730543, 41.16274572411624], [-8.046173750894868, 41.162307538745594]]]}, "properties": {"ano": 2022, "ha": 1}}, {"type": "Feature", "geometry": {"type": "Polygon", "coordinates": [[[-8.005649187293747, 41.11801827295796], [-8.006112063795296, 41.117946211866], [-8.006475932682772, 41.11852084040415], [-8.00848672448531, 41.11891629500593], [-8.008396805603038, 41.119522273461456], [-8.006969355753624, 41.120043343740555], [-8.00650151024394, 41.12110649219368], [-8.005538953392087, 41.12036615837519], [-8.005299085563887, 41.120476472499256], [-8.005219378214646, 41.11940708732588], [-8.005649187293747, 41.11801827295796]]]}, "properties": {"ano": 2022, "ha": 5}}, {"type": "Feature", "geometry": {"type": "Polygon", "coordinates": [[[-8.08382888486163, 41.11431398804921], [-8.08306142645493, 41.11407678420258], [-8.083393570321658, 41.113299514687405], [-8.082315763152003, 41.11325548550668], [-8.082661807322054, 41.112633375447054], [-8.082332833360113, 41.11245899825743], [-8.082020190805235, 41.11244641408647], [-8.081789001391911, 41.11349171183485], [-8.080851248403228, 41.113217495375544], [-8.08108223438593, 41.11244599436033], [-8.080555772414181, 41.11230885793424], [-8.08017660965902, 41.113167406261155], [-8.07920584437088, 41.11303005870382], [-8.07923817621785, 41.11373945219474], [-8.078678682674356, 41.113739189234494], [-8.07864685171898, 41.11243242383539], [-8.078268460836236, 41.11233268294547], [-8.07713256688093, 41.112892172592], [-8.077164834082241, 41.11365134778819], [-8.07649027926324, 41.11350167484901], [-8.076325272614572, 41.11402429426208], [-8.075354024041937, 41.11443450383036], [-8.07469621995677, 41.113948808606395], [-8.07362674312965, 41.11378647295131], [-8.074223307758624, 41.11300351406226], [-8.072804618888513, 41.11306422126286], [-8.071554684641185, 41.11232929169257], [-8.071522146621083, 41.111931025976894], [-8.070601303105027, 41.11124604162566], [-8.07312620707244, 41.1077689370287], [-8.074488394438863, 41.107091371272865], [-8.07475161451849, 41.107141286090425], [-8.07425736004475, 41.10785041378121], [-8.074503940878401, 41.108111890488914], [-8.075524128659755, 41.10808751384263], [-8.0764462524545, 41.107291474642544], [-8.077433423376418, 41.10737907320883], [-8.077613087460014, 41.108959706544894], [-8.076987286455552, 41.10958166590583], [-8.077003413636154, 41.10996747718788], [-8.07804390852877, 41.11028844348863], [-8.078040280119243, 41.10970662649252], [-8.07856679964515, 41.10974421304971], [-8.078751442138335, 41.11031678154257], [-8.07866574341875, 41.10948290979662], [-8.079390528085272, 41.10852496517982], [-8.08046596604084, 41.108253650974156], [-8.080859668728692, 41.10778514863006], [-8.08081558017189, 41.10632281120954], [-8.081605976111895, 41.10553911567281], [-8.082214703817252, 41.10561405753337], [-8.082733344984806, 41.105153811261964], [-8.084353927904877, 41.105278960994866], [-8.08437688634381, 41.10474536576939], [-8.085291997855244, 41.10498066772616], [-8.085242257325001, 41.105503348477136], [-8.085689168445358, 41.10606715544264], [-8.086023902582708, 41.105366771991264], [-8.086896353766413, 41.104782198404095], [-8.087209576154503, 41.10391115536033], [-8.0887724659991, 41.104160672584285], [-8.089396635430555, 41.10575390463452], [-8.092785928854909, 41.10602893593053], [-8.09326239611734, 41.1071740648768], [-8.093690089533677, 41.107360890811115], [-8.093261914614624, 41.10797056113376], [-8.09363935553152, 41.10965079995174], [-8.094577425121251, 41.10938976742246], [-8.095679777049085, 41.10957680954779], [-8.097382037059505, 41.111045889581405], [-8.096855073078844, 41.11177999464064], [-8.097298801734523, 41.11281308809162], [-8.097084330438232, 41.11382108560794], [-8.096639736289331, 41.1143436463481], [-8.095998119476107, 41.114057200600804], [-8.095932732642183, 41.113285574961715], [-8.094517770801756, 41.11291175245613], [-8.093776419891027, 41.114342704436915], [-8.092287625273569, 41.11443870263131], [-8.091933094190304, 41.114777643760576], [-8.091456044529284, 41.114503676496795], [-8.090278963605114, 41.115249959214914], [-8.089982755142241, 41.11524984872092], [-8.089226679722271, 41.113893032949726], [-8.088946856599804, 41.11400493247142], [-8.089374458191056, 41.11437845275975], [-8.089012163526014, 41.1147765628393], [-8.089110691233197, 41.11508773145141], [-8.087465356018638, 41.1147012891869], [-8.087859956698896, 41.115199254344816], [-8.086954978433795, 41.11504955198314], [-8.086790243331858, 41.11529839061734], [-8.08601718055483, 41.11477537762136], [-8.086379370936703, 41.11455151044171], [-8.086379662165028, 41.11414081821415], [-8.085919336321709, 41.113530813650286], [-8.085440817333241, 41.115335176284965], [-8.084058961031104, 41.114724779460545], [-8.083515783648181, 41.11489878044452], [-8.08382888486163, 41.11431398804921]], [[-8.088393898999607, 41.11043293463414], [-8.08843164776163, 41.11235616614566], [-8.086927610876007, 41.11300852153102], [-8.089001029295943, 41.11297199876974], [-8.088393898999607, 41.11043293463414]]]}, "properties": {"ano": 2022, "ha": 163}}, {"type": "Feature", "geometry": {"type": "Polygon", "coordinates": [[[-8.098356374332493, 41.13763352216464], [-8.100530553100057, 41.13787446477223], [-8.100693212454468, 41.137252278222384], [-8.102162967469202, 41.13748192774277], [-8.102523819136266, 41.137688356791834], [-8.102524587682334, 41.13829280475624], [-8.101957380758494, 41.13875034826823], [-8.099807147289198, 41.13935749722808], [-8.097075058000856, 41.139510092312655], [-8.095761746045966, 41.138992156859025], [-8.095364431065763, 41.138180786007126], [-8.095475766262034, 41.137607358873545], [-8.096290187030347, 41.13692925512257], [-8.097501928360172, 41.137041532158385], [-8.098356374332493, 41.13763352216464]]]}, "properties": {"ano": 2022, "ha": 12}}, {"type": "Feature", "geometry": {"type": "Polygon", "coordinates": [[[-8.001682410152574, 41.1326698667789], [-7.9996571410045405, 41.133580365573515], [-7.99921182074749, 41.133362885473], [-7.999067275594512, 41.13255889154885], [-7.99994542229105, 41.13158565361919], [-8.001474189507375, 41.13117442884144], [-8.00178581688143, 41.131333971952586], [-8.001482798795255, 41.13192756889853], [-8.001682410152574, 41.1326698667789]]]}, "properties": {"ano": 2022, "ha": 4}}, {"type": "Feature", "geometry": {"type": "Polygon", "coordinates": [[[-7.941147482508529, 41.19667171791973], [-7.942595561192076, 41.19768399474061], [-7.9422318253642645, 41.19802001713188], [-7.941917038851954, 41.19934250566731], [-7.940950782298854, 41.20013940114752], [-7.939821471010622, 41.199980942509235], [-7.938759287053188, 41.198155121676734], [-7.938272013209389, 41.19820126938529], [-7.938449834281116, 41.197653577158306], [-7.937549149387102, 41.197307599168106], [-7.937747027407582, 41.196986967020706], [-7.939063765914621, 41.19683262416253], [-7.939434875693568, 41.197514325677616], [-7.940046079446486, 41.19761712140465], [-7.941147482508529, 41.19667171791973]]]}, "properties": {"ano": 2022, "ha": 9}}, {"type": "Feature", "geometry": {"type": "Polygon", "coordinates": [[[-8.074524753289499, 41.11791567313455], [-8.072845247046262, 41.11911529177728], [-8.071666613841527, 41.11888532953758], [-8.07113501670152, 41.11842284553758], [-8.072289754956891, 41.11705127447708], [-8.07223529711841, 41.116614430746274], [-8.072625229486619, 41.11646728364845], [-8.074111093078235, 41.11696329807656], [-8.074524753289499, 41.11791567313455]]]}, "properties": {"ano": 2022, "ha": 5}}, {"type": "Feature", "geometry": {"type": "Polygon", "coordinates": [[[-7.959368750089312, 41.15776598523371], [-7.961755245582694, 41.158566434380745], [-7.961764969170053, 41.15922324372075], [-7.960983440304465, 41.15919648719468], [-7.959180324706547, 41.15817365703572], [-7.959544435340546, 41.157919461457965], [-7.959368750089312, 41.15776598523371]]]}, "properties": {"ano": 2022, "ha": 2}}, {"type": "Feature", "geometry": {"type": "Polygon", "coordinates": [[[-7.94981626091405, 41.17563295968872], [-7.94740330420083, 41.175490934440475], [-7.946737080726788, 41.17448072048263], [-7.9454022694571265, 41.17394966045111], [-7.943575760207817, 41.174758707394346], [-7.942089926861223, 41.17267540542811], [-7.942005818923103, 41.172122382976774], [-7.940940109247336, 41.171165611983355], [-7.941437185185317, 41.16860344293902], [-7.942129036557406, 41.16894650315957], [-7.942242682707972, 41.168765050994324], [-7.941818801255299, 41.168657501129736], [-7.942230821101971, 41.16797970483249], [-7.9427047601736644, 41.16788966851168], [-7.942739722974621, 41.168210678809835], [-7.94325761027484, 41.1683666715866], [-7.943384039521748, 41.16801784998826], [-7.94312193881058, 41.16786898820648], [-7.943984695698877, 41.16778493047243], [-7.946525475991968, 41.169316988912776], [-7.947285942142705, 41.17016052242347], [-7.949252286773125, 41.17010135870911], [-7.949418684462256, 41.17127694284989], [-7.94883809545731, 41.171575188066946], [-7.948779437290391, 41.17232302425947], [-7.948835161416751, 41.172622285955946], [-7.949287480234801, 41.172687117043026], [-7.949074653169118, 41.17294321051874], [-7.94970868828789, 41.173766943685294], [-7.949013784097413, 41.17448171117174], [-7.94981626091405, 41.17563295968872]]]}, "properties": {"ano": 2022, "ha": 40}}, {"type": "Feature", "geometry": {"type": "Polygon", "coordinates": [[[-8.016415819656753, 41.12813962990694], [-8.016925534833057, 41.12689111940686], [-8.016565780953325, 41.12581722206412], [-8.01708053270846, 41.12569021810813], [-8.018625184775424, 41.12633613164581], [-8.018531290762436, 41.12694466426187], [-8.020414943665038, 41.12788172721683], [-8.020509487269623, 41.12877162595217], [-8.019800278610242, 41.12918859484453], [-8.017783711880455, 41.128705372717086], [-8.017178372069552, 41.128879865332536], [-8.016415819656753, 41.12813962990694]]]}, "properties": {"ano": 2022, "ha": 8}}, {"type": "Feature", "geometry": {"type": "MultiPolygon", "coordinates": [[[[-7.925776291088462, 41.221313405853046], [-7.926642950567617, 41.22054450080422], [-7.926487309209015, 41.22037126018966], [-7.925529299972934, 41.22039312310257], [-7.924385418311677, 41.21992720526483], [-7.923674876527745, 41.22071210160811], [-7.922154893770449, 41.22128435770485], [-7.921279215675722, 41.22095929935073], [-7.920970730414631, 41.21975586654994], [-7.919177652175502, 41.22074188864011], [-7.9180423686799735, 41.22052089700833], [-7.917226218198604, 41.22116955279786], [-7.915421389848604, 41.2205001922428], [-7.913963981510996, 41.220973857104916], [-7.91260566189399, 41.22040986438277], [-7.911076790774376, 41.219028035262724], [-7.9098362576312935, 41.21846105914982], [-7.909255837294854, 41.21701348396648], [-7.910278247752499, 41.21641010324838], [-7.911725432186421, 41.216317331931556], [-7.912235983530282, 41.215873757085994], [-7.910807692646298, 41.21365299464375], [-7.911285545210155, 41.21237003179107], [-7.910542154266399, 41.21043466304015], [-7.910662853224019, 41.2099281902266], [-7.91246798028747, 41.208328033213874], [-7.9138332241620715, 41.20811615565313], [-7.9144984116332475, 41.207446215351624], [-7.9156087889607765, 41.20706466337922], [-7.915828235457365, 41.206813497403836], [-7.915196788312194, 41.205735225720076], [-7.9152922247834665, 41.20520866072877], [-7.916080417772759, 41.20515083561883], [-7.917296715913488, 41.20345137213928], [-7.918662894979112, 41.20268345875643], [-7.919671418039433, 41.20305484121235], [-7.920672679681786, 41.20243566526864], [-7.921386633753064, 41.202431037174634], [-7.922659498263708, 41.20289524085638], [-7.923571251392209, 41.204241285332046], [-7.923454058666644, 41.2050822940093], [-7.923848558788228, 41.20542107277565], [-7.924498944466126, 41.203857737284174], [-7.924230017422921, 41.20331477986461], [-7.924387859570594, 41.20278045767662], [-7.924762927295147, 41.20267893249877], [-7.924671586684497, 41.20193974923061], [-7.925244179210707, 41.20191719823706], [-7.925981512299991, 41.20246885937051], [-7.926732206209956, 41.20208497472281], [-7.927428480582676, 41.202455728437364], [-7.9274203852838685, 41.20171669684541], [-7.927827677895707, 41.20129288104214], [-7.929055292224085, 41.2015151956092], [-7.928953984555231, 41.20061876097841], [-7.929486730542931, 41.20001433869627], [-7.930612489414539, 41.199505299901176], [-7.930374100377398, 41.19917468143961], [-7.932271057043158, 41.19835250645557], [-7.931971607555274, 41.19756579435388], [-7.9323787009218725, 41.197189133599124], [-7.934272791643141, 41.19728676202461], [-7.934497017093658, 41.19671569878211], [-7.935312354420603, 41.19645174824283], [-7.936698062151848, 41.197275199409006], [-7.937257716473307, 41.198085927989794], [-7.937632667476146, 41.19800794560248], [-7.937491571462774, 41.19726618866699], [-7.938449834281116, 41.197653577158306], [-7.938272013209389, 41.19820126938529], [-7.938759287053188, 41.198155121676734], [-7.939821471010622, 41.199980942509235], [-7.940950782298854, 41.20013940114752], [-7.941917038851954, 41.19934250566731], [-7.9422318253642645, 41.19802001713188], [-7.942595561192076, 41.19768399474061], [-7.942203234251979, 41.19715883806432], [-7.941147482508529, 41.19667171791973], [-7.940046079446486, 41.19761712140465], [-7.939434875693568, 41.197514325677616], [-7.939333009132942, 41.196911361947905], [-7.938968087801646, 41.19682498482968], [-7.939287911003821, 41.19671789577061], [-7.938896802532453, 41.19642984329767], [-7.939306191246034, 41.195259110278], [-7.940036093895704, 41.194812208155724], [-7.940566478171627, 41.19496247149911], [-7.940939085225289, 41.195678526886226], [-7.940729650659856, 41.19611058188157], [-7.940208741710036, 41.19627481021218], [-7.940478878700868, 41.19644036198423], [-7.942187479998834, 41.195892874654824], [-7.9438200923691396, 41.19642231694278], [-7.9443835308609785, 41.19594366513921], [-7.945955024156309, 41.196600593440714], [-7.945876425499348, 41.19713370848432], [-7.9440236, 41.1974057], [-7.9435716, 41.1987795], [-7.9423881, 41.2002567], [-7.9418981, 41.2027258], [-7.9403763, 41.2059624], [-7.9376393, 41.2083316], [-7.9375879, 41.209711], [-7.9343355, 41.2109988], [-7.9315054, 41.2165671], [-7.9306105, 41.2170235], [-7.92976926280607, 41.218188995263986], [-7.928211919845997, 41.21826736167969], [-7.928389163102065, 41.21902304536636], [-7.9276385, 41.2194767], [-7.9262216, 41.2213377], [-7.925776291088462, 41.221313405853046]], [[-7.925384764366288, 41.20354486297164], [-7.925626694957156, 41.202751248662864], [-7.925231182804601, 41.20273481120583], [-7.924750223948205, 41.20340220318583], [-7.925384764366288, 41.20354486297164]]], [[[-7.946666464006525, 41.19699379276981], [-7.94720175862686, 41.196820919736815], [-7.947305297195581, 41.196841499701264], [-7.946666464006525, 41.19699379276981]]], [[[-7.928967520392097, 41.199612462797546], [-7.928739573604035, 41.19927399690362], [-7.929458792846038, 41.198952933532674], [-7.929499332210462, 41.19930679018746], [-7.928967520392097, 41.199612462797546]]]]}, "properties": {"ano": 2022, "ha": 1302}}, {"type": "Feature", "geometry": {"type": "MultiPolygon", "coordinates": [[[[-7.912437862746943, 41.12371082632174], [-7.912524787356341, 41.12408374747569], [-7.911888931336754, 41.124186084895335], [-7.9120459, 41.123838], [-7.912437862746943, 41.12371082632174]]], [[[-7.911790313755473, 41.1228733343454], [-7.912067836566047, 41.123003433741914], [-7.912116684218054, 41.12314474496528], [-7.9118079, 41.123091], [-7.911790313755473, 41.1228733343454]]]]}, "properties": {"ano": 2022, "ha": 1}}, {"type": "Feature", "geometry": {"type": "Polygon", "coordinates": [[[-7.914744348849881, 41.23381029956688], [-7.910413787396698, 41.23323796367683], [-7.909088871803676, 41.233781093333114], [-7.907549999511473, 41.23318521900686], [-7.90622732321232, 41.23319834375909], [-7.905309004176757, 41.23373113616453], [-7.903897478876226, 41.235408950222165], [-7.902118422060204, 41.23479399076419], [-7.900421064312671, 41.23472767859724], [-7.899789045102511, 41.233806564277046], [-7.899403542884696, 41.233852953128135], [-7.896793218970452, 41.23571088298602], [-7.8954529271385185, 41.23769716973914], [-7.893192401853819, 41.23942126672362], [-7.8884858785386225, 41.240308432253975], [-7.8883097252501955, 41.24006434170285], [-7.888685530206469, 41.23983714616497], [-7.891449635366849, 41.23875018590796], [-7.891984366063756, 41.23778430070877], [-7.887912872551442, 41.23415216827569], [-7.888146464458204, 41.2335779767705], [-7.887975497992883, 41.23195021182777], [-7.887420252122858, 41.23282955510158], [-7.88687043610161, 41.23295658422903], [-7.886235094980475, 41.23227669073932], [-7.884559808586813, 41.23190357992348], [-7.885367930350031, 41.23025433408276], [-7.886148762789419, 41.23031104450448], [-7.886430853957404, 41.230067931640775], [-7.886152105745261, 41.22942266215161], [-7.886704152972208, 41.22939239736289], [-7.887153769437728, 41.228905924380655], [-7.886800767791749, 41.22862214326706], [-7.885175204670908, 41.22889381971455], [-7.884676635822326, 41.225503631334725], [-7.885565574370733, 41.22479077220953], [-7.8861813978249815, 41.225387889928655], [-7.887301779273656, 41.225533506176006], [-7.88835037691952, 41.22629711204311], [-7.8892410174280805, 41.22651341583008], [-7.891477815565363, 41.22536267696911], [-7.894318770852626, 41.22508867296552], [-7.894889852264608, 41.22424520813196], [-7.896661123312473, 41.223233856347036], [-7.897274750798279, 41.22133655834607], [-7.897971871033531, 41.22068143598944], [-7.898496591703686, 41.21953467384113], [-7.899471272770038, 41.21945604372487], [-7.8998359079504255, 41.22062233216712], [-7.900189566013832, 41.220725252009125], [-7.901565302367821, 41.220358518655054], [-7.9019117047459675, 41.21956516670603], [-7.903931998301907, 41.21947486269636], [-7.904464897377574, 41.21891275725011], [-7.906027239714941, 41.218787169355316], [-7.906806545150421, 41.21925255368382], [-7.90690896069713, 41.21974805165457], [-7.907897124220244, 41.220040878061894], [-7.908155491068997, 41.22060743718848], [-7.908615140345496, 41.22016806985553], [-7.908075641564543, 41.21960096268751], [-7.9082753313621925, 41.219058883425454], [-7.907811236803332, 41.217760768807594], [-7.909255837294854, 41.21701348396648], [-7.909519453818203, 41.21818958120252], [-7.911076790774376, 41.219028035262724], [-7.91260566189399, 41.22040986438277], [-7.913963981510996, 41.220973857104916], [-7.915153019513763, 41.220494420711084], [-7.9170800381467155, 41.220990500471935], [-7.9170206213576195, 41.221981810642035], [-7.9180998733197585, 41.22261566462675], [-7.917901851613161, 41.22315487787791], [-7.917348077458772, 41.22307301293337], [-7.917973950874742, 41.22405047531231], [-7.917637738009891, 41.224310077475266], [-7.916971749136041, 41.22417517802443], [-7.916375590649535, 41.22496810493689], [-7.917518961741054, 41.22559919975396], [-7.917853368737631, 41.22523818038589], [-7.918569136893274, 41.22589217560395], [-7.918628854428773, 41.22676610377091], [-7.919211141175249, 41.22727203833439], [-7.919130996201121, 41.22874378052319], [-7.917941788772462, 41.22949528665079], [-7.918118157378599, 41.23028489138616], [-7.917785025295831, 41.23134374502456], [-7.917034521631732, 41.2309391948456], [-7.916490580062618, 41.23166932457194], [-7.915384491855053, 41.23232763370801], [-7.915455722882388, 41.23283092655484], [-7.915934078926353, 41.233044099805994], [-7.914744348849881, 41.23381029956688]], [[-7.915843902418793, 41.22874473615542], [-7.9167229914753365, 41.22778646248432], [-7.915461466749414, 41.227620542264276], [-7.9151504014955965, 41.227698170401794], [-7.914817777631926, 41.22859347324543], [-7.914451237476142, 41.228358129279044], [-7.913885036194792, 41.22868413911907], [-7.914194637135966, 41.22904736780965], [-7.914299735099259, 41.22859960071376], [-7.9148166897366625, 41.22892055843637], [-7.915843902418793, 41.22874473615542]]]}, "properties": {"ano": 2022, "ha": 392}}, {"type": "Feature", "geometry": {"type": "MultiPolygon", "coordinates": [[[[-7.890271270116979, 41.201871734760964], [-7.89034000140472, 41.20204819345739], [-7.890304871142295, 41.202132785528335], [-7.890271270116979, 41.201871734760964]]], [[[-7.890083838834975, 41.20041555657782], [-7.890225717014788, 41.20102897536538], [-7.890235283438328, 41.20159214954032], [-7.890083838834975, 41.20041555657782]]], [[[-7.889865586417507, 41.1985897526385], [-7.8900554997058325, 41.19917535162834], [-7.890026186091177, 41.19996764485882], [-7.889865586417507, 41.1985897526385]]], [[[-7.8888083150890935, 41.187849822378155], [-7.888204002346417, 41.18917907392126], [-7.888020285520289, 41.18930083387487], [-7.8880845, 41.1882411], [-7.8882989, 41.187892], [-7.8888083150890935, 41.187849822378155]]], [[[-7.890708901755045, 41.18433785077962], [-7.89113086931169, 41.18421136544896], [-7.891477811616784, 41.18614815545439], [-7.890839960758302, 41.18616980806973], [-7.890562719460133, 41.18740085061031], [-7.889227312041071, 41.18778651705306], [-7.8901348, 41.1867135], [-7.890708901755045, 41.18433785077962]]]]}, "properties": {"ano": 2022, "ha": 433}}, {"type": "Feature", "geometry": {"type": "Polygon", "coordinates": [[[-8.052523545549057, 41.10181460911464], [-8.05356558392022, 41.10278096852541], [-8.052569478553051, 41.10334511363572], [-8.051887862164419, 41.10225193600853], [-8.052523545549057, 41.10181460911464]]]}, "properties": {"ano": 2022, "ha": 1}}, {"type": "Feature", "geometry": {"type": "Polygon", "coordinates": [[[-8.045900166040898, 41.101815872466815], [-8.04626461112367, 41.10095081133649], [-8.047336488715178, 41.101156719102065], [-8.046400397636718, 41.10227517924786], [-8.045900166040898, 41.101815872466815]]]}, "properties": {"ano": 2022, "ha": 1}}, {"type": "Feature", "geometry": {"type": "Polygon", "coordinates": [[[-7.904915138852047, 41.16197999102284], [-7.907054646360692, 41.16541874368116], [-7.9070512939275215, 41.16639422601658], [-7.906402776003356, 41.16728714878112], [-7.905115266800083, 41.1663091187652], [-7.90428221565123, 41.16612456296249], [-7.903641745182854, 41.164700701534684], [-7.902863855364869, 41.164130114587735], [-7.903106737988512, 41.16388672730312], [-7.902625528093839, 41.1630728581381], [-7.902708338357707, 41.162463343266], [-7.903302792843013, 41.161651623283184], [-7.904915138852047, 41.16197999102284]]]}, "properties": {"ano": 2022, "ha": 13}}, {"type": "Feature", "geometry": {"type": "Polygon", "coordinates": [[[-7.960785291525464, 41.162430715749885], [-7.957860007446557, 41.16376696900859], [-7.956873624975361, 41.163341662420336], [-7.956647314029138, 41.16294563312392], [-7.95696040729744, 41.16256029919092], [-7.9568192543746985, 41.16200410987666], [-7.958537190476413, 41.16120093181499], [-7.958354070369148, 41.16093205626104], [-7.958808995887061, 41.160377025026705], [-7.95970202941594, 41.16098966571355], [-7.960785291525464, 41.162430715749885]]]}, "properties": {"ano": 2022, "ha": 7}}, {"type": "Feature", "geometry": {"type": "Polygon", "coordinates": [[[-8.023538136931254, 41.19528484306756], [-8.024158955270423, 41.19397336900473], [-8.026177588988467, 41.193854169778675], [-8.026573185472374, 41.195097641612364], [-8.026904059770853, 41.19521986310026], [-8.026750613030991, 41.1958297106369], [-8.025808415691897, 41.19681504087145], [-8.023527439077977, 41.197695913933224], [-8.022949524008185, 41.19821588992667], [-8.022390900272311, 41.19673474804989], [-8.021714564362862, 41.19593049581975], [-8.022633882364557, 41.195243367012026], [-8.023538136931254, 41.19528484306756]]]}, "properties": {"ano": 2022, "ha": 12}}, {"type": "Feature", "geometry": {"type": "Polygon", "coordinates": [[[-8.028868496660243, 41.10421193982536], [-8.026360640574644, 41.105198500074465], [-8.02548688862222, 41.10381520847852], [-8.026559850598328, 41.102994840309485], [-8.028570966594495, 41.10289134011041], [-8.028868496660243, 41.10421193982536]]]}, "properties": {"ano": 2022, "ha": 5}}, {"type": "Feature", "geometry": {"type": "Polygon", "coordinates": [[[-7.9125158929745245, 41.12424279373763], [-7.9130612500666, 41.12429163939533], [-7.912705406757089, 41.125761725784095], [-7.912428634107944, 41.125793800993144], [-7.911958825796857, 41.12560181373033], [-7.9125158929745245, 41.12424279373763]]]}, "properties": {"ano": 2022, "ha": 1}}, {"type": "Feature", "geometry": {"type": "Polygon", "coordinates": [[[-7.886807568390822, 41.24840373834531], [-7.889557760038182, 41.247738860411765], [-7.895727994894789, 41.248860275088624], [-7.886807568390822, 41.24840373834531]]]}, "properties": {"ano": 2022, "ha": 33}}, {"type": "Feature", "geometry": {"type": "Polygon", "coordinates": [[[-7.889869725160175, 41.19843525710851], [-7.89017595016483, 41.19589545439053], [-7.889398006516147, 41.1938854802265], [-7.8894947864545815, 41.19329962071811], [-7.889061395335711, 41.19279841043079], [-7.890210449197818, 41.19037438118129], [-7.890800104111587, 41.18628878311703], [-7.891540052831695, 41.186052735634185], [-7.891076915660909, 41.18403605651182], [-7.891483213771525, 41.18385172370848], [-7.893591922686311, 41.18412054959018], [-7.894081123029197, 41.184879155595326], [-7.895292663480102, 41.18471726692431], [-7.895384079893264, 41.18560369832057], [-7.896802384613486, 41.185828163260354], [-7.897064704462144, 41.18655055788353], [-7.896751168364066, 41.186921567812306], [-7.897676369773147, 41.18747378233694], [-7.8972982879754055, 41.18869874408049], [-7.896880722526552, 41.189055247704175], [-7.897398051114614, 41.18990680966525], [-7.897320395436757, 41.190456979891295], [-7.8979325370196785, 41.19132182741422], [-7.898461794784904, 41.191487284486115], [-7.898547992095354, 41.192297141561056], [-7.899261412216819, 41.192726552527944], [-7.89999448967505, 41.19270952036891], [-7.90003997217055, 41.19202650656921], [-7.9008377600716475, 41.191170456264786], [-7.905042069818137, 41.190673976885805], [-7.905675059007837, 41.19038792752791], [-7.905876033390057, 41.1897236409146], [-7.908536294140159, 41.18924282582489], [-7.909112408693404, 41.18954412146764], [-7.911073017811881, 41.18891180341717], [-7.912008713561415, 41.189199478374015], [-7.912253319250419, 41.189614478221024], [-7.913187448055246, 41.193288674966865], [-7.912940180418057, 41.19366700272333], [-7.912365443305982, 41.19344253143025], [-7.911801155210193, 41.194673772875596], [-7.908051361624568, 41.19828298457964], [-7.907689471375636, 41.1989612552976], [-7.907848434201674, 41.19951903961981], [-7.907427291373496, 41.20091905203588], [-7.90864944659491, 41.20327997173769], [-7.908586666494664, 41.205045184155864], [-7.909104974088771, 41.205689426771634], [-7.908866953867808, 41.20611064590628], [-7.907862007972373, 41.20663757948541], [-7.9062729807442444, 41.20644745381768], [-7.905644823410166, 41.207412279179266], [-7.905180654747511, 41.20754001309675], [-7.904925995631427, 41.207289363915805], [-7.904450282651046, 41.20801742925222], [-7.903816402072182, 41.20795899882425], [-7.903738655673889, 41.20854490685239], [-7.903102926847316, 41.20901535341582], [-7.902521502829929, 41.210193467334506], [-7.901528340093691, 41.21002710192277], [-7.9006458570158555, 41.210682865369236], [-7.900505329341569, 41.210275199359565], [-7.899983434936438, 41.210660092488084], [-7.899046702164241, 41.21059387834063], [-7.899124720890493, 41.209943651177085], [-7.898226491912645, 41.209226320515675], [-7.8973350528261745, 41.21020446174019], [-7.896675664626888, 41.208891171194885], [-7.896326102927878, 41.209166073655375], [-7.896004685143316, 41.209065356592774], [-7.89625182188174, 41.20876687833634], [-7.895755883512392, 41.208748004441915], [-7.895578197984357, 41.209094025326074], [-7.8952020463571175, 41.208563413469165], [-7.8943700980843925, 41.2083186981987], [-7.894165513546236, 41.20731768372974], [-7.893797618052189, 41.206988156607096], [-7.8955903239167675, 41.20586260781558], [-7.895838046131909, 41.20539855405017], [-7.892490913092943, 41.2045840223849], [-7.891774323129755, 41.204177944380014], [-7.890457356110468, 41.20257941214355], [-7.890599408483313, 41.20168549898476], [-7.8903537403239286, 41.20158492463154], [-7.890103738239609, 41.20009065528857], [-7.8903610713791545, 41.199590897715275], [-7.889869725160175, 41.19843525710851]]]}, "properties": {"ano": 2023, "ha": 352}}, {"type": "Feature", "geometry": {"type": "Polygon", "coordinates": [[[-7.998392676987121, 41.1707231758127], [-8.000683381507878, 41.1709192765682], [-8.002686623750204, 41.17194033940684], [-8.003333411055879, 41.17275176872577], [-8.002327298320107, 41.17306281466473], [-8.00066541528998, 41.1727179593982], [-7.9993718411453205, 41.17200795916128], [-7.998392676987121, 41.1707231758127]]]}, "properties": {"ano": 2023, "ha": 5}}, {"type": "Feature", "geometry": {"type": "Polygon", "coordinates": [[[-7.922843851694013, 41.17362907666763], [-7.92122811293267, 41.17308295053515], [-7.920464151691818, 41.17239542510003], [-7.91857228401809, 41.17242767226663], [-7.918197697135075, 41.171269140501096], [-7.917810847497286, 41.17097539010296], [-7.917251696536606, 41.17131026470137], [-7.916382864579663, 41.17089410762991], [-7.9163489896123105, 41.169686177409666], [-7.916803692227063, 41.16947261314858], [-7.916719595715308, 41.16915798146173], [-7.917960841107819, 41.168481314667844], [-7.920040699589389, 41.16877819175928], [-7.922089945401213, 41.16978254337359], [-7.922279842013704, 41.169554180328994], [-7.9215893340305845, 41.168935550087205], [-7.922707490567736, 41.168918861726176], [-7.923452609330914, 41.169577750444375], [-7.925937269115506, 41.17050420095758], [-7.9260193978574955, 41.17146206586173], [-7.927455954441897, 41.17183627662778], [-7.927414629906376, 41.17295830428148], [-7.92695913560732, 41.17342920566922], [-7.926211971268148, 41.173399285257716], [-7.924597941665336, 41.1753046783523], [-7.924558752871545, 41.17573343519146], [-7.925428665355049, 41.175842205620405], [-7.925701774335139, 41.17622863956457], [-7.92477122638143, 41.17734907061385], [-7.923002533114629, 41.17727440468648], [-7.922785965243123, 41.176959537908274], [-7.921830997123065, 41.176822005434964], [-7.921510864940888, 41.176356857197554], [-7.9217765943447, 41.17608575041973], [-7.9225988695851655, 41.17630166240727], [-7.923034701921728, 41.17608089166392], [-7.9231117609591895, 41.17564505587114], [-7.922461715235927, 41.17481480748754], [-7.920715199796843, 41.17374669479276], [-7.922172450183404, 41.174232196145624], [-7.922843851694013, 41.17362907666763]]]}, "properties": {"ano": 2023, "ha": 43}}, {"type": "Feature", "geometry": {"type": "Polygon", "coordinates": [[[-7.9243609279564575, 41.1529847767229], [-7.924079293341075, 41.15222201661415], [-7.925754030934477, 41.15174482583335], [-7.926186959728098, 41.151971738763976], [-7.925782900200852, 41.152184441480046], [-7.92586195308426, 41.152700373134465], [-7.92537330144055, 41.1530856992554], [-7.9243609279564575, 41.1529847767229]]]}, "properties": {"ano": 2023, "ha": 2}}, {"type": "Feature", "geometry": {"type": "Polygon", "coordinates": [[[-8.031476386135692, 41.18469811073129], [-8.031337847032889, 41.18546885116646], [-8.032818842241142, 41.18582591726413], [-8.03278861542678, 41.186352151520765], [-8.033679720844853, 41.18752403152492], [-8.033472985573164, 41.18798340734795], [-8.032874329019286, 41.18807183906775], [-8.03280470666957, 41.18869439875561], [-8.032177023458496, 41.1885085537263], [-8.03183295021791, 41.188938158403815], [-8.03016391511024, 41.189581551294566], [-8.027487253080007, 41.18829685693626], [-8.027233962293716, 41.18715516047438], [-8.027764569338565, 41.18666644028273], [-8.027274246431784, 41.18650292935197], [-8.027284836444638, 41.18601373859931], [-8.029668431496981, 41.18476789933277], [-8.029750439613313, 41.18414809496116], [-8.03010390872702, 41.1839779287482], [-8.031006225901644, 41.184186262525195], [-8.031476386135692, 41.18469811073129]]]}, "properties": {"ano": 2023, "ha": 21}}, {"type": "Feature", "geometry": {"type": "Polygon", "coordinates": [[[-8.070180013400853, 41.13131949528677], [-8.068675711876732, 41.131793801360246], [-8.069510717907184, 41.130147799063494], [-8.070169748777436, 41.129751788622826], [-8.07077352388687, 41.130920905516625], [-8.07223857459174, 41.131063976011795], [-8.071962163164994, 41.13197853374371], [-8.070180013400853, 41.13131949528677]]]}, "properties": {"ano": 2023, "ha": 3}}, {"type": "Feature", "geometry": {"type": "Polygon", "coordinates": [[[-7.890530677220125, 41.18433073350124], [-7.8903647708863085, 41.18313824447402], [-7.890896092287919, 41.18271767729465], [-7.891268573102473, 41.18175359373155], [-7.8929080003438825, 41.18097797065537], [-7.8930428552559135, 41.18031356660137], [-7.8939064714494265, 41.1795506119419], [-7.894231204875486, 41.17869362658912], [-7.894902813612207, 41.1787021570785], [-7.895119227535309, 41.17902422344313], [-7.894751325949856, 41.17930660518083], [-7.895068633681167, 41.179938952130485], [-7.894943827856304, 41.180446141066334], [-7.894215441383896, 41.18043749395711], [-7.894545583087346, 41.1807026186629], [-7.894297661277077, 41.18124528908456], [-7.8930486788500955, 41.18131417720225], [-7.893216676529376, 41.18194347230545], [-7.8936710465985005, 41.18186579458371], [-7.893999305092598, 41.1826526571093], [-7.893758295187339, 41.18389575912354], [-7.891403179296515, 41.18374792306384], [-7.890530677220125, 41.18433073350124]]]}, "properties": {"ano": 2023, "ha": 10}}, {"type": "Feature", "geometry": {"type": "Polygon", "coordinates": [[[-8.104986768939838, 41.13735057483145], [-8.104250150899434, 41.13629514473322], [-8.104555577753755, 41.135720063353645], [-8.105139482418796, 41.135733594370805], [-8.105382027502053, 41.13636280099906], [-8.106181528433858, 41.13702582861682], [-8.104986768939838, 41.13735057483145]]]}, "properties": {"ano": 2023, "ha": 2}}, {"type": "Feature", "geometry": {"type": "Polygon", "coordinates": [[[-7.999914346617018, 41.17386042654684], [-7.998099091217199, 41.175007814073375], [-7.996956844209293, 41.17466105153282], [-7.996784723232307, 41.174029535225245], [-7.996044189825969, 41.17383212722615], [-7.995199724684504, 41.174343333110556], [-7.99425361890976, 41.17444941673523], [-7.993747691117343, 41.17514564308399], [-7.9945032665190014, 41.17569447624171], [-7.994500354284958, 41.177094087277425], [-7.995326694339413, 41.17774424764976], [-7.995144515396611, 41.178166894716995], [-7.99400165673316, 41.178094069664844], [-7.9932913426784316, 41.17850417185424], [-7.991118239900389, 41.17729847598522], [-7.9915608747600455, 41.17673321237372], [-7.990686639854381, 41.176386712309785], [-7.990278813214708, 41.17542137252218], [-7.98882153320448, 41.174966938675766], [-7.989673914170739, 41.1744677022558], [-7.989753519776128, 41.17410449529441], [-7.989438611074319, 41.173925433930336], [-7.988262852458327, 41.17451956097666], [-7.987547014683948, 41.17385161925296], [-7.985574974679572, 41.174510235414715], [-7.985518940421904, 41.1748972924882], [-7.9848961225241615, 41.174944148304], [-7.984439740523147, 41.174586219498416], [-7.9837207453204595, 41.17534168765253], [-7.982531058461887, 41.175090013671316], [-7.982169749445683, 41.174523744750545], [-7.981256249190834, 41.17414734323047], [-7.98452240533799, 41.172865097854384], [-7.984702913087211, 41.17321671943361], [-7.984000714150322, 41.173519570124725], [-7.984260402500851, 41.17371048778205], [-7.986485500925826, 41.17267104024149], [-7.989222126997273, 41.171971663113446], [-7.989593482936457, 41.17155521361606], [-7.992249521805321, 41.17165374231533], [-7.993269328369166, 41.170213661767384], [-7.993294010489525, 41.16971935925565], [-7.994239628112455, 41.16981578020213], [-7.994743271439612, 41.17019754921496], [-7.99520103513498, 41.16990030041458], [-7.996398522509499, 41.170169718559826], [-7.997162187183406, 41.17059942829746], [-7.99737367743969, 41.17124885817619], [-7.9980348339892755, 41.17170822134039], [-7.998809712347863, 41.17139385224579], [-8.000219867660377, 41.17238724095656], [-7.9994597873958035, 41.1725555850035], [-7.999332944267967, 41.17291874393867], [-7.999914346617018, 41.17386042654684]]]}, "properties": {"ano": 2023, "ha": 58}}, {"type": "Feature", "geometry": {"type": "Polygon", "coordinates": [[[-8.016512823565005, 41.13598692442072], [-8.01708047534536, 41.135473862885924], [-8.016910835747195, 41.1351735115166], [-8.014969028249688, 41.13473371276467], [-8.014871341513146, 41.133792048874966], [-8.015288812303787, 41.13294484421793], [-8.014861794879605, 41.132626568515], [-8.014724070277571, 41.13155482652395], [-8.015555537647638, 41.130455912243974], [-8.016597152802449, 41.130756230766096], [-8.01734597624018, 41.12957768995883], [-8.018442496962471, 41.129571628046676], [-8.019282841414466, 41.130122786935026], [-8.019861369598326, 41.12969520455415], [-8.020463768428158, 41.13051703152662], [-8.02116139770709, 41.13039829120457], [-8.02138844774623, 41.1307914126566], [-8.022614260274207, 41.1309912406677], [-8.023206043517588, 41.12993358102322], [-8.02393271847332, 41.13065613184889], [-8.024642284105964, 41.13028513978533], [-8.028859046747383, 41.130982062216674], [-8.028458214162386, 41.131424856232776], [-8.028831911864312, 41.13217702874168], [-8.028425479571453, 41.13278509551628], [-8.027174378821114, 41.13275018077279], [-8.025385708000757, 41.13355936158983], [-8.02496894453833, 41.13337879260025], [-8.024602856821614, 41.134726023380445], [-8.022121947649127, 41.13519026641369], [-8.021332973864777, 41.13484684843907], [-8.020427376156166, 41.135262734076946], [-8.020239115922363, 41.13575320608582], [-8.017165326393787, 41.136576922239556], [-8.016552595491117, 41.136532384877846], [-8.016512823565005, 41.13598692442072]]]}, "properties": {"ano": 2023, "ha": 56}}, {"type": "Feature", "geometry": {"type": "Polygon", "coordinates": [[[-7.996090361712751, 41.11459711626906], [-7.994914325359401, 41.114374568595366], [-7.99479536523446, 41.1139208454199], [-7.996671107005742, 41.11328767545738], [-7.996090361712751, 41.11459711626906]]]}, "properties": {"ano": 2023, "ha": 2}}, {"type": "Feature", "geometry": {"type": "Polygon", "coordinates": [[[-8.07194730561545, 41.132597220987826], [-8.072283882536865, 41.132038413316096], [-8.073523747327785, 41.13224232901918], [-8.072272253212283, 41.13371282266596], [-8.072010179053871, 41.133651703300806], [-8.07194730561545, 41.132597220987826]]]}, "properties": {"ano": 2023, "ha": 2}}, {"type": "Feature", "geometry": {"type": "Polygon", "coordinates": [[[-8.009031094958761, 41.1314489649112], [-8.008295062471367, 41.13206954008522], [-8.006838903112184, 41.13160369494652], [-8.006768642483838, 41.13118104916756], [-8.007024542449884, 41.130736554919864], [-8.00796552871521, 41.13036340461457], [-8.008383772385335, 41.13131487703063], [-8.009031094958761, 41.1314489649112]]]}, "properties": {"ano": 2023, "ha": 2}}, {"type": "Feature", "geometry": {"type": "Polygon", "coordinates": [[[-7.949918826352979, 41.17500148808618], [-7.949750400433408, 41.1760494403955], [-7.950395819180911, 41.176395892850664], [-7.9503391813243365, 41.17692586852156], [-7.9488632892927535, 41.177584628290575], [-7.946333751049574, 41.17728875375609], [-7.944500078615529, 41.176231616271316], [-7.944234156464933, 41.175498623231924], [-7.945431805755035, 41.17567328263821], [-7.946347987489124, 41.175031534973954], [-7.944789108540904, 41.17437983677153], [-7.944420077288327, 41.17387299620586], [-7.944374307835617, 41.1733369008478], [-7.944831696597035, 41.17326021913751], [-7.94488002009125, 41.172896993886894], [-7.943635827673552, 41.172478065633335], [-7.942712782478155, 41.17276839010183], [-7.942264560822879, 41.17239839578392], [-7.941480375643786, 41.17100345031672], [-7.942071932253198, 41.17086148603137], [-7.942152002523526, 41.170426845009345], [-7.9414683440492135, 41.169711025228764], [-7.941926996266258, 41.16918767133571], [-7.941817631104145, 41.16884801172871], [-7.942282402393063, 41.16893513451129], [-7.942796344001688, 41.168367199810426], [-7.944191155214482, 41.16845285834762], [-7.944960718776305, 41.16945467933199], [-7.946306974878847, 41.169998828739836], [-7.947185685098991, 41.17144749541185], [-7.948703932844192, 41.172521958269094], [-7.948742235757215, 41.172921056746276], [-7.949419855109887, 41.17301146622616], [-7.949717437990204, 41.17371471973906], [-7.94919659706562, 41.1739342601135], [-7.949076512867444, 41.17460111822987], [-7.949918826352979, 41.17500148808618]]]}, "properties": {"ano": 2024, "ha": 38}}, {"type": "Feature", "geometry": {"type": "Polygon", "coordinates": [[[-8.062709952551536, 41.146966441029626], [-8.06296980277395, 41.14652917905528], [-8.063053165585425, 41.14729483468513], [-8.063467641407799, 41.14763309330732], [-8.06229648050211, 41.14831246297722], [-8.061386506862384, 41.147217452617575], [-8.062108136045948, 41.146860549058005], [-8.062709952551536, 41.146966441029626]]]}, "properties": {"ano": 2024, "ha": 2}}, {"type": "Feature", "geometry": {"type": "Polygon", "coordinates": [[[-7.877639320859267, 41.241063721382645], [-7.8773618717442515, 41.243102273276115], [-7.8768236870418775, 41.24307114326412], [-7.8755793, 41.2420481], [-7.877639320859267, 41.241063721382645]]]}, "properties": {"ano": 2024, "ha": 55}}, {"type": "Feature", "geometry": {"type": "MultiPolygon", "coordinates": [[[[-8.025726788193513, 41.114838998484366], [-8.028097535807005, 41.115187669665495], [-8.02870156862978, 41.11579825049288], [-8.029981884736618, 41.1163421361502], [-8.029203612340526, 41.114152619110996], [-8.027888264254221, 41.11297614128478], [-8.027524649985567, 41.11221714439579], [-8.028869217598427, 41.11140956665603], [-8.028582355856063, 41.109695675094464], [-8.029006732569364, 41.10909976491402], [-8.029502866864686, 41.10924098068719], [-8.029799044477148, 41.108290979511295], [-8.030388600208772, 41.10819764139605], [-8.030449868667535, 41.10870215488174], [-8.031503701460258, 41.109301380677415], [-8.033104691013389, 41.109507620325395], [-8.033520366732324, 41.10915058964813], [-8.034233890265755, 41.10913945875933], [-8.035467551648363, 41.10994509466923], [-8.03749078664467, 41.10943543442036], [-8.037722883589689, 41.109834497468746], [-8.039073905844768, 41.10873280716552], [-8.039338428758057, 41.10813470402231], [-8.041836432399904, 41.1075735419007], [-8.043495632761191, 41.10790329751833], [-8.04313787882869, 41.1086538505857], [-8.043271672942376, 41.10901031834297], [-8.046161989329944, 41.10905498908623], [-8.046425887907157, 41.108890939312715], [-8.045899354020099, 41.10824531178209], [-8.046443278692111, 41.107436227069904], [-8.047699878699646, 41.10724943400783], [-8.047870972661354, 41.106874144686294], [-8.046599144456014, 41.10650393437595], [-8.045929983382768, 41.10685296901105], [-8.043505643565217, 41.107010154134954], [-8.042848474929109, 41.10653192990655], [-8.041680093855751, 41.1062858341449], [-8.039007686117138, 41.10624317682193], [-8.03864338885542, 41.10604591768937], [-8.039125426086128, 41.105178160461705], [-8.03866017241235, 41.105142594151786], [-8.037434188393874, 41.105622604977775], [-8.03705211839726, 41.10547772033784], [-8.035556190435308, 41.106489209493105], [-8.03386647984939, 41.10586602328136], [-8.032322530369116, 41.10595815394413], [-8.031525416293782, 41.10636091708967], [-8.030360983055704, 41.10598033816042], [-8.02997454629817, 41.10512359232057], [-8.029322395294269, 41.105592285410445], [-8.026592957662475, 41.105366950969405], [-8.025225681746281, 41.10684389272435], [-8.024418698166237, 41.10711297831757], [-8.022433446454116, 41.10705247115791], [-8.018961734902314, 41.10550058224368], [-8.019133327896643, 41.10492589784329], [-8.018886611050934, 41.104080982053524], [-8.01915117897297, 41.1035533146167], [-8.02036107291941, 41.10268887982611], [-8.020533854212536, 41.1021820429218], [-8.022023748690735, 41.10158514349935], [-8.023623641659889, 41.10009672231445], [-8.024724868783183, 41.10003908128345], [-8.024890639109499, 41.09852617053899], [-8.02623358543813, 41.0981270920717], [-8.029147803554286, 41.09815168693531], [-8.034242105062702, 41.097155101169975], [-8.03778535357827, 41.096869776962066], [-8.04458396961336, 41.094201533464215], [-8.048688962649141, 41.091448340058], [-8.050236901646228, 41.09092565896958], [-8.052760781578705, 41.090570530963646], [-8.057815795675976, 41.09071462125924], [-8.05998610867782, 41.09129082794121], [-8.061783434399327, 41.09267625718428], [-8.063085975454191, 41.092735687938344], [-8.063333859014762, 41.09295873634181], [-8.06316286437289, 41.09335751351721], [-8.061580782408667, 41.093673330074985], [-8.060263949675068, 41.09247589946676], [-8.059566206098788, 41.09240507985296], [-8.055254935550362, 41.09266043326285], [-8.055155648892406, 41.09296243883425], [-8.057256459809432, 41.09406178789925], [-8.058075692887485, 41.09404658624516], [-8.058618065085938, 41.09439887853399], [-8.057950859119755, 41.09473867708635], [-8.056307947381562, 41.09395160379252], [-8.05667271955615, 41.094883422630375], [-8.05624870917687, 41.095573633333245], [-8.05490453798309, 41.09565480834301], [-8.054880073098667, 41.09497132969274], [-8.053917641761625, 41.09578017726804], [-8.053064861361998, 41.09565055734888], [-8.052406333751595, 41.096310690368036], [-8.051327123863905, 41.09635327251631], [-8.049713400521538, 41.09706778224619], [-8.04943707646287, 41.097312967564136], [-8.049422999813688, 41.098289260111756], [-8.052146913328412, 41.098125318544426], [-8.054856490505328, 41.09975132767369], [-8.055468802865255, 41.10060677017709], [-8.055533571157257, 41.10189867966772], [-8.056689420691876, 41.102601084328306], [-8.056597243397654, 41.103222818061866], [-8.055831189393322, 41.10398187997906], [-8.0572578150902, 41.10422916511508], [-8.057645009370223, 41.10472214221364], [-8.058684126339434, 41.10476972419676], [-8.058749810082489, 41.10507414381568], [-8.059567529485644, 41.105380320875106], [-8.059691405695, 41.10556810434524], [-8.058934693404234, 41.1058224920804], [-8.059303252503177, 41.10593154506295], [-8.05945992894074, 41.10687583222441], [-8.060611867165388, 41.107861637934164], [-8.060886729224407, 41.10902926823758], [-8.06159279989003, 41.10916100995678], [-8.061929078800343, 41.10993641333089], [-8.062955695681362, 41.10995952803753], [-8.064123778683268, 41.10903159854046], [-8.064790608607348, 41.10917276265447], [-8.064872904973692, 41.10984911865183], [-8.064151615954204, 41.110788170659845], [-8.064932053199298, 41.11155043589849], [-8.066218004852914, 41.11190733315826], [-8.067683902090288, 41.11132076353867], [-8.068025933666403, 41.11069359034073], [-8.067699495995912, 41.11021849395324], [-8.067874073501335, 41.109652960497506], [-8.068509348546247, 41.10890217147168], [-8.06843630930487, 41.10817714951218], [-8.067336708430357, 41.10682786146734], [-8.067243999571746, 41.106464127955995], [-8.06766302061465, 41.10621799367009], [-8.06945831168701, 41.10657906111083], [-8.071760796238388, 41.105715718099376], [-8.073640351758598, 41.10560320850136], [-8.074752283289582, 41.10502503633846], [-8.07529509650564, 41.10507222687921], [-8.075775252723155, 41.105846748568496], [-8.076428194782912, 41.106153722422896], [-8.076938824958972, 41.10548361856153], [-8.079079014243773, 41.10575443036252], [-8.079063859621158, 41.10530862005647], [-8.079575907355116, 41.10503902123576], [-8.079855585545737, 41.10440563496978], [-8.080786298798945, 41.104253531928265], [-8.082010874002378, 41.105192594134394], [-8.082196318638994, 41.1060960118352], [-8.08197910402117, 41.10680133741438], [-8.080597621323252, 41.10756178265996], [-8.081170680405418, 41.10865307842092], [-8.08175994558127, 41.1088527698318], [-8.081883759551523, 41.10921650445811], [-8.081232471221805, 41.11056746870644], [-8.081330373056723, 41.111156820536465], [-8.082104283528851, 41.11052314718791], [-8.083560814666116, 41.110597736413645], [-8.083651539814827, 41.11006300937498], [-8.086277237982902, 41.10738687020728], [-8.087255413387766, 41.1072764330611], [-8.087122052788683, 41.10905115923505], [-8.085626659476706, 41.11177954137185], [-8.086069424338184, 41.112885449886484], [-8.084815360069499, 41.113221961624646], [-8.085054717549262, 41.113979790390346], [-8.084879399984635, 41.114608338033904], [-8.081519944699705, 41.11360519641117], [-8.080001985531753, 41.11365607885227], [-8.076915138167744, 41.114931496947605], [-8.076807272874294, 41.11447001457064], [-8.077273115770124, 41.11389538147731], [-8.07714926987013, 41.1135903008157], [-8.076637371016107, 41.11359006005407], [-8.075457582140105, 41.114610151586035], [-8.075876087258344, 41.11499749778857], [-8.075364217415055, 41.11495032466588], [-8.074868345656661, 41.114340038518804], [-8.073472168606298, 41.11442147104424], [-8.072681882097346, 41.113482540973536], [-8.071657733473433, 41.11386916301632], [-8.070697401356028, 41.11233181727458], [-8.0708221447761, 41.111627982764226], [-8.069504396673192, 41.11084126706641], [-8.06875920959507, 41.11150957225973], [-8.0696112653699, 41.112659731666945], [-8.068525435741929, 41.112659148834375], [-8.068136701053692, 41.113632665123276], [-8.067563288653345, 41.11308096319595], [-8.066942384846838, 41.11351469157148], [-8.067500237728105, 41.114113314411156], [-8.068694711294501, 41.114078770183156], [-8.069331365189162, 41.1133869445698], [-8.07040156523089, 41.11352829149001], [-8.070820174329016, 41.11376314409737], [-8.070509170691958, 41.11458419814459], [-8.070663600277019, 41.115335104011876], [-8.072866123289268, 41.11561779557418], [-8.073051680811338, 41.11628659377279], [-8.07390117466093, 41.115763650510395], [-8.073859608634223, 41.11637859637889], [-8.075424367211248, 41.11717936848327], [-8.07485899996281, 41.11789506574171], [-8.076431969371964, 41.11869534006729], [-8.077657308486, 41.118306663183745], [-8.078283085408016, 41.11901060455273], [-8.079502879109608, 41.1189410122923], [-8.07979783648201, 41.118683046526186], [-8.079361334401648, 41.11820179810782], [-8.079876028997885, 41.117885329842444], [-8.08024967845845, 41.11617267324587], [-8.080932362742514, 41.116008728799166], [-8.08209807193045, 41.11694848457147], [-8.082592140188096, 41.11611502321018], [-8.083073068252894, 41.11606829736223], [-8.084041142688958, 41.1168665433545], [-8.085942336634988, 41.11690240340071], [-8.08646957407265, 41.117195899340516], [-8.086422753964186, 41.117606488763535], [-8.08492295448912, 41.1175340508546], [-8.08454543244929, 41.11794596572739], [-8.08446507283586, 41.118339565868894], [-8.085575279315444, 41.11843750243016], [-8.085460123909357, 41.11877927907202], [-8.084436110356355, 41.118966575768646], [-8.083816035714952, 41.118332814009946], [-8.083195489612171, 41.118356021442494], [-8.082714135111026, 41.11895413504773], [-8.082822512009098, 41.11924747170162], [-8.085738678153044, 41.11976484707852], [-8.086188651794636, 41.11964770685786], [-8.086224623819543, 41.11854108285756], [-8.086949647632522, 41.11865673071877], [-8.087569559470898, 41.11934321276965], [-8.089337777266646, 41.119836595399455], [-8.089895619696037, 41.120857449226314], [-8.090495783053134, 41.12107819975507], [-8.090446358215853, 41.121369635553386], [-8.089678083550345, 41.12139702726378], [-8.088358490651844, 41.122780879899615], [-8.088932389296827, 41.1229805290853], [-8.089273319671847, 41.12357896757545], [-8.088342090196834, 41.12413001356377], [-8.088187060881088, 41.12395398123017], [-8.088777048140681, 41.12328549580395], [-8.088389249485356, 41.123191498930545], [-8.086992456973244, 41.12393006798111], [-8.086495494575752, 41.124657238588966], [-8.085145078236437, 41.12556004476278], [-8.084245119609912, 41.125688730792845], [-8.083551313664936, 41.12625165752495], [-8.083505942538558, 41.12653337873629], [-8.083903027678371, 41.12674443833154], [-8.082971006643817, 41.12824570169502], [-8.084134445766848, 41.12856293491762], [-8.084243215817626, 41.12834007814129], [-8.083948511990977, 41.128210911116604], [-8.084212714780701, 41.12760097399052], [-8.085035420917231, 41.12704991829182], [-8.085268010344654, 41.127249448963276], [-8.084879661474517, 41.12790626595776], [-8.085267325723647, 41.128223173889786], [-8.084894628375649, 41.12868055902365], [-8.08387040783715, 41.12893823971778], [-8.082986177347477, 41.12871497347106], [-8.082319310291489, 41.12830408642657], [-8.082614507307799, 41.12776455610765], [-8.081792348250307, 41.12755303882225], [-8.081636688567796, 41.128221673831334], [-8.080544209279507, 41.12919003058908], [-8.079619212720589, 41.12879564197481], [-8.079107074216095, 41.12894792284549], [-8.07901335249544, 41.12973389920258], [-8.079509527587488, 41.13015646146797], [-8.079833640367076, 41.1323504195025], [-8.078920718975379, 41.13270308973274], [-8.07854562801143, 41.13252440712297], [-8.078685511858842, 41.132232587560885], [-8.077646167149757, 41.131915355714696], [-8.07718039319384, 41.13225535655248], [-8.0760635077198, 41.131713455488885], [-8.074527254534882, 41.13204291655796], [-8.074355931882776, 41.132781924436564], [-8.075046900680807, 41.13312276994624], [-8.074556159199803, 41.13399132440111], [-8.075395596898113, 41.13522481653999], [-8.076106849165724, 41.13570394572908], [-8.072320128852374, 41.13625346314536], [-8.071916016717916, 41.13698061731951], [-8.07089197268123, 41.13685103907365], [-8.070864146583542, 41.1373273533683], [-8.070517578860178, 41.137519526109514], [-8.06992944446497, 41.137319796787374], [-8.069711833519357, 41.13770682405601], [-8.06895132843968, 41.13784719612539], [-8.071570676858771, 41.13878510351575], [-8.071930896149789, 41.137684520530506], [-8.071170427956897, 41.13778971259807], [-8.071295172016256, 41.137132807239276], [-8.072396662282934, 41.13742666335394], [-8.073126452782168, 41.13691084115159], [-8.075313601367771, 41.13788564400808], [-8.074971462489628, 41.138753616640756], [-8.075379134118872, 41.13894651709085], [-8.074993858228055, 41.139411953485585], [-8.075147277459003, 41.139808098135006], [-8.077173608165433, 41.14046748199016], [-8.076987133532988, 41.14077241584784], [-8.075419864637265, 41.14065435466093], [-8.074690040149529, 41.141181921985094], [-8.074596623200543, 41.141533824685744], [-8.075805948158477, 41.14287181291406], [-8.074215224824242, 41.14340300115783], [-8.07409874507792, 41.143000029289475], [-8.07445601894744, 41.142613062581226], [-8.071523152330748, 41.1423769526628], [-8.071693038961268, 41.14328037309573], [-8.070777030607726, 41.1431885727773], [-8.069054469905776, 41.14361920023133], [-8.06869753959141, 41.143607276570194], [-8.068844697155072, 41.142879829402304], [-8.06824024504443, 41.142714395641356], [-8.067736546707698, 41.14186171545156], [-8.066546949127984, 41.142310785729045], [-8.065888839957344, 41.14333589526191], [-8.065767033261382, 41.140989506638455], [-8.066611718909657, 41.13999850049794], [-8.06586021410111, 41.13939243714041], [-8.065711311241692, 41.1377895178462], [-8.06455677416562, 41.137180070323105], [-8.065026829875718, 41.1363551011359], [-8.064872962902106, 41.13506453592932], [-8.063260213617948, 41.134066411377596], [-8.063415560465403, 41.13342364352433], [-8.063000888968723, 41.13321799736271], [-8.063044492259829, 41.1326115631555], [-8.064172827664626, 41.13217705267719], [-8.063371591483616, 41.13140339980657], [-8.063155570747178, 41.13024184146243], [-8.065443914058516, 41.12962262462633], [-8.065547950560344, 41.12933052248081], [-8.065189339651281, 41.12908159118798], [-8.064040982991374, 41.129268634660946], [-8.062055630883963, 41.128633956454294], [-8.059618177831627, 41.13000507200629], [-8.05909152594715, 41.12919526255482], [-8.059935662252128, 41.128593791540226], [-8.05828332957258, 41.12825298573393], [-8.057402608446603, 41.12715289324916], [-8.05670430026752, 41.12725802996589], [-8.056595265279391, 41.12763337140499], [-8.057044387947093, 41.12836102178435], [-8.0560874512594, 41.129083620248295], [-8.056116547432312, 41.130284408540575], [-8.05558379980451, 41.13020193896805], [-8.05523025779386, 41.127516990191815], [-8.055991647706714, 41.12634250094277], [-8.057234024291663, 41.12589544516463], [-8.056099097775208, 41.12403793991826], [-8.056842061699085, 41.12298899895179], [-8.056911909511784, 41.122347382297235], [-8.056183779421962, 41.12114551472126], [-8.055043199052113, 41.12031375606235], [-8.052843199937106, 41.120547978047426], [-8.051870357559565, 41.12161189888319], [-8.05208670437919, 41.12231594478278], [-8.051651852233183, 41.1226910585703], [-8.051543638647487, 41.12348707549798], [-8.050613471417577, 41.1237405725509], [-8.051233167075331, 41.124938316050034], [-8.052224747029497, 41.12558866778524], [-8.054442392767802, 41.124417495906215], [-8.05495363819465, 41.12505134217179], [-8.054482666696247, 41.12571869629363], [-8.053479232344365, 41.12547269830798], [-8.05327352162793, 41.12593496532572], [-8.05205030559673, 41.126762206886816], [-8.051771565460898, 41.126461974515706], [-8.050948771114316, 41.12672625166357], [-8.050514707552999, 41.12643265780392], [-8.051477456864424, 41.125764624084454], [-8.050179472921819, 41.12554037621707], [-8.049977565973835, 41.124752548548436], [-8.04831519991577, 41.12355685216397], [-8.048190372413082, 41.12411988081398], [-8.048846114490141, 41.12556969154064], [-8.046586228229723, 41.12514784961498], [-8.046180560380302, 41.125547651034864], [-8.047338244612876, 41.12660544691874], [-8.047145235744281, 41.127047326306396], [-8.046761513314566, 41.12705087613598], [-8.04621212030479, 41.126163688196606], [-8.044558958888176, 41.125231843330205], [-8.04420316474465, 41.12409348207039], [-8.043483636023065, 41.124483918039715], [-8.042776002239458, 41.123963350880096], [-8.042574756697842, 41.12363471093208], [-8.043490752141572, 41.123154414375094], [-8.043895342275468, 41.12223965466896], [-8.042996487693724, 41.12152334320701], [-8.042717125893855, 41.121605250292404], [-8.042948966035055, 41.12225066694307], [-8.041644708914806, 41.1230356816469], [-8.041334809165493, 41.12275388162014], [-8.040946194402565, 41.12330496376936], [-8.041752700452086, 41.123481566401125], [-8.040417748523643, 41.12399671475445], [-8.041766470700924, 41.12476032211176], [-8.041378314300808, 41.12497119030314], [-8.041805216415668, 41.125731797510774], [-8.042618399604846, 41.12578163034069], [-8.043315487309062, 41.126591643990224], [-8.042693329756181, 41.127740867961236], [-8.042321024350747, 41.12769365486442], [-8.042042942927429, 41.12681356884392], [-8.041142612233052, 41.127141356160706], [-8.04172055727289, 41.12792959691944], [-8.040880117766758, 41.12889018460137], [-8.039759809863273, 41.12896222628844], [-8.039386119895227, 41.12947456318911], [-8.040751123476706, 41.1297571999111], [-8.042210585518255, 41.129042706486096], [-8.043420432111299, 41.12932519177932], [-8.042968660430978, 41.130673982914516], [-8.04192790103706, 41.13154132138279], [-8.0420351105987, 41.13196381109466], [-8.043254383358729, 41.13184962531223], [-8.044508126929284, 41.130573291138155], [-8.045792893334143, 41.13044147561988], [-8.045857383581104, 41.131587713557316], [-8.049144935224806, 41.13214841122936], [-8.049699969912718, 41.132825818551105], [-8.0509407655855, 41.13326075686905], [-8.050971439869228, 41.133554069087324], [-8.0496986130196, 41.13391685678662], [-8.04971328282564, 41.13459730111796], [-8.05093939994982, 41.1343752596633], [-8.051823269076488, 41.13486859795072], [-8.052304440911534, 41.13475161242116], [-8.05280197018282, 41.13393073793905], [-8.053034583600638, 41.13404821220116], [-8.053173494884861, 41.134670081256246], [-8.051472694287046, 41.13621136321414], [-8.051603193422668, 41.13720303678405], [-8.05248661340296, 41.138106976313885], [-8.052330234058056, 41.13910405466017], [-8.056362740759292, 41.14103072112987], [-8.055554961880741, 41.14173409114067], [-8.055802762060882, 41.1421683216892], [-8.054637998820008, 41.14289491410849], [-8.053706998773798, 41.14277697751057], [-8.05403335275031, 41.14239005373295], [-8.052592282692801, 41.1416967225045], [-8.050950712646264, 41.14231817712478], [-8.050586117051095, 41.14264168093299], [-8.052776071271913, 41.14260037510225], [-8.051553798014753, 41.14343536237507], [-8.052052245970302, 41.143597197456224], [-8.051587360357434, 41.14439968989768], [-8.049887312193185, 41.14440504030092], [-8.050227909565917, 41.145073980177415], [-8.051128196911959, 41.14494556151854], [-8.051329635194918, 41.14520379621788], [-8.051096326188645, 41.14562597124059], [-8.04878056365955, 41.145006461031166], [-8.047947249478778, 41.14452097236358], [-8.047436144939018, 41.143711122273494], [-8.045192878600194, 41.14402433430104], [-8.043889749827743, 41.143140985851865], [-8.042446691042754, 41.14352493906783], [-8.042622591691448, 41.14414552165604], [-8.041785879151394, 41.144657138363705], [-8.041537072992204, 41.14602992553871], [-8.04043562960969, 41.14658517567038], [-8.03872442375109, 41.146893436081086], [-8.038165360541308, 41.146828294428644], [-8.036792692754837, 41.14586940141024], [-8.037011310601613, 41.145508385761254], [-8.038591526040625, 41.14503779651409], [-8.038599180114261, 41.14451375439916], [-8.036851833715524, 41.14387892312993], [-8.036465838140346, 41.142506010974564], [-8.03598420437723, 41.14219477184744], [-8.035688600666845, 41.1425284157031], [-8.033811310919713, 41.143043452571135], [-8.031888396801444, 41.14207890950537], [-8.031423602343668, 41.14104694663248], [-8.031880111890686, 41.14082904839788], [-8.031519183344363, 41.13960919174143], [-8.032896771995553, 41.13801910726835], [-8.032099677434099, 41.135780139398165], [-8.032379501410094, 41.135440163153106], [-8.033387086192407, 41.13613318618674], [-8.033884913438763, 41.13527720103666], [-8.033668807519128, 41.13451446437643], [-8.031434094488898, 41.13468852771114], [-8.030660621633698, 41.13522854091847], [-8.028083634623732, 41.134286057848435], [-8.027319616782865, 41.13546892887433], [-8.024221751619107, 41.135805572179265], [-8.023817377638458, 41.13610451510698], [-8.022459231369606, 41.13546262163575], [-8.02197906607678, 41.134828756910274], [-8.022220475061228, 41.13411548988102], [-8.022037577948295, 41.1337663364487], [-8.0210237410762, 41.13375226658211], [-8.018875221071513, 41.13476534543046], [-8.018029224921007, 41.13362032222016], [-8.01851978957499, 41.13196743306782], [-8.017842600876957, 41.13087410086352], [-8.017258394815762, 41.130733591450856], [-8.016277345054107, 41.13127145540461], [-8.015579428826209, 41.13056788868102], [-8.01588043087916, 41.1290428728757], [-8.017051551125176, 41.12673399748051], [-8.01639845526435, 41.12560602921216], [-8.016322727112657, 41.12455011197564], [-8.017206060045606, 41.12424810372292], [-8.017349945554853, 41.12267407511676], [-8.017988412830732, 41.12129037553332], [-8.018516487614537, 41.12093894440529], [-8.019478321147407, 41.12095160914868], [-8.019672320658147, 41.12189686614959], [-8.020411727955349, 41.12307370872492], [-8.02128131465472, 41.12377451711605], [-8.023226754090595, 41.12454503946231], [-8.023741037916665, 41.125325214982986], [-8.02474680619942, 41.125868603454], [-8.02612436811867, 41.12614584448176], [-8.027305818709975, 41.12535825946073], [-8.029338386908732, 41.12527794808961], [-8.029416289272687, 41.12506684796252], [-8.028422811927605, 41.12501155099124], [-8.027881672902055, 41.12448757418307], [-8.030131611378449, 41.123999900812954], [-8.029419691229478, 41.12287304270768], [-8.028832881319028, 41.123225642938365], [-8.027636463093536, 41.12329321540239], [-8.028053074279558, 41.12373996956124], [-8.027463229204145, 41.12392714663889], [-8.025387740255503, 41.12368033908878], [-8.024701286753793, 41.12323105437758], [-8.025131259786288, 41.12288663761007], [-8.025129354689396, 41.122202192915786], [-8.024614664302012, 41.12187973392884], [-8.02490725239115, 41.12150811569627], [-8.023544340394213, 41.121034393291765], [-8.023373108158196, 41.1204508503861], [-8.022256865119166, 41.1200040023164], [-8.022271520410754, 41.11920286383979], [-8.021965717079082, 41.1189545210407], [-8.021281787441461, 41.11864221440911], [-8.020830602924567, 41.119416069780804], [-8.019109913310047, 41.11932092379091], [-8.018376320303034, 41.118339409592025], [-8.019112676488025, 41.117032902557725], [-8.020044719641547, 41.11628298038386], [-8.021224251712349, 41.11594389148273], [-8.021224703909462, 41.11567406451521], [-8.018728089776122, 41.11514374046039], [-8.018652154919046, 41.11419340705044], [-8.01810477842, 41.11357980176706], [-8.017700971465173, 41.1135763598843], [-8.018455591925846, 41.11301836701543], [-8.018779865443177, 41.11208184214271], [-8.018221867585918, 41.11183493502112], [-8.017618779836308, 41.1107550360214], [-8.019376069649509, 41.11095459046775], [-8.021109037728529, 41.11064109419423], [-8.023002036428094, 41.11145342191228], [-8.023202526307442, 41.112220796782886], [-8.022628808194296, 41.11261373745079], [-8.024074979070551, 41.11356177072151], [-8.024646567412404, 41.114463343712494], [-8.025815374281985, 41.114070759748586], [-8.025726788193513, 41.114838998484366]], [[-8.046293867684408, 41.10234613802692], [-8.047009307022416, 41.101914788763565], [-8.049168038630254, 41.102871593385025], [-8.049230296732523, 41.10134329937208], [-8.048892152031314, 41.100473382380976], [-8.048647470260578, 41.10021372756369], [-8.047538764513455, 41.10058929124627], [-8.04549941497333, 41.10063908417129], [-8.045179948540552, 41.10092422509191], [-8.044963746076885, 41.100896288292184], [-8.045399876551372, 41.10008282350593], [-8.044609758785453, 41.100013280161335], [-8.043312278014433, 41.100474967745676], [-8.042950958094645, 41.101180165591124], [-8.0433177093899, 41.10177923788055], [-8.042465429505036, 41.10144433974269], [-8.041717981852972, 41.10182079908679], [-8.04182755392826, 41.10270489927592], [-8.039290235042401, 41.102173834851975], [-8.038896521713845, 41.10251489300485], [-8.039274628500735, 41.10324460347733], [-8.038562190515332, 41.10377732712419], [-8.039266529285438, 41.10409896096206], [-8.040833426075707, 41.10380690314311], [-8.042693760665433, 41.104430117826084], [-8.043485126798867, 41.10416089193183], [-8.045294525054775, 41.105005643875074], [-8.047609162851295, 41.10540749833955], [-8.047974943151043, 41.105862687566], [-8.048556641523799, 41.10551819703137], [-8.048524809094289, 41.10497408399987], [-8.04786615139313, 41.10455963787583], [-8.046293867684408, 41.10234613802692]], [[-8.049773455628477, 41.136122452485566], [-8.049292549448671, 41.13601652766342], [-8.048531532847287, 41.13654390696281], [-8.049849440002852, 41.13741298219966], [-8.050330646298871, 41.13728427313805], [-8.049773455628477, 41.136122452485566]], [[-8.043913652229618, 41.120139709061014], [-8.043679632305809, 41.12112498763858], [-8.044610121552584, 41.12138378433129], [-8.045013853623077, 41.12110252747945], [-8.044751231865426, 41.12025765448174], [-8.043913652229618, 41.120139709061014]], [[-8.058445571916282, 41.12539123992339], [-8.061042888046437, 41.12546598112417], [-8.060912045520615, 41.12437468545552], [-8.059947886711251, 41.12359421343547], [-8.058988698757549, 41.123951161270554], [-8.058818323745495, 41.123692959050224], [-8.059083638026156, 41.12319081346919], [-8.058174808515616, 41.12248419572463], [-8.057942218788467, 41.12404243030083], [-8.0583977567621, 41.124492523600566], [-8.058445571916282, 41.12539123992339]], [[-8.05475842090711, 41.119502151344044], [-8.054619609077701, 41.11880989305515], [-8.05350255308457, 41.11889126971045], [-8.053314914931613, 41.12013469639832], [-8.05415274687803, 41.120053136868364], [-8.05475842090711, 41.119502151344044]], [[-8.058889783954108, 41.11517583411903], [-8.059789633962504, 41.115059075934305], [-8.059914410235379, 41.11443737514643], [-8.059682839998292, 41.113416578988605], [-8.059326282828305, 41.1132169195852], [-8.058782583919369, 41.113920480021754], [-8.058047625236123, 41.1138943624552], [-8.057386029687805, 41.11259544717764], [-8.055151609802952, 41.11489187623854], [-8.055709798551902, 41.11511514343764], [-8.056097932119002, 41.114833836037], [-8.057528184958123, 41.11531126467648], [-8.057797488493962, 41.115565758317715], [-8.056967920736968, 41.116315836875216], [-8.058600005660148, 41.11668753617106], [-8.059229473052428, 41.11661903766593], [-8.059453190401733, 41.116138775363005], [-8.058811729144402, 41.1156215871194], [-8.058889783954108, 41.11517583411903]], [[-8.058009031747456, 41.110200791012524], [-8.058765852819652, 41.110883510265104], [-8.060269122612606, 41.11048389257525], [-8.060179927636883, 41.110126594029715], [-8.059390270952395, 41.11021188960715], [-8.059095092844938, 41.1093038938428], [-8.058009031747456, 41.110200791012524]], [[-8.025852160785151, 41.103066876805336], [-8.02473524264734, 41.10320663549185], [-8.024097511432581, 41.104332285196364], [-8.024314306398024, 41.10454365483121], [-8.025866710514261, 41.103665204171925], [-8.025852160785151, 41.103066876805336]], [[-8.026694047237537, 41.100322434544296], [-8.023979599509843, 41.100554586448624], [-8.023233817380156, 41.10137510923925], [-8.023590355731844, 41.10148102524924], [-8.02422705534332, 41.10097715477563], [-8.024862320833646, 41.101353152606734], [-8.026056602475085, 41.101307316380186], [-8.026894769357922, 41.10088573446725], [-8.026694047237537, 41.100322434544296]], [[-8.071749103236534, 41.133162582790945], [-8.070841805291618, 41.133243774224766], [-8.071811985228825, 41.134096277957056], [-8.071874868026383, 41.133588836394985], [-8.071749103236534, 41.133162582790945]]], [[[-8.108253354395478, 41.136513066826204], [-8.108695728114586, 41.136194835916505], [-8.109156968672101, 41.13591518313037], [-8.108253354395478, 41.136513066826204]]], [[[-8.107424959907636, 41.13702944351223], [-8.1072092, 41.1371343], [-8.106996209019698, 41.13712555332031], [-8.107424959907636, 41.13702944351223]]], [[[-8.083267545019922, 41.14702813209046], [-8.083625179495622, 41.14610148441242], [-8.084954929412852, 41.14536142466413], [-8.083998814739632, 41.14449441067422], [-8.083983650803622, 41.14400167663198], [-8.08330143102608, 41.14314498953126], [-8.081186572925379, 41.14275645905545], [-8.081470003804547, 41.14024194910741], [-8.081177662094236, 41.14008214149136], [-8.081690247375501, 41.139448855810784], [-8.08141134867801, 41.13888561905254], [-8.082776676809155, 41.13923814691003], [-8.083836440358668, 41.13900252454091], [-8.083273611126847, 41.138757357777266], [-8.083537930854487, 41.13805357121867], [-8.083041904148969, 41.137314273957834], [-8.083135373227407, 41.13682158544928], [-8.083585681500775, 41.136411164794694], [-8.084858189490161, 41.136306097333254], [-8.087015775007334, 41.13533321823535], [-8.088427827078378, 41.13535721216078], [-8.089125761840515, 41.135885391140434], [-8.09087960727272, 41.13526424065692], [-8.091396964969023, 41.136208505942875], [-8.092090575767251, 41.1342205422569], [-8.091485592032681, 41.13392704572875], [-8.092587548662895, 41.133493348729445], [-8.092153513998944, 41.132765842861204], [-8.093844349360998, 41.132344175210555], [-8.093845483352318, 41.13161670420528], [-8.094978612024773, 41.13083104581471], [-8.094870404458808, 41.130103650920624], [-8.09516529882405, 41.12993950128461], [-8.095723401225289, 41.13080781356271], [-8.096778438688602, 41.13092544911592], [-8.096219514824055, 41.13155878896845], [-8.096296877063203, 41.131969419279116], [-8.097389440591554, 41.13381504679126], [-8.098654636439955, 41.13344829195392], [-8.100159746987954, 41.133483900843366], [-8.100423332274636, 41.13390630962275], [-8.100223860447729, 41.134499874092725], [-8.100531592369625, 41.13466889353459], [-8.100843658316606, 41.13577452828571], [-8.102084342404071, 41.135552422019025], [-8.103157569423008, 41.13601039454948], [-8.104860649588929, 41.135174420982835], [-8.106070612854047, 41.13614841450186], [-8.106272055689953, 41.136887549038], [-8.106940611433894, 41.137134578000655], [-8.0990712, 41.1416746], [-8.0978029, 41.1418419], [-8.0974399, 41.1413357], [-8.0961006, 41.1415069], [-8.0936414, 41.1430581], [-8.092376, 41.1434145], [-8.0916197, 41.1441157], [-8.0848303, 41.1467877], [-8.083267545019922, 41.14702813209046]]]]}, "properties": {"ano": 2024, "ha": 2772}}, {"type": "Feature", "geometry": {"type": "Polygon", "coordinates": [[[-7.996064380435889, 41.115833424497694], [-7.996009956074982, 41.116110282617974], [-7.9950855344804435, 41.11654492401763], [-7.995347810131869, 41.11601582759033], [-7.996064380435889, 41.115833424497694]]]}, "properties": {"ano": 2024, "ha": 0}}, {"type": "Feature", "geometry": {"type": "Polygon", "coordinates": [[[-8.061200354806779, 41.1092331138583], [-8.060858474592381, 41.10921050137482], [-8.060909916703872, 41.10894379168743], [-8.061189884188593, 41.108960256760945], [-8.061200354806779, 41.1092331138583]]]}, "properties": {"ano": 2024, "ha": 0}}, {"type": "Feature", "geometry": {"type": "Polygon", "coordinates": [[[-8.004531748992743, 41.13710490609969], [-8.004506189778562, 41.137639508548666], [-8.004112515127563, 41.137406682406436], [-8.004531748992743, 41.13710490609969]]]}, "properties": {"ano": 2024, "ha": 0}}, {"type": "Feature", "geometry": {"type": "MultiPolygon", "coordinates": [[[[-7.8920816, 41.2106631], [-7.894274728306954, 41.20972217950495], [-7.89415131978869, 41.20955416265149], [-7.895135385555901, 41.20867762942797], [-7.895517805526238, 41.20911691573125], [-7.895931368347669, 41.2087566355339], [-7.8962770607392665, 41.20961875569564], [-7.896675664626888, 41.208891171194885], [-7.897326893932197, 41.21018043418021], [-7.8982855403800185, 41.20928329226828], [-7.899027460436977, 41.20984869410714], [-7.899046702164241, 41.21059387834063], [-7.900505329341569, 41.210275199359565], [-7.900741494867107, 41.21056882448489], [-7.901773220788941, 41.20985322948938], [-7.902604713386044, 41.2098257003413], [-7.904186276523633, 41.207719634090594], [-7.90590168247188, 41.207044792132855], [-7.906418835171823, 41.20631088371314], [-7.9072707624564975, 41.20631897216923], [-7.907508281746126, 41.20532024272218], [-7.908359801252638, 41.2053521522089], [-7.908670839402848, 41.20476143257638], [-7.908280592198209, 41.204421917698326], [-7.908920970800372, 41.204483330153316], [-7.908830580218555, 41.203232450523046], [-7.90826713517361, 41.20195682886796], [-7.908649083670296, 41.20094509591206], [-7.909803588197384, 41.19999441477853], [-7.910587249257989, 41.198533196056985], [-7.911478130198948, 41.198088794194554], [-7.912054390205189, 41.1966039678357], [-7.914149890208076, 41.19480335922805], [-7.91347434539574, 41.19377004791781], [-7.912448105444666, 41.18967223076776], [-7.911969677958689, 41.18892089408921], [-7.910472062472495, 41.18881081859194], [-7.908686171204162, 41.18950633613297], [-7.907487467747171, 41.18949496999541], [-7.90714998536291, 41.18891977631569], [-7.908823538015138, 41.18693367454549], [-7.910694487005196, 41.18635556244679], [-7.910958284844233, 41.1856669004715], [-7.9120157734987835, 41.18467591097535], [-7.912682445234449, 41.18482073324442], [-7.9126640929647385, 41.18400276749437], [-7.9137220589963455, 41.183528314875545], [-7.913803931003226, 41.1826112833316], [-7.914093784890323, 41.183188306236], [-7.91447862343722, 41.18292210282973], [-7.91534983542283, 41.18311880890486], [-7.917258598294497, 41.184493833874164], [-7.918433225585992, 41.18417598445355], [-7.917645414660824, 41.18532478416998], [-7.919622235622452, 41.18738675551651], [-7.919020209848995, 41.188267096483614], [-7.919255806112727, 41.18855340821059], [-7.920800850520705, 41.18862771874663], [-7.920420961152691, 41.189079659275386], [-7.9206850836475855, 41.190307029014235], [-7.919334759123536, 41.19051190115841], [-7.919216957555517, 41.19081652218223], [-7.919737054222911, 41.19090086158057], [-7.919657481399562, 41.19112703431438], [-7.9186783541338635, 41.19157786304471], [-7.920276380692647, 41.19217585022437], [-7.92023563860765, 41.19277188559894], [-7.921953520084537, 41.19307281741024], [-7.922848428930211, 41.19431324164299], [-7.921253310735106, 41.19506075940551], [-7.920896414575697, 41.19566851532044], [-7.921154841196081, 41.19626364012192], [-7.9209640366684955, 41.196751662388614], [-7.920332429054237, 41.197000644397036], [-7.919856216393284, 41.19796459966632], [-7.919114509334798, 41.198118080131906], [-7.919174366199778, 41.19735191312451], [-7.918896383473685, 41.19729578394715], [-7.91636515361744, 41.19818255201011], [-7.916492530034823, 41.19936390933469], [-7.9180997860996625, 41.19978380831956], [-7.917229245160248, 41.20074701807108], [-7.915495803639937, 41.200326870434374], [-7.9147682583420735, 41.20095680826721], [-7.916012688149053, 41.20141178504956], [-7.915836427251919, 41.202257169925375], [-7.914542386055043, 41.20249296274818], [-7.914615190563133, 41.2036384120373], [-7.915138803641884, 41.20379557946748], [-7.913609400373228, 41.204013914988785], [-7.913020164581594, 41.20494384019982], [-7.911396441552197, 41.20566174000554], [-7.91109380552433, 41.2060453589241], [-7.911168518857538, 41.20682231496521], [-7.909241129864271, 41.20774769328894], [-7.909599251564358, 41.208629004047715], [-7.909155910427834, 41.20872013607736], [-7.9083788076681945, 41.20990441721002], [-7.908330791404719, 41.208835295393726], [-7.907168675715771, 41.20956611613898], [-7.907047385768362, 41.21274624025051], [-7.905275492404768, 41.21425551617562], [-7.9045930384316545, 41.21545722527909], [-7.904746584211967, 41.216672497281166], [-7.90442476321904, 41.216985206913684], [-7.9048683800337916, 41.21794726294117], [-7.901692985515086, 41.21925120728901], [-7.90133157016328, 41.218845493920185], [-7.900115144984213, 41.21933141616527], [-7.898933123654925, 41.21900741711322], [-7.89722882679432, 41.219158798912424], [-7.8981383600467705, 41.21988984396727], [-7.896815777792771, 41.221901309447595], [-7.895721597361435, 41.22153800011997], [-7.896346866897179, 41.22123481490685], [-7.896327240601366, 41.220919481624016], [-7.894806502698684, 41.22155993989332], [-7.893126442485578, 41.22167524077847], [-7.889540682290047, 41.22092573009019], [-7.889198767286526, 41.22061260474476], [-7.888881153618654, 41.22072870356776], [-7.88908836156377, 41.221541019878885], [-7.887749918756542, 41.22229074973838], [-7.887727240800728, 41.22176620770486], [-7.887258284258466, 41.221499516458074], [-7.887124771042054, 41.22192721633405], [-7.8874355253667225, 41.22221621285937], [-7.887204907799889, 41.22278597222358], [-7.885045434352927, 41.2249598545224], [-7.8863782, 41.2229991], [-7.8882836, 41.2177999], [-7.8917695, 41.2136991], [-7.8920816, 41.2106631]]], [[[-7.89381012283867, 41.20943672845308], [-7.893547372192842, 41.20981052262228], [-7.893054805488683, 41.2099726193804], [-7.89381012283867, 41.20943672845308]]], [[[-7.884433262853959, 41.22587491009803], [-7.885027235906177, 41.22847392924675], [-7.88472697561324, 41.22956702920208], [-7.885054103157168, 41.23068740734005], [-7.884619383885818, 41.231254132077375], [-7.883461315231571, 41.231246289478136], [-7.883717081065784, 41.23185502392335], [-7.882503165486867, 41.231963728826216], [-7.882089251151652, 41.23253568369956], [-7.882296632523123, 41.233318901043944], [-7.883798087269923, 41.233787580933424], [-7.885219654609068, 41.23281990986561], [-7.886400241301808, 41.23300246387725], [-7.886816741918043, 41.233324378923314], [-7.8869647371367595, 41.23452697180651], [-7.888153429837678, 41.234422292040854], [-7.889731909872161, 41.236161713690635], [-7.891895301354008, 41.23788744426627], [-7.891519833427883, 41.238590251136294], [-7.888109945613121, 41.23995983219097], [-7.8852110041573304, 41.23951519900088], [-7.88318053193642, 41.23794935029787], [-7.884318552882771, 41.23809325803767], [-7.8845220960715565, 41.23788077140501], [-7.884302524394289, 41.237522957136974], [-7.885416276877957, 41.23766487378379], [-7.885674288435249, 41.237450376344576], [-7.882576985471958, 41.236897829575234], [-7.882178383058173, 41.23620280932949], [-7.881289632104849, 41.23648017028283], [-7.88107516585482, 41.23609676185915], [-7.880348312137572, 41.23613736078033], [-7.880545844579389, 41.23566262710793], [-7.8803315339484135, 41.234655742215715], [-7.879086008247743, 41.23240716739305], [-7.878770980363981, 41.232425697627725], [-7.881776, 41.230638], [-7.883576, 41.2283012], [-7.884433262853959, 41.22587491009803]]], [[[-7.8848588801751065, 41.22524188841976], [-7.884846290000069, 41.22525283415565], [-7.884915090944602, 41.22515161473764], [-7.8848588801751065, 41.22524188841976]]]]}, "properties": {"ano": 2024, "ha": 1083}}, {"type": "Feature", "geometry": {"type": "Polygon", "coordinates": [[[-8.003878534927198, 41.13991187892515], [-8.005671853938862, 41.14063508875358], [-8.006445094154993, 41.14162159684826], [-8.00417971304697, 41.14139821273834], [-8.00395464813189, 41.140625663047096], [-8.003074954162894, 41.14022950938444], [-8.003878534927198, 41.13991187892515]]]}, "properties": {"ano": 2024, "ha": 3}}, {"type": "Feature", "geometry": {"type": "Polygon", "coordinates": [[[-8.058146981188012, 41.0989778903033], [-8.058475455383396, 41.09890683578056], [-8.058483493800294, 41.09893942009511], [-8.058213955764677, 41.099258929441724], [-8.058146981188012, 41.0989778903033]]]}, "properties": {"ano": 2024, "ha": 0}}, {"type": "Feature", "geometry": {"type": "Polygon", "coordinates": [[[-7.986822369905524, 41.122910729437685], [-7.986598362546021, 41.124127491851894], [-7.986239027533682, 41.12387348287318], [-7.985684162274305, 41.1230918354677], [-7.986822369905524, 41.122910729437685]]]}, "properties": {"ano": 2024, "ha": 1}}, {"type": "Feature", "geometry": {"type": "MultiPolygon", "coordinates": [[[[-7.911111423170118, 41.1681507810817], [-7.910514497255852, 41.16633807610447], [-7.909951303024194, 41.166170102141976], [-7.90991403479082, 41.16502069452762], [-7.908648726933301, 41.16442799045746], [-7.908165800650438, 41.16460636497486], [-7.9073326701241475, 41.16393769672913], [-7.906843576851188, 41.16407372589211], [-7.907125914771498, 41.16447927054951], [-7.90684987158925, 41.164538289846455], [-7.905938030616663, 41.163690868715776], [-7.907050596914529, 41.163454728985066], [-7.9078058993017235, 41.16383141370705], [-7.908209086472034, 41.16346293872531], [-7.906565493312569, 41.16242343098697], [-7.90672863443894, 41.16311462110535], [-7.905603199091562, 41.162791423148875], [-7.905355375716343, 41.161390708530575], [-7.9050960688664675, 41.161169834200734], [-7.904897141150701, 41.161821406379154], [-7.90443939770857, 41.1619130140022], [-7.903983021097075, 41.16103571328775], [-7.903111050208599, 41.16089790231292], [-7.902687126748057, 41.16042655312093], [-7.902757687136218, 41.15996512009105], [-7.902105930886032, 41.15985959644023], [-7.902053796143022, 41.159473373446104], [-7.902826736490161, 41.15932307238425], [-7.904013505585531, 41.15972640008613], [-7.904332167729549, 41.15930119037024], [-7.905568288280036, 41.159056458756844], [-7.9067922245931435, 41.15833820372794], [-7.908418989009134, 41.15966355422725], [-7.908888480148072, 41.159190929811516], [-7.911145940789686, 41.16046385735263], [-7.911649945203437, 41.16057202543122], [-7.91201414417668, 41.16006647836482], [-7.913596776285024, 41.160474189777915], [-7.913543934590912, 41.161275479309445], [-7.914507152662395, 41.16128461476614], [-7.915654688508178, 41.1622740722481], [-7.915982252669203, 41.16272137006478], [-7.9158937034301315, 41.163316629785704], [-7.914636162670546, 41.16224833557744], [-7.913659367069155, 41.16211546425095], [-7.914484580611174, 41.16280789391231], [-7.9143731280612375, 41.163147164232534], [-7.912908035977072, 41.162912115805334], [-7.912458127185033, 41.163119713240384], [-7.9124086613659, 41.163774755762105], [-7.913689001876053, 41.16387973907556], [-7.912531995124628, 41.164013221519674], [-7.913330293970713, 41.16628984508644], [-7.912856264150022, 41.16663438132986], [-7.912478352735331, 41.166514547432], [-7.912428228767642, 41.16700985448327], [-7.911540846403903, 41.16639959991561], [-7.910955344671579, 41.166490793927736], [-7.911629355763791, 41.167590736061165], [-7.9114934076590355, 41.168166155950736], [-7.911111423170118, 41.1681507810817]]], [[[-7.90191480252395, 41.160430970976556], [-7.901213027212347, 41.160542729081776], [-7.901072134745301, 41.16026848095999], [-7.901624632667782, 41.16002539845267], [-7.90191480252395, 41.160430970976556]]], [[[-7.905788362686721, 41.16612044798381], [-7.9048885982573935, 41.16649389327688], [-7.90443197087979, 41.166350054146655], [-7.905631534521365, 41.16588786625138], [-7.905788362686721, 41.16612044798381]]], [[[-7.908574551076536, 41.16666785594154], [-7.908410909739248, 41.166116629937676], [-7.9078211455347125, 41.16572240493976], [-7.907848910054971, 41.165446434878476], [-7.908915320597028, 41.1666982944468], [-7.908574551076536, 41.16666785594154]]]]}, "properties": {"ano": 2024, "ha": 49}}, {"type": "Feature", "geometry": {"type": "Polygon", "coordinates": [[[-7.90163946007206, 41.18278575711465], [-7.901397727997503, 41.18254907642307], [-7.90179672094866, 41.18213551760376], [-7.90163946007206, 41.18278575711465]]]}, "properties": {"ano": 2024, "ha": 0}}, {"type": "Feature", "geometry": {"type": "Polygon", "coordinates": [[[-8.098877480485083, 41.13337133091855], [-8.09979839926017, 41.13350840692701], [-8.099412291833163, 41.13376402304339], [-8.097993859881454, 41.133735924325734], [-8.098877480485083, 41.13337133091855]]]}, "properties": {"ano": 2024, "ha": 1}}, {"type": "Feature", "geometry": {"type": "Polygon", "coordinates": [[[-8.045114126633761, 41.1266284588773], [-8.04580527877476, 41.12584687825809], [-8.04621212030479, 41.126163688196606], [-8.046761513314566, 41.12705087613598], [-8.045114126633761, 41.1266284588773]]]}, "properties": {"ano": 2024, "ha": 1}}, {"type": "Feature", "geometry": {"type": "Polygon", "coordinates": [[[-8.070841805291618, 41.133243774224766], [-8.071749103236534, 41.133162582790945], [-8.071811985228825, 41.134096277957056], [-8.071183164639207, 41.13335879527021], [-8.070841805291618, 41.133243774224766]]]}, "properties": {"ano": 2024, "ha": 0}}, {"type": "Feature", "geometry": {"type": "Polygon", "coordinates": [[[-8.05841645432259, 41.14502362266244], [-8.058616613963991, 41.14480990028998], [-8.05800213259902, 41.14449870335057], [-8.058130834336271, 41.14409959744642], [-8.059073102065552, 41.14474176197348], [-8.058936908041721, 41.145098094028626], [-8.05841645432259, 41.14502362266244]]]}, "properties": {"ano": 2024, "ha": 1}}, {"type": "Feature", "geometry": {"type": "Polygon", "coordinates": [[[-8.106454664748398, 41.130554809193846], [-8.108987512912284, 41.130297730762074], [-8.109143592536322, 41.130615408153034], [-8.107947514545373, 41.13157623469085], [-8.107215130091031, 41.13123399232268], [-8.107177598051935, 41.13079823968806], [-8.106454664748398, 41.130554809193846]]]}, "properties": {"ano": 2024, "ha": 2}}, {"type": "Feature", "geometry": {"type": "Polygon", "coordinates": [[[-8.096898746228588, 41.13334616549917], [-8.096737051354, 41.133537516252275], [-8.09591545175248, 41.13386508076865], [-8.096346675972928, 41.13329915863171], [-8.096898746228588, 41.13334616549917]]]}, "properties": {"ano": 2024, "ha": 0}}, {"type": "Feature", "geometry": {"type": "Polygon", "coordinates": [[[-7.911495140399664, 41.155014975766406], [-7.9127761588395975, 41.156047767790376], [-7.912687102142144, 41.15676229498582], [-7.91184897689722, 41.15760642096057], [-7.911855665872741, 41.15796378160715], [-7.912950403415913, 41.15815644962816], [-7.913578705819056, 41.15880086573743], [-7.911649945203437, 41.16057202543122], [-7.908888480148072, 41.159190929811516], [-7.90923335354361, 41.157410814613314], [-7.910428378401336, 41.155894389059874], [-7.910651538510042, 41.15514438778038], [-7.911495140399664, 41.155014975766406]]]}, "properties": {"ano": 2024, "ha": 14}}, {"type": "Feature", "geometry": {"type": "Polygon", "coordinates": [[[-7.959109904852833, 41.17171483524361], [-7.957457374975075, 41.17160967820236], [-7.95737125494628, 41.17135862860704], [-7.959109904852833, 41.17171483524361]]]}, "properties": {"ano": 2024, "ha": 0}}, {"type": "Feature", "geometry": {"type": "Polygon", "coordinates": [[[-8.045423772095656, 41.10083006920533], [-8.048647470260578, 41.10021372756369], [-8.049230296732523, 41.10134329937208], [-8.049168038630254, 41.102871593385025], [-8.047009307022416, 41.101914788763565], [-8.046293867684408, 41.10234613802692], [-8.045769566472858, 41.10158309610955], [-8.045842817760581, 41.10121222034997], [-8.045291433742989, 41.10113506618025], [-8.045423772095656, 41.10083006920533]]]}, "properties": {"ano": 2024, "ha": 6}}, {"type": "Feature", "geometry": {"type": "Polygon", "coordinates": [[[-7.893922893022529, 41.184479068817495], [-7.894041265071206, 41.18040451072878], [-7.894839047867529, 41.18037612179066], [-7.8955898402954485, 41.17984760485791], [-7.8982442291377755, 41.18046646450891], [-7.8984105771042215, 41.18024048394229], [-7.8977058278000385, 41.1789109220803], [-7.89860270162289, 41.17851691610316], [-7.8987533221251125, 41.17917509994453], [-7.8996691266139765, 41.17954187067657], [-7.89983566289924, 41.18073769223815], [-7.899329023974168, 41.18109180346292], [-7.899982999284586, 41.18168997637099], [-7.900364174571479, 41.1828828246334], [-7.899406557704157, 41.18317198589697], [-7.898789925860667, 41.184422183785706], [-7.897628881704266, 41.184225173603814], [-7.896752014920521, 41.18471653867889], [-7.894025622009934, 41.18514498884043], [-7.893506123031661, 41.184917596122446], [-7.893922893022529, 41.184479068817495]]]}, "properties": {"ano": 2024, "ha": 26}}, {"type": "Feature", "geometry": {"type": "Polygon", "coordinates": [[[-8.00783230563259, 41.13727075808871], [-8.007852284959926, 41.13695412324876], [-8.008375057831719, 41.137173306930414], [-8.008315119800994, 41.13734002274284], [-8.00783230563259, 41.13727075808871]]]}, "properties": {"ano": 2024, "ha": 0}}, {"type": "Feature", "geometry": {"type": "Polygon", "coordinates": [[[-8.058631888886943, 41.098630014125526], [-8.058146981188012, 41.0989778903033], [-8.057269904182233, 41.09860061933705], [-8.057725398636428, 41.098083722486734], [-8.058631888886943, 41.098630014125526]]]}, "properties": {"ano": 2024, "ha": 1}}, {"type": "Feature", "geometry": {"type": "Polygon", "coordinates": [[[-7.982791346368636, 41.12505479612769], [-7.981554696524646, 41.1249704855321], [-7.981789294147695, 41.12462007562791], [-7.982791346368636, 41.12505479612769]]]}, "properties": {"ano": 2024, "ha": 0}}, {"type": "Feature", "geometry": {"type": "Polygon", "coordinates": [[[-8.097993886920067, 41.13368298371183], [-8.097958149216396, 41.13401130929415], [-8.097540777822665, 41.13387679284019], [-8.097993886920067, 41.13368298371183]]]}, "properties": {"ano": 2024, "ha": 0}}, {"type": "Feature", "geometry": {"type": "Polygon", "coordinates": [[[-8.077718455842401, 41.148349626689814], [-8.077895298064549, 41.148888617858375], [-8.076888009111507, 41.14900788740053], [-8.076609061844227, 41.14877679161874], [-8.076708209656296, 41.14752794572034], [-8.077718455842401, 41.148349626689814]]]}, "properties": {"ano": 2024, "ha": 1}}, {"type": "Feature", "geometry": {"type": "Polygon", "coordinates": [[[-8.103407685420821, 41.13741674551802], [-8.10345927233319, 41.13705840628116], [-8.10395564440006, 41.137028107024264], [-8.103984494606612, 41.1375132427821], [-8.103407685420821, 41.13741674551802]]]}, "properties": {"ano": 2024, "ha": 0}}, {"type": "Feature", "geometry": {"type": "Polygon", "coordinates": [[[-7.987417438754566, 41.12346031663839], [-7.9869013025595885, 41.124360616189044], [-7.986823129769071, 41.12433009096305], [-7.986960655695062, 41.12279712304854], [-7.987295997908453, 41.122780644826044], [-7.987417438754566, 41.12346031663839]]]}, "properties": {"ano": 2024, "ha": 1}}, {"type": "Feature", "geometry": {"type": "Polygon", "coordinates": [[[-7.99416018787201, 41.13299368562651], [-7.99451994575663, 41.13320145753363], [-7.993898537512878, 41.13319087907764], [-7.99416018787201, 41.13299368562651]]]}, "properties": {"ano": 2024, "ha": 0}}, {"type": "Feature", "geometry": {"type": "MultiPolygon", "coordinates": [[[[-7.948442562949981, 41.196631707409246], [-7.947706932906437, 41.196118859455], [-7.94813512003732, 41.195428893910666], [-7.947662222846637, 41.195189689038465], [-7.947649350233386, 41.1941533660349], [-7.946738738543519, 41.192722522333966], [-7.94588885495758, 41.19213748970374], [-7.945702320507776, 41.19118426631073], [-7.944644807154757, 41.1893235380292], [-7.9436589868451115, 41.18887010935668], [-7.943920229602577, 41.18845907586143], [-7.942414755327912, 41.18690030634857], [-7.942807080206896, 41.1860459196409], [-7.943441782403116, 41.18581341479225], [-7.94190593364091, 41.184364672284765], [-7.941765851249476, 41.18373312912993], [-7.942443556151838, 41.183829536948735], [-7.943218085960787, 41.1833201100896], [-7.944047849988336, 41.18343566999167], [-7.944557119483722, 41.183154342069955], [-7.944797568094387, 41.182165763259746], [-7.9461849938175275, 41.182179917145525], [-7.947483464466347, 41.18113148206268], [-7.949578017225085, 41.182070753902046], [-7.950095630553465, 41.18199556286501], [-7.950345219747237, 41.18171399083773], [-7.94958648532374, 41.18034035730187], [-7.9498570846188485, 41.17919883876113], [-7.948748841547717, 41.1787058415327], [-7.948702868917679, 41.17822930637438], [-7.950075250488915, 41.17738951479386], [-7.954137325326226, 41.17585349312937], [-7.955776535960164, 41.17463442206391], [-7.955965799450429, 41.17421449348491], [-7.955620537373045, 41.17363029953091], [-7.956790148058757, 41.17248856665089], [-7.957925677254401, 41.17229969771329], [-7.958081121485485, 41.17313374220514], [-7.958601096045865, 41.17322981619725], [-7.958629684551698, 41.17434954778616], [-7.958121102980454, 41.17590920045792], [-7.958419354484086, 41.17639802413862], [-7.961130629988148, 41.17653309155575], [-7.961681090891997, 41.17704610226856], [-7.965580637000191, 41.174288526894294], [-7.966451667534691, 41.17328897408765], [-7.968673776752022, 41.172941730774994], [-7.96861405070145, 41.172220006350784], [-7.969809074130153, 41.172217075852046], [-7.970333135880543, 41.171900811010275], [-7.970130304110827, 41.171042891119704], [-7.968272643104824, 41.17003970168253], [-7.967474631122485, 41.16765624837624], [-7.96900523955079, 41.16701518963006], [-7.969917736500564, 41.1677311690741], [-7.969789612913406, 41.168552889015146], [-7.970034693271189, 41.16876976335253], [-7.971548467691828, 41.16831165636326], [-7.972867133443679, 41.16703247846162], [-7.971767396067935, 41.16551818657111], [-7.970978192461419, 41.165957819880184], [-7.970537739791024, 41.16558794602714], [-7.970048631147055, 41.165777847492315], [-7.968899164273096, 41.16528785615843], [-7.96874563081508, 41.16363192568343], [-7.968242748948367, 41.1630237223681], [-7.9687641310396655, 41.16252417172154], [-7.969173881119605, 41.16254857218192], [-7.97048150512496, 41.16280055022595], [-7.971551373766594, 41.163617093067586], [-7.972244357748214, 41.16367094473117], [-7.974226167304099, 41.161972625614084], [-7.974165077078672, 41.161673956178554], [-7.975907465439588, 41.16117610092901], [-7.977073791980718, 41.161189579734355], [-7.977690134523752, 41.160487615792064], [-7.979835163308627, 41.15984722608225], [-7.979283712015865, 41.15826956616214], [-7.978310175286589, 41.15818949523757], [-7.977458283577599, 41.158533799521265], [-7.975758283544754, 41.15674296344018], [-7.976457126553211, 41.15532823006804], [-7.977640362223132, 41.154805700273016], [-7.978813518536868, 41.15514066873459], [-7.980145786440854, 41.154992446858905], [-7.980493199664968, 41.15469034939919], [-7.982053143825399, 41.154892114824435], [-7.982164568210386, 41.15433517373435], [-7.9824967754094, 41.15440737715736], [-7.983251987004084, 41.1531085035953], [-7.984231593819289, 41.153230044583], [-7.986014565888533, 41.1522674613736], [-7.985339896310603, 41.15092059224321], [-7.985501763973049, 41.14899110804044], [-7.987912419676224, 41.14918471653026], [-7.989207178678096, 41.14800706390239], [-7.991177207378088, 41.14790226830868], [-7.991809133316941, 41.14715259859475], [-7.992562890112058, 41.148404231915386], [-7.993997409258474, 41.148167712276745], [-7.993597171584292, 41.14729414265769], [-7.993783345645026, 41.14558234830188], [-7.99425626812481, 41.14493995620644], [-7.995295141415992, 41.14548912174917], [-7.9959886563743625, 41.14540655324626], [-7.996518759557496, 41.146617294698494], [-7.997450481316391, 41.14730887484584], [-7.9981751070261256, 41.14732687389292], [-8.001835790866826, 41.149159883822215], [-8.00269364350705, 41.14886494664998], [-8.003340310551645, 41.14842707083623], [-8.003405777256582, 41.147880720630845], [-8.003862932527925, 41.14779784379542], [-8.004870241073107, 41.1477750871889], [-8.005050218145609, 41.148146493826644], [-8.006340821183397, 41.14876456784637], [-8.006935721559232, 41.1478488395518], [-8.008490354064858, 41.148401759645076], [-8.010030612939605, 41.14727732068494], [-8.012367303025432, 41.14638540783663], [-8.01262736901679, 41.14586330583585], [-8.012346532742876, 41.14470985089801], [-8.012911019829742, 41.1437684101165], [-8.016131263285788, 41.14305796367726], [-8.016919104031787, 41.143070658519825], [-8.01871281573255, 41.14459711697045], [-8.019019857030395, 41.14643181781826], [-8.019654102306092, 41.1470518409212], [-8.020142384159564, 41.147183340251175], [-8.020458553676125, 41.14658805992241], [-8.021576441195908, 41.14714897754289], [-8.021763276716486, 41.14850708780266], [-8.020832502256185, 41.149113697746465], [-8.020878268894505, 41.149847958348424], [-8.021681205974094, 41.15047244006847], [-8.021631841481002, 41.15172312010755], [-8.020857773396612, 41.152830169193564], [-8.017213263580498, 41.15516131428335], [-8.017462599114562, 41.15679346087013], [-8.016750802201459, 41.15826980378422], [-8.01711270042034, 41.15861560220152], [-8.016638356120596, 41.15948468322112], [-8.0182599712602, 41.160522598828784], [-8.017013785292411, 41.16111695427812], [-8.017091619507628, 41.161676880043046], [-8.016602800449775, 41.16179551101083], [-8.017043091495369, 41.16239153215098], [-8.019722117268728, 41.16268003453561], [-8.020136489799983, 41.163064699917975], [-8.019886244155527, 41.163747936871246], [-8.018142151704899, 41.16487024085494], [-8.017574333952165, 41.16508409299546], [-8.01632185177849, 41.164866548441296], [-8.016201125163287, 41.16522661806338], [-8.017068486986089, 41.16591740843703], [-8.017825342137407, 41.165775215888935], [-8.017524409094124, 41.16660873453588], [-8.019243086542616, 41.166300713938746], [-8.020059891221573, 41.167992958138974], [-8.021164868619895, 41.1670649114156], [-8.021210821187978, 41.16786303507374], [-8.020746605939257, 41.16809940890934], [-8.02179304747699, 41.16847108262921], [-8.021240316312056, 41.16907805029612], [-8.020303786855191, 41.16847290955204], [-8.019548534551571, 41.1684579621332], [-8.018713762304497, 41.169033539973725], [-8.01808232793687, 41.169075825054136], [-8.016960776584288, 41.16852057253106], [-8.013863223019886, 41.1689635693807], [-8.013263936868919, 41.16911780903064], [-8.012176097898466, 41.170189170500606], [-8.010723337273925, 41.170580311963164], [-8.010202079356844, 41.17115152421455], [-8.009776496973284, 41.17112725366428], [-8.009541161793225, 41.17051951203756], [-8.009240307409183, 41.17047964711965], [-8.00946801505972, 41.17139059684905], [-8.009026441751784, 41.17306465167666], [-8.010292938394523, 41.17317659704166], [-8.0121869763554, 41.1719040245062], [-8.012659492074961, 41.17213083256577], [-8.01300450515004, 41.173131763901274], [-8.013886843084826, 41.17339472189357], [-8.015334656028779, 41.17482558244898], [-8.011341228232167, 41.17752543555924], [-8.011150910605625, 41.17814464192715], [-8.010503864654256, 41.17850131436167], [-8.009870487718201, 41.17998960075423], [-8.009113029727008, 41.18035805981625], [-8.008970160432542, 41.18088201940766], [-8.010999108954293, 41.183564268396516], [-8.010586086048802, 41.18524337222562], [-8.011401495697699, 41.18770992419521], [-8.010737171929094, 41.18884083143069], [-8.00976033430604, 41.18841098845496], [-8.00957173375248, 41.18807726383888], [-8.009904355807898, 41.18726762763485], [-8.008834737707806, 41.185872838887626], [-8.006456357134901, 41.18454809813474], [-8.006505602877098, 41.18352375323621], [-8.00590720914198, 41.18313002092869], [-8.004850603777397, 41.183247982058255], [-8.001076047787285, 41.18456712144058], [-8.000867043068325, 41.185451732093455], [-8.000324478972209, 41.18607632339495], [-8.001073397039411, 41.18731500828301], [-8.000521390039504, 41.18760569331224], [-7.9984110654566525, 41.186540247242014], [-7.996172085482601, 41.18652573115551], [-7.994946726422287, 41.18557626466175], [-7.993224864012064, 41.18589092207851], [-7.9921032823941145, 41.18687823364624], [-7.990950333101913, 41.186842639478954], [-7.990158049501315, 41.186454944983296], [-7.988081629469134, 41.187278293693126], [-7.9861418980103425, 41.18740689119823], [-7.985778578574991, 41.18770422207557], [-7.985935468285396, 41.18806176788852], [-7.986787097288839, 41.1879913702498], [-7.986864812437752, 41.18850366624348], [-7.987722731170194, 41.18898246394502], [-7.988654935490734, 41.18902710534403], [-7.988851414370039, 41.18858952297358], [-7.98953008718991, 41.188292571502046], [-7.9908066135229445, 41.188615749260904], [-7.990803432562138, 41.190104693193014], [-7.989288807997804, 41.190495915789604], [-7.988628128754364, 41.189756581332325], [-7.986751739244059, 41.18973041642876], [-7.985664642142546, 41.18931214087351], [-7.984481061265512, 41.18973945371633], [-7.983436172291882, 41.18836275679614], [-7.982608602640179, 41.18801272790801], [-7.982165551945401, 41.18832177213127], [-7.982117987985007, 41.18877157721703], [-7.980979062102027, 41.18838005206168], [-7.979642714164397, 41.18861848783608], [-7.979678808007015, 41.18889477363115], [-7.979214004387536, 41.188800078904514], [-7.979121344645161, 41.189065443377196], [-7.979828967331693, 41.18991209869524], [-7.981167817377733, 41.190557077481785], [-7.980487061503806, 41.1917354324054], [-7.978106967938242, 41.192185667760214], [-7.977499234293125, 41.19210360127919], [-7.977129782912729, 41.191392200605755], [-7.975721659542911, 41.19149131175516], [-7.975459628237345, 41.19210863964945], [-7.976205332960575, 41.192814510580014], [-7.976119225395604, 41.193156941314236], [-7.974920862069977, 41.193603874705815], [-7.9739675598812285, 41.193155184963636], [-7.971668246594338, 41.19356419579523], [-7.9722112941125065, 41.19403400283821], [-7.971578102046492, 41.194171349129434], [-7.971076752372154, 41.194721204494265], [-7.9719933567401196, 41.19550730018047], [-7.971326339183325, 41.19554710339972], [-7.970769353710526, 41.195008266212874], [-7.969399964325169, 41.19624918209249], [-7.968504023226216, 41.19640185557716], [-7.9658338, 41.1951543], [-7.9651607, 41.1955883], [-7.9651801, 41.1959382], [-7.963987, 41.1972043], [-7.9630297, 41.1972702], [-7.9611077, 41.1969525], [-7.9609129, 41.1964201], [-7.9566443, 41.1947882], [-7.948442562949981, 41.196631707409246]], [[-7.958107931980757, 41.19287124298303], [-7.959657075980018, 41.191432268922014], [-7.959295141713032, 41.19114585109203], [-7.957341646657464, 41.19045204259681], [-7.955732775125031, 41.19062827058561], [-7.955383759632633, 41.19141389883589], [-7.958107931980757, 41.19287124298303]], [[-7.947291509796966, 41.1867914633763], [-7.945773673074182, 41.18825414318768], [-7.9459282608774195, 41.189350254309595], [-7.946905594672871, 41.18945903061109], [-7.94675226298624, 41.18791028395845], [-7.9473375116169365, 41.18725608749742], [-7.947291509796966, 41.1867914633763]], [[-8.000798453236976, 41.183279198768474], [-8.000988506236457, 41.182850595784195], [-8.002091639436903, 41.18312580502949], [-8.002360165986937, 41.18287596314607], [-8.002423816946475, 41.18257824364829], [-8.001178578271206, 41.18241008152554], [-8.001147492588679, 41.182183726159764], [-8.002804335446687, 41.18149471253878], [-8.00277326820551, 41.181256445742164], [-8.00207989863951, 41.181076996551504], [-8.00108567710347, 41.18155234161041], [-8.000771909209309, 41.18076581995609], [-7.999872208538105, 41.18127699688447], [-7.998831580110486, 41.181299628305716], [-7.9977105464579825, 41.18209641086224], [-7.997898754745568, 41.18258500520577], [-7.999380058489947, 41.18296788139137], [-7.99955258701068, 41.183420720113936], [-8.000798453236976, 41.183279198768474]], [[-7.985496244230462, 41.17458403781247], [-7.987553425243978, 41.17399518385314], [-7.987783615342778, 41.1743490576783], [-7.988285229511402, 41.174321931740536], [-7.989791658452644, 41.17350385562893], [-7.991154802230245, 41.17347004489194], [-7.99134152352971, 41.173799624632004], [-7.990854289733767, 41.17397839524892], [-7.991787291385607, 41.1750085312504], [-7.991797281093106, 41.17603686718126], [-7.992724570525811, 41.17638486511035], [-7.992470819095713, 41.177099256426025], [-7.992737625462019, 41.17767133406659], [-7.993340529926149, 41.17825247976066], [-7.993782824166801, 41.17820867909604], [-7.994695832671758, 41.176262337033045], [-7.99400505103088, 41.17519570956337], [-7.9948838343381805, 41.1742857767755], [-7.99637160761014, 41.1738162833238], [-7.99746441987854, 41.17288768613922], [-7.997242592794493, 41.17188761633732], [-7.997438544992376, 41.17164745692799], [-7.996896781687014, 41.171308682966576], [-7.995178503998424, 41.17139682136846], [-7.994694939273133, 41.170487780173765], [-7.993997815107586, 41.17039088627816], [-7.993162953433419, 41.170648866606875], [-7.992955281348438, 41.17163240748574], [-7.991743116772626, 41.17196513028202], [-7.990557301673653, 41.171626799388264], [-7.988640984816135, 41.17206236237398], [-7.984997275166434, 41.17347614656093], [-7.984702410776227, 41.17402965127388], [-7.985496244230462, 41.17458403781247]], [[-8.000417321894673, 41.17672738228722], [-8.000749834574012, 41.1760011502566], [-8.000120584002334, 41.17532147439895], [-7.998054098344806, 41.17595041939024], [-7.998242098645794, 41.17653430564268], [-7.999187797347319, 41.17664259784705], [-7.999549492137187, 41.17709565325522], [-8.000417321894673, 41.17672738228722]]], [[[-7.9880934, 41.2179977], [-7.9853950216998415, 41.21874412848011], [-7.983724951973641, 41.218808167390534], [-7.983106452626827, 41.21833010547671], [-7.983294925188352, 41.217386570657126], [-7.983046675858449, 41.21687439939887], [-7.982040147251886, 41.21610846952885], [-7.981773155921582, 41.21452600238775], [-7.98066954332945, 41.21532052194467], [-7.980228211486381, 41.215165092756095], [-7.977218737846447, 41.213684069262065], [-7.975975674362594, 41.212372130337236], [-7.975962267070117, 41.21137154442452], [-7.9764432, 41.2102822], [-7.9784349, 41.2096496], [-7.9791298, 41.2085726], [-7.9809644, 41.2067787], [-7.9821022, 41.2062973], [-7.982103, 41.2059546], [-7.9779731, 41.2048232], [-7.9790492, 41.2038291], [-7.9766056, 41.2040309], [-7.9757536, 41.2029436], [-7.9749536, 41.2025996], [-7.9741805, 41.2010327], [-7.972227, 41.200507], [-7.972054702097626, 41.20023345536296], [-7.973180339162552, 41.200659287250886], [-7.97450434098115, 41.20007619149306], [-7.973909793039487, 41.19924205574606], [-7.973089241360709, 41.19919404207593], [-7.973400447938782, 41.19860479289627], [-7.97288771350411, 41.19804885183702], [-7.973330040216604, 41.197431464673784], [-7.975301039549304, 41.19755326981124], [-7.975061738961304, 41.19870836437581], [-7.976211893772068, 41.19917447164121], [-7.977221467012199, 41.20019210686283], [-7.9800574473656285, 41.200263542068456], [-7.982425409466018, 41.19924223790245], [-7.983857922075539, 41.19913151775205], [-7.984983075136012, 41.197982895354755], [-7.98624240483672, 41.19764207921938], [-7.987821415968365, 41.19668450931718], [-7.988200095270411, 41.196924138529496], [-7.987671873567417, 41.197365842471946], [-7.9877580481435375, 41.19772556858299], [-7.988597788092732, 41.197797394795785], [-7.988898128183893, 41.199070579739754], [-7.989461101139737, 41.19896395000846], [-7.988867793866775, 41.19731166645455], [-7.989446773625811, 41.19708795107943], [-7.990790003494497, 41.19772510965934], [-7.990496851172823, 41.19708953529103], [-7.991148486342579, 41.19673679730327], [-7.991194839287239, 41.19634824851787], [-7.991869027481624, 41.196499056014446], [-7.992194157306337, 41.19609790283497], [-7.9940903826737, 41.195899257807085], [-7.9950166436381025, 41.19661525518916], [-7.99634064903135, 41.196591211499324], [-7.9974462973508995, 41.19573486895218], [-7.999497523797077, 41.195165478677225], [-8.000112519378773, 41.195178092421536], [-8.001261730790146, 41.19617996815311], [-8.00178199885295, 41.1962520236079], [-8.00238240177154, 41.19566903009337], [-8.002493933068425, 41.19508548809788], [-8.003251296759817, 41.194871924495075], [-8.004753656481329, 41.19643825525615], [-8.005405378568186, 41.198197627664875], [-8.009300349585004, 41.198380494021364], [-8.009551465446624, 41.19903589561952], [-8.010040378245584, 41.19902450008734], [-8.013227264880365, 41.19834885099178], [-8.013417684633072, 41.19769390983361], [-8.013072727103088, 41.19658577943969], [-8.013736324605526, 41.19588367615543], [-8.014777916845532, 41.19544400547105], [-8.015644668035916, 41.19577840219746], [-8.01611888792778, 41.195135651794246], [-8.01749138765081, 41.194827314138614], [-8.020035091806317, 41.19501057088498], [-8.021936370245795, 41.19652860007937], [-8.022803136709953, 41.19833201813088], [-8.023945912847127, 41.19787267542585], [-8.025452849115963, 41.19838879182377], [-8.022036598165956, 41.19590025876761], [-8.02047155875774, 41.19522344398119], [-8.02038155919572, 41.19469217712239], [-8.021844517717797, 41.19440271311662], [-8.022202152466095, 41.195327310016324], [-8.022581984281839, 41.19529471662033], [-8.02510916678226, 41.19324875627686], [-8.025524930574978, 41.19254317161355], [-8.025424187823457, 41.1908263365193], [-8.025998869768625, 41.190046943007395], [-8.024722220304653, 41.189676509656756], [-8.024108164431698, 41.189116096320866], [-8.02240560670545, 41.18886435715654], [-8.022454150822355, 41.18811397236958], [-8.023921449436337, 41.1875793273277], [-8.024348187746366, 41.18696032074097], [-8.027017233361601, 41.18733576008829], [-8.027944751430919, 41.18679601353246], [-8.027432688016875, 41.185936012003815], [-8.028237059816085, 41.18569587746215], [-8.028726188944715, 41.18505516753909], [-8.029728160810153, 41.184904479526345], [-8.029461131052315, 41.184249105042454], [-8.03010390872702, 41.1839779287482], [-8.031133466275207, 41.184386501321086], [-8.03133128438215, 41.184859941939095], [-8.032723794250174, 41.18500237196293], [-8.032552446261654, 41.18360856689245], [-8.03157527446198, 41.18335758238392], [-8.031229472067777, 41.18265449764771], [-8.029668937464425, 41.18241489939783], [-8.028818892565727, 41.18154460001622], [-8.025674887767757, 41.180413766903534], [-8.026583661785802, 41.17927938373889], [-8.02867344941371, 41.17883874800874], [-8.030371913706444, 41.17638823646901], [-8.02925669055015, 41.17501977054013], [-8.02785236622505, 41.174551612526464], [-8.028118205677396, 41.17425942774477], [-8.028010975905401, 41.17378367998833], [-8.029217884002282, 41.17322186272987], [-8.029245740734604, 41.1706339255079], [-8.031879304004269, 41.16996917350524], [-8.032962196136948, 41.16912637390283], [-8.03259124208973, 41.168254507954295], [-8.032969685582529, 41.16817144901408], [-8.033128880566533, 41.167123360547535], [-8.03259368948913, 41.166622614537765], [-8.032688658314406, 41.166360639504724], [-8.034249071427915, 41.16643343271707], [-8.034926054570931, 41.166993846922146], [-8.036170777234057, 41.16737605264742], [-8.035902201897867, 41.16779273770283], [-8.036768800133695, 41.16805550737783], [-8.035729761078478, 41.16904334496608], [-8.035536738814633, 41.169793592179275], [-8.036529264586305, 41.170199407304054], [-8.037081386801864, 41.16992589213532], [-8.038640502091752, 41.17237228812801], [-8.04059388092782, 41.17196559596159], [-8.042352656793073, 41.17256924848153], [-8.043138967054544, 41.172440154794415], [-8.042439349265665, 41.17118086350914], [-8.043041626199132, 41.169326060866354], [-8.042695671299187, 41.16903972102579], [-8.042900246613156, 41.168393892626966], [-8.044115487653393, 41.167287034660625], [-8.0451527919172, 41.1681890870592], [-8.045855383173366, 41.16821931153148], [-8.045938877578324, 41.167892689868175], [-8.044841385171361, 41.16668008619911], [-8.04493649335105, 41.16627516123627], [-8.046293788377746, 41.164965886408076], [-8.048075963022892, 41.16416910301448], [-8.048532511074379, 41.165157060747916], [-8.048162536541328, 41.16547677338157], [-8.049444224839474, 41.16662388364852], [-8.049770501956669, 41.169169266055725], [-8.052105780005304, 41.16950055224302], [-8.053707759190356, 41.16909041023356], [-8.055115051816992, 41.16993919790269], [-8.054689014269263, 41.17029626588737], [-8.05571322733336, 41.17067811171307], [-8.055839066012014, 41.17091642653634], [-8.055077272767, 41.17152675657653], [-8.055349173141506, 41.17196433020852], [-8.057050797827118, 41.17277542609536], [-8.056214359354778, 41.173584878039414], [-8.054982231386642, 41.17572816550147], [-8.055188024546725, 41.17598782854046], [-8.056590155043926, 41.175836419307174], [-8.056668224779115, 41.17650352032865], [-8.055762175782029, 41.176830646166216], [-8.056035245165297, 41.17716276223854], [-8.05683888154973, 41.17732062491764], [-8.056909501528866, 41.17661955458211], [-8.057363024660713, 41.176669027422115], [-8.057648431158047, 41.177883995240656], [-8.059080166675448, 41.178388373448215], [-8.0592533, 41.1790378], [-8.0586825, 41.1811374], [-8.0569891, 41.1843651], [-8.0547247, 41.1864348], [-8.0493646, 41.1877114], [-8.0466195, 41.1890163], [-8.0412791, 41.1894414], [-8.0391006, 41.1902529], [-8.0347022, 41.1934735], [-8.0302494, 41.1990328], [-8.0264418, 41.2012295], [-8.0241771, 41.2014204], [-8.0197724, 41.2029486], [-8.0164074, 41.20442], [-8.0098927, 41.2066099], [-8.0049428, 41.2089822], [-8.0028426, 41.2077802], [-8.0015286, 41.2059297], [-8.0015113, 41.2062617], [-7.9990325, 41.206984], [-7.9976275, 41.2081048], [-7.9966991, 41.2095309], [-7.9956946, 41.2101932], [-7.9956271, 41.2120659], [-7.9931261, 41.2141251], [-7.9907151, 41.2150867], [-7.9906738, 41.2158467], [-7.9903729, 41.2160866], [-7.9889507, 41.2162852], [-7.9888728, 41.2171143], [-7.9880934, 41.2179977]], [[-7.985316960346663, 41.210966899941674], [-7.984396530167655, 41.211400520112], [-7.984076162488092, 41.21089243538932], [-7.982998094833058, 41.211216580294455], [-7.982730907000422, 41.210606241645884], [-7.983464436546004, 41.20998400760617], [-7.982859812523968, 41.20940334325379], [-7.982229454009997, 41.209152385873594], [-7.980777319151011, 41.20959122046043], [-7.981767344259664, 41.211212479775995], [-7.9828705276152725, 41.21164272433508], [-7.982033357470748, 41.212153836901656], [-7.9817930150087895, 41.21304437331039], [-7.984832252992101, 41.21240203230198], [-7.985559672811846, 41.212703279763666], [-7.98597989568994, 41.21076524387009], [-7.986565734615903, 41.21051066395941], [-7.985940506308441, 41.21012383242516], [-7.985377953175224, 41.21029505380705], [-7.985136798365268, 41.210582349704744], [-7.985316960346663, 41.210966899941674]], [[-8.029022049037415, 41.19259604502149], [-8.028275146073774, 41.19292150177364], [-8.027075821183796, 41.19259385727384], [-8.026531294206942, 41.1951146705577], [-8.026816306762901, 41.19530011695515], [-8.027548440708653, 41.194951665521835], [-8.029635809457536, 41.19308169292548], [-8.029022049037415, 41.19259604502149]]], [[[-8.027539079153657, 41.170281082083356], [-8.024394851968658, 41.17104163217465], [-8.024092295122164, 41.16981925919637], [-8.02273719412217, 41.169472553036705], [-8.02250186400249, 41.168793368207595], [-8.023069815024217, 41.16850802346667], [-8.023228483997498, 41.16787685515375], [-8.024190520966258, 41.167579961014766], [-8.024441994740817, 41.168033484848564], [-8.026996295753703, 41.16943734322455], [-8.027539079153657, 41.170281082083356]]], [[[-8.023008355227665, 41.17712007752618], [-8.022867212799644, 41.176667302538334], [-8.021795254461717, 41.17661864391137], [-8.021543884033365, 41.1760942931007], [-8.020409498605174, 41.175676300483175], [-8.019262871638054, 41.17319757279105], [-8.020759891101184, 41.173556366401606], [-8.02088502733744, 41.17414015646994], [-8.023121590876976, 41.1753691740875], [-8.023466838548181, 41.17633433910699], [-8.023355467125617, 41.17695364002937], [-8.023008355227665, 41.17712007752618]]]]}, "properties": {"ano": 2024, "ha": 5961}}, {"type": "Feature", "geometry": {"type": "Polygon", "coordinates": [[[-8.026532055139985, 41.113003922396906], [-8.026063866543426, 41.114010209019305], [-8.024646567412404, 41.114463343712494], [-8.024074979070551, 41.11356177072151], [-8.022628808194296, 41.11261373745079], [-8.023202526307442, 41.112220796782886], [-8.023007728256033, 41.111473550516195], [-8.026301625192858, 41.11263824061992], [-8.026532055139985, 41.113003922396906]]]}, "properties": {"ano": 2024, "ha": 6}}, {"type": "Feature", "geometry": {"type": "Polygon", "coordinates": [[[-7.942638524094722, 41.18113920337389], [-7.942216471582185, 41.182698095722074], [-7.9415401713102955, 41.18267920907751], [-7.940648351168463, 41.1819401513381], [-7.938750399418205, 41.18135936347196], [-7.937859648312299, 41.1802737112288], [-7.938465220498736, 41.1803369346221], [-7.93964465327126, 41.181254218869086], [-7.940655831525442, 41.18138919792417], [-7.940821702207935, 41.18097625026739], [-7.940135583395337, 41.1802952908649], [-7.940259603686846, 41.18011776719529], [-7.941399931913464, 41.18032848976669], [-7.942638524094722, 41.18113920337389]]]}, "properties": {"ano": 2024, "ha": 5}}, {"type": "Feature", "geometry": {"type": "Polygon", "coordinates": [[[-8.005638573731016, 41.13591566011232], [-8.00439529287633, 41.135900589199736], [-8.004390158922469, 41.13543971923704], [-8.005278034511202, 41.1355674693939], [-8.005638573731016, 41.13591566011232]]]}, "properties": {"ano": 2025, "ha": 1}}, {"type": "Feature", "geometry": {"type": "Polygon", "coordinates": [[[-8.026145703967856, 41.15820472549334], [-8.025327289241439, 41.157660575837575], [-8.02633845837513, 41.15662845047577], [-8.026572708335838, 41.15652441275576], [-8.027265636578035, 41.15711898636419], [-8.02712067219688, 41.15758641847553], [-8.026145703967856, 41.15820472549334]]]}, "properties": {"ano": 2025, "ha": 2}}, {"type": "Feature", "geometry": {"type": "Polygon", "coordinates": [[[-8.061829504240805, 41.109536692289296], [-8.062336785283392, 41.10897287355825], [-8.062392170926902, 41.10896845125639], [-8.062508377318508, 41.109383822797334], [-8.061829504240805, 41.109536692289296]]]}, "properties": {"ano": 2025, "ha": 0}}, {"type": "Feature", "geometry": {"type": "Polygon", "coordinates": [[[-8.001739974847126, 41.10862739397682], [-8.00046751986523, 41.10814179136351], [-8.00084564843671, 41.107843525500684], [-8.002140917292104, 41.10837374629973], [-8.001739974847126, 41.10862739397682]]]}, "properties": {"ano": 2025, "ha": 1}}, {"type": "Feature", "geometry": {"type": "Polygon", "coordinates": [[[-8.091676830567803, 41.12543874267057], [-8.09151640252368, 41.12565791953534], [-8.091111138859127, 41.12538328390564], [-8.091394007733433, 41.1253744740807], [-8.091676830567803, 41.12543874267057]]]}, "properties": {"ano": 2025, "ha": 0}}, {"type": "Feature", "geometry": {"type": "Polygon", "coordinates": [[[-7.980826435647134, 41.14711636544156], [-7.980102286182874, 41.14653170006865], [-7.980411137071609, 41.14654296918761], [-7.980585853287531, 41.145874759747805], [-7.981048497392516, 41.14582979108459], [-7.981222076784568, 41.14687254525114], [-7.980826435647134, 41.14711636544156]]]}, "properties": {"ano": 2025, "ha": 1}}, {"type": "Feature", "geometry": {"type": "Polygon", "coordinates": [[[-7.948103678037614, 41.157648110234156], [-7.9473534442549125, 41.157746716425414], [-7.947525135547361, 41.157076814076696], [-7.9479678875815525, 41.15729497879461], [-7.948103678037614, 41.157648110234156]]]}, "properties": {"ano": 2025, "ha": 0}}, {"type": "Feature", "geometry": {"type": "Polygon", "coordinates": [[[-8.030737718742452, 41.17168436251846], [-8.030134381904428, 41.17230325023209], [-8.029609678757478, 41.17187500062056], [-8.030475448403012, 41.171417194724235], [-8.030737718742452, 41.17168436251846]]]}, "properties": {"ano": 2025, "ha": 1}}, {"type": "Feature", "geometry": {"type": "Polygon", "coordinates": [[[-7.945979033498793, 41.16868717731122], [-7.944543513602375, 41.167943486089385], [-7.944332992793029, 41.16766941213081], [-7.945189782865322, 41.16758242177306], [-7.945979033498793, 41.16868717731122]]]}, "properties": {"ano": 2025, "ha": 1}}, {"type": "Feature", "geometry": {"type": "Polygon", "coordinates": [[[-7.944397963468185, 41.15297401827041], [-7.944818939093755, 41.15337218069718], [-7.943792692168153, 41.15352200199065], [-7.943849893351261, 41.153311773276904], [-7.944397963468185, 41.15297401827041]]]}, "properties": {"ano": 2025, "ha": 0}}, {"type": "Feature", "geometry": {"type": "Polygon", "coordinates": [[[-7.902964571068005, 41.17715416770811], [-7.902059607100601, 41.17687290145429], [-7.90214390292942, 41.17653478343549], [-7.902885852469223, 41.17675575885879], [-7.902964571068005, 41.17715416770811]]]}, "properties": {"ano": 2025, "ha": 0}}, {"type": "Feature", "geometry": {"type": "Polygon", "coordinates": [[[-7.95987790246751, 41.165188323529364], [-7.956363742801135, 41.16282668998089], [-7.955791119931862, 41.16212739005176], [-7.955990062187026, 41.161407040769944], [-7.955523981503592, 41.16182323659889], [-7.955053413378159, 41.16097083747773], [-7.954801085829987, 41.16102405291938], [-7.954799854796333, 41.16148264754122], [-7.9533271112702915, 41.16112303315153], [-7.9535652884104575, 41.16047421872435], [-7.953055093683142, 41.15971704283202], [-7.953637212141273, 41.16010506934932], [-7.9542441645625335, 41.16005240225143], [-7.953898509756887, 41.159646875035726], [-7.953845820245624, 41.15872959967148], [-7.954738312150914, 41.157986495674514], [-7.9547552721878585, 41.157539836127164], [-7.9556629089884074, 41.157017111636456], [-7.955720504311668, 41.15610596113476], [-7.955295520158549, 41.15547748860941], [-7.9574400950355075, 41.15545938557155], [-7.95765158345509, 41.155942125084344], [-7.960460773469785, 41.15749483665968], [-7.960514745038624, 41.15798860985003], [-7.964369604004605, 41.16053207543383], [-7.962382721287721, 41.16089843798902], [-7.963254859934591, 41.16110582853546], [-7.963018575963964, 41.16166078433212], [-7.96147366762791, 41.161969147304546], [-7.960438892084161, 41.16288480990453], [-7.96059521267454, 41.163385329879105], [-7.961329453394213, 41.16352807230679], [-7.961904476270212, 41.16299418022323], [-7.963569901587745, 41.16274222491036], [-7.962895986887578, 41.163579303299045], [-7.961878931323196, 41.163732662119685], [-7.96127639679716, 41.165113520036385], [-7.962253641512748, 41.16512687120314], [-7.96177883148816, 41.165876604617324], [-7.960793309542418, 41.16601213240086], [-7.9609681959254255, 41.1654346779861], [-7.960574919801889, 41.16513034962899], [-7.960466192469241, 41.16451078588118], [-7.95987790246751, 41.165188323529364]]]}, "properties": {"ano": 2025, "ha": 52}}, {"type": "Feature", "geometry": {"type": "Polygon", "coordinates": [[[-7.922927039688804, 41.16938949557577], [-7.921849647860389, 41.169236945513276], [-7.921380230815969, 41.16874328203591], [-7.921091664662914, 41.16834577137415], [-7.9215995524329434, 41.16814137140415], [-7.9216007409794384, 41.16777177144967], [-7.920977557457373, 41.16721622309219], [-7.922980003413084, 41.16698718108867], [-7.923738541355245, 41.16770723228422], [-7.924580980527655, 41.16768138363122], [-7.924851775473538, 41.167976184815416], [-7.923836672757623, 41.16817967962278], [-7.922927039688804, 41.16938949557577]]]}, "properties": {"ano": 2025, "ha": 5}}, {"type": "Feature", "geometry": {"type": "Polygon", "coordinates": [[[-8.007042849211699, 41.1299209232019], [-8.00808182304896, 41.130675535223425], [-8.007501625991445, 41.130909477546346], [-8.007042849211699, 41.1299209232019]]]}, "properties": {"ano": 2025, "ha": 1}}, {"type": "Feature", "geometry": {"type": "Polygon", "coordinates": [[[-7.949928766666779, 41.1773991407853], [-7.949583524284625, 41.17775792513925], [-7.948287451702703, 41.17798514218577], [-7.948370645280756, 41.17739322967445], [-7.949305185362491, 41.17686770099359], [-7.949928766666779, 41.1773991407853]]]}, "properties": {"ano": 2025, "ha": 1}}, {"type": "Feature", "geometry": {"type": "Polygon", "coordinates": [[[-7.940198165511879, 41.16140321160287], [-7.939878105029953, 41.158241752062715], [-7.940541951785633, 41.1582131826139], [-7.94082532724618, 41.15745301266939], [-7.941725863282195, 41.158265112927], [-7.941787727695473, 41.15922629100577], [-7.944930118274301, 41.15851466475297], [-7.945430608420045, 41.15876561847907], [-7.945126177216843, 41.15940835354139], [-7.94731964384959, 41.15958340789432], [-7.9470445800745395, 41.15987599341747], [-7.9473000994638685, 41.16017444179892], [-7.946551705433106, 41.160275433638546], [-7.946345108454504, 41.160769902011786], [-7.94749504739413, 41.161113138304316], [-7.946993210193463, 41.16133389114316], [-7.947438079716139, 41.16202839444942], [-7.946602436516177, 41.162070378902065], [-7.947732416322958, 41.16269503467925], [-7.948142086026992, 41.16258965773844], [-7.948313723536636, 41.16194400167743], [-7.948560361953184, 41.162308377356005], [-7.949072449548123, 41.161801755084184], [-7.949797701923294, 41.16208345187181], [-7.951726622663137, 41.164727247769996], [-7.949823695830079, 41.16592778759516], [-7.950615151077016, 41.16673689551704], [-7.952248099908997, 41.166683868231864], [-7.95348759081929, 41.167361478443844], [-7.953360372351011, 41.16697400753304], [-7.95378685336566, 41.16703354913679], [-7.95381615262647, 41.16669054092263], [-7.9543724458006535, 41.16732747584357], [-7.954059067684288, 41.16779869281592], [-7.954289555015022, 41.16965637050493], [-7.952911858052575, 41.171146106751664], [-7.9543811689993325, 41.171115374339074], [-7.954588311738001, 41.171465893195396], [-7.952497869371325, 41.17151269401204], [-7.952023603247036, 41.172005095678244], [-7.950316523188425, 41.17143688667052], [-7.95017425297914, 41.17093424536002], [-7.949621348059811, 41.17066858904371], [-7.94951853156924, 41.16984231905958], [-7.9475274268961185, 41.170130383361716], [-7.94514533296058, 41.16744697129526], [-7.943320145584686, 41.16774719054528], [-7.9417780252146635, 41.167465256307636], [-7.940694345256502, 41.16803640794151], [-7.94098217321147, 41.16837062258822], [-7.940028140279856, 41.1686242767431], [-7.939994320134419, 41.16753906615603], [-7.938441725863918, 41.1670691197427], [-7.939043889521139, 41.16664649207761], [-7.941662627543806, 41.16618221773458], [-7.942007627132701, 41.16571754119571], [-7.94067727703916, 41.165192217517436], [-7.940280875668008, 41.16543008575708], [-7.940174286006552, 41.16473901455949], [-7.939276832099108, 41.16439446652811], [-7.940349699986505, 41.163178430093005], [-7.939640982393581, 41.16275842149342], [-7.940010601296035, 41.162487451784344], [-7.940491459582054, 41.1630404185889], [-7.940757231479921, 41.16246384172792], [-7.940198165511879, 41.16140321160287]], [[-7.941431937925515, 41.16480541895027], [-7.941819466421102, 41.164884674026816], [-7.942019923878076, 41.16424177770621], [-7.941386343479242, 41.1642192935781], [-7.941431937925515, 41.16480541895027]]]}, "properties": {"ano": 2025, "ha": 101}}, {"type": "Feature", "geometry": {"type": "Polygon", "coordinates": [[[-7.924265685783594, 41.16666910618604], [-7.92418079105409, 41.166902879362674], [-7.923859672822004, 41.166793877583764], [-7.923920038116114, 41.16657123271239], [-7.924265685783594, 41.16666910618604]]]}, "properties": {"ano": 2025, "ha": 0}}, {"type": "Feature", "geometry": {"type": "Polygon", "coordinates": [[[-7.981123173632476, 41.12342167258663], [-7.980462240051276, 41.12380676858873], [-7.980942114750315, 41.1246206391121], [-7.979167245861665, 41.124550722703255], [-7.977758496065289, 41.12575491635816], [-7.976644770931807, 41.12541096873776], [-7.975919260939027, 41.125779257483764], [-7.97513287845908, 41.12524217038362], [-7.974030570723769, 41.125975103864775], [-7.972949718518679, 41.12581095746197], [-7.970979263343666, 41.12635021866842], [-7.970641949511069, 41.12578394450935], [-7.97132839517037, 41.12529651900026], [-7.97091919507634, 41.125141098892335], [-7.97117981437729, 41.124855580092124], [-7.970197534771485, 41.1234239099058], [-7.970926461580898, 41.12215723047735], [-7.970305342244019, 41.121709675700004], [-7.972128600680265, 41.12091710149966], [-7.972858495401181, 41.1212661650197], [-7.975153585545919, 41.121313886685115], [-7.976015651740986, 41.12164603080013], [-7.976103635519662, 41.121074386745136], [-7.97644123789473, 41.121527485173345], [-7.977118382445957, 41.12161177341497], [-7.977394668482353, 41.1210661124597], [-7.97767090000845, 41.121100307058484], [-7.977624631517579, 41.12067737983094], [-7.978065655938766, 41.12068987715456], [-7.978025194360766, 41.12115437985511], [-7.978394647358172, 41.12146457443288], [-7.978695633802361, 41.12073240298489], [-7.978970135037743, 41.12123305644716], [-7.979977401239109, 41.121609599417525], [-7.979902256334281, 41.12208988190683], [-7.978841098923595, 41.12253721653268], [-7.978108755318575, 41.12247668902034], [-7.977367267976985, 41.12295812617462], [-7.976880075344998, 41.12247505283309], [-7.976823181641813, 41.123225412789644], [-7.977570827102822, 41.12348251259564], [-7.979559674040574, 41.123348120339806], [-7.980356255989817, 41.12367574771586], [-7.981123173632476, 41.12342167258663]], [[-7.9744716233921995, 41.12508642148904], [-7.975228483140704, 41.12478369925368], [-7.975000674741581, 41.12452728988266], [-7.9744716233921995, 41.12508642148904]]]}, "properties": {"ano": 2025, "ha": 35}}, {"type": "Feature", "geometry": {"type": "Polygon", "coordinates": [[[-7.950083808290727, 41.1385833923364], [-7.950616970456748, 41.13831593008622], [-7.951259898710072, 41.138729550563504], [-7.950425379567661, 41.13896241425386], [-7.950083808290727, 41.1385833923364]]]}, "properties": {"ano": 2025, "ha": 0}}, {"type": "Feature", "geometry": {"type": "Polygon", "coordinates": [[[-7.942305365747921, 41.157247984866935], [-7.943692033508492, 41.157217694672084], [-7.944082439918853, 41.15761471160241], [-7.943997049802711, 41.158578362602476], [-7.942693089922929, 41.15918978280663], [-7.941787727695473, 41.15922629100577], [-7.941573282999106, 41.15885127859838], [-7.942064548756207, 41.15791545153692], [-7.941896558987149, 41.15762467884142], [-7.942305365747921, 41.157247984866935]]]}, "properties": {"ano": 2025, "ha": 3}}, {"type": "Feature", "geometry": {"type": "Polygon", "coordinates": [[[-8.006297176971445, 41.195323951005285], [-8.008035000508759, 41.195181999149696], [-8.00930962851466, 41.195992420451375], [-8.010041318516334, 41.19592702104371], [-8.009998999579805, 41.196812998707436], [-8.00787586523915, 41.196269737898554], [-8.00693000012883, 41.1956099985613], [-8.005010000279453, 41.195810998618235], [-8.00423699923184, 41.19555299971186], [-8.003669000571584, 41.19454399878232], [-8.00430200027609, 41.19392999918809], [-8.003771430413668, 41.19330806264618], [-8.004967000887953, 41.19359099866436], [-8.004762999933149, 41.193243998570445], [-8.005127999728527, 41.19312299936368], [-8.005374999740102, 41.19397099876273], [-8.006169000160801, 41.19417299911848], [-8.006297176971445, 41.195323951005285]]]}, "properties": {"ano": 2025, "ha": 7}}]}